G21 G90
; Multi-pass G-Code
; Depth: 3mm, StepDown: 3mm, Feed: 1200mm/min, Plunge: 400mm/min
G0 Z5.000
M3 S1000

; --- Shape: PATH ---
; Target Depth: 3mm, Steps: 1
; Pass 1/1 at Z-3.000
G0 X17.741 Y-57.200
G1 Z-3.000 F400.0
G1 X712.172 Y-57.200 F1200
G1 X712.172 Y-17.511 F1200
G1 X17.741 Y-17.511 F1200
G1 X17.741 Y-57.200 F1200
; --- Shape: PATH ---
; Target Depth: 3mm, Steps: 1
; Pass 1/1 at Z-3.000
G0 Z5.000
G0 X15.271 Y-57.200
G1 Z-3.000 F400.0
G1 X709.920 Y-57.200 F1200
G1 X709.920 Y-17.558 F1200
G1 X15.271 Y-17.558 F1200
G1 X15.271 Y-57.200 F1200
; --- Shape: PATH ---
; Target Depth: 3mm, Steps: 1
; Pass 1/1 at Z-3.000
G0 Z5.000
G0 X50.028 Y-18.509
G1 Z-3.000 F400.0
G1 X50.028 Y-17.433 F1200
G1 X33.062 Y-17.433 F1200
G1 X33.062 Y-18.509 F1200
G1 X34.466 Y-18.509 F1200
G1 X34.865 Y-18.519 F1200
G1 X35.476 Y-18.554 F1200
G1 X36.033 Y-18.617 F1200
G1 X36.414 Y-18.699 F1200
G1 X36.662 Y-18.794 F1200
G1 X36.856 Y-18.901 F1200
G1 X37.042 Y-19.023 F1200
G1 X37.235 Y-19.162 F1200
G1 X37.434 Y-19.322 F1200
G1 X37.637 Y-19.504 F1200
G1 X37.840 Y-19.709 F1200
G1 X38.034 Y-19.936 F1200
G1 X38.145 Y-20.110 F1200
G1 X38.311 Y-20.421 F1200
G1 X38.456 Y-20.772 F1200
G1 X38.547 Y-21.098 F1200
G1 X38.597 Y-21.401 F1200
G1 X38.629 Y-21.709 F1200
G1 X38.655 Y-22.047 F1200
G1 X38.679 Y-22.427 F1200
G1 X38.701 Y-22.853 F1200
G1 X38.718 Y-23.330 F1200
G1 X38.730 Y-23.858 F1200
G1 X38.735 Y-24.432 F1200
G1 X38.735 Y-50.018 F1200
G1 X38.732 Y-50.505 F1200
G1 X38.723 Y-51.245 F1200
G1 X38.707 Y-51.911 F1200
G1 X38.685 Y-52.356 F1200
G1 X38.660 Y-52.633 F1200
G1 X38.631 Y-52.841 F1200
G1 X38.599 Y-53.036 F1200
G1 X38.561 Y-53.232 F1200
G1 X38.518 Y-53.431 F1200
G1 X38.469 Y-53.629 F1200
G1 X38.413 Y-53.819 F1200
G1 X38.351 Y-53.992 F1200
G1 X38.299 Y-54.113 F1200
G1 X38.207 Y-54.300 F1200
G1 X38.107 Y-54.475 F1200
G1 X38.018 Y-54.600 F1200
G1 X37.937 Y-54.687 F1200
G1 X37.856 Y-54.759 F1200
G1 X37.768 Y-54.831 F1200
G1 X37.669 Y-54.907 F1200
G1 X37.558 Y-54.988 F1200
G1 X37.435 Y-55.073 F1200
G1 X37.299 Y-55.161 F1200
G1 X37.151 Y-55.250 F1200
G1 X36.935 Y-55.361 F1200
G1 X36.592 Y-55.527 F1200
G1 X36.263 Y-55.672 F1200
G1 X36.015 Y-55.763 F1200
G1 X35.831 Y-55.813 F1200
G1 X35.669 Y-55.845 F1200
G1 X35.502 Y-55.871 F1200
G1 X35.322 Y-55.895 F1200
G1 X35.128 Y-55.917 F1200
G1 X34.918 Y-55.934 F1200
G1 X34.696 Y-55.946 F1200
G1 X34.466 Y-55.951 F1200
G1 X33.062 Y-55.951 F1200
G1 X33.062 Y-57.028 F1200
G1 X50.028 Y-57.028 F1200
G1 X50.028 Y-55.951 F1200
G1 X48.601 Y-55.951 F1200
G1 X48.205 Y-55.941 F1200
G1 X47.599 Y-55.906 F1200
G1 X47.047 Y-55.843 F1200
G1 X46.668 Y-55.761 F1200
G1 X46.423 Y-55.666 F1200
G1 X46.231 Y-55.559 F1200
G1 X46.046 Y-55.438 F1200
G1 X45.856 Y-55.298 F1200
G1 X45.659 Y-55.139 F1200
G1 X45.458 Y-54.957 F1200
G1 X45.258 Y-54.752 F1200
G1 X45.067 Y-54.525 F1200
G1 X44.950 Y-54.351 F1200
G1 X44.777 Y-54.040 F1200
G1 X44.626 Y-53.690 F1200
G1 X44.532 Y-53.363 F1200
G1 X44.481 Y-53.061 F1200
G1 X44.449 Y-52.752 F1200
G1 X44.423 Y-52.414 F1200
G1 X44.399 Y-52.035 F1200
G1 X44.377 Y-51.608 F1200
G1 X44.360 Y-51.131 F1200
G1 X44.348 Y-50.603 F1200
G1 X44.343 Y-50.029 F1200
G1 X44.343 Y-24.444 F1200
G1 X44.349 Y-23.817 F1200
G1 X44.371 Y-22.869 F1200
G1 X44.410 Y-22.026 F1200
G1 X44.460 Y-21.473 F1200
G1 X44.518 Y-21.142 F1200
G1 X44.584 Y-20.904 F1200
G1 X44.658 Y-20.687 F1200
G1 X44.743 Y-20.473 F1200
G1 X44.841 Y-20.261 F1200
G1 X44.952 Y-20.057 F1200
G1 X45.077 Y-19.869 F1200
G1 X45.215 Y-19.709 F1200
G1 X45.425 Y-19.517 F1200
G1 X45.770 Y-19.230 F1200
G1 X46.119 Y-18.981 F1200
G1 X46.403 Y-18.825 F1200
G1 X46.633 Y-18.741 F1200
G1 X46.851 Y-18.687 F1200
G1 X47.081 Y-18.642 F1200
G1 X47.334 Y-18.602 F1200
G1 X47.612 Y-18.566 F1200
G1 X47.918 Y-18.537 F1200
G1 X48.249 Y-18.517 F1200
G1 X48.601 Y-18.509 F1200
G1 X50.028 Y-18.509 F1200
; --- Shape: PATH ---
; Target Depth: 3mm, Steps: 1
; Pass 1/1 at Z-3.000
G0 Z5.000
G0 X54.521 Y-17.563
G1 Z-3.000 F400.0
G1 X54.521 Y-19.271 F1200
G1 X55.683 Y-19.405 F1200
G1 X57.343 Y-19.621 F1200
G1 X58.689 Y-19.855 F1200
G1 X59.413 Y-20.085 F1200
G1 X59.697 Y-20.339 F1200
G1 X59.802 Y-20.654 F1200
G1 X59.862 Y-21.061 F1200
G1 X59.912 Y-21.582 F1200
G1 X59.956 Y-22.239 F1200
G1 X59.993 Y-23.056 F1200
G1 X60.018 Y-24.053 F1200
G1 X60.027 Y-25.247 F1200
G1 X60.027 Y-49.457 F1200
G1 X60.014 Y-50.667 F1200
G1 X59.960 Y-52.388 F1200
G1 X59.844 Y-53.773 F1200
G1 X59.660 Y-54.511 F1200
G1 X59.407 Y-54.796 F1200
G1 X59.078 Y-54.905 F1200
G1 X58.657 Y-54.978 F1200
G1 X58.128 Y-55.056 F1200
G1 X57.468 Y-55.145 F1200
G1 X56.659 Y-55.248 F1200
G1 X55.681 Y-55.364 F1200
G1 X54.521 Y-55.495 F1200
G1 X54.521 Y-57.203 F1200
G1 X70.919 Y-57.203 F1200
G1 X70.919 Y-55.495 F1200
G1 X69.743 Y-55.361 F1200
G1 X68.063 Y-55.144 F1200
G1 X66.702 Y-54.910 F1200
G1 X65.969 Y-54.679 F1200
G1 X65.682 Y-54.422 F1200
G1 X65.576 Y-54.104 F1200
G1 X65.516 Y-53.692 F1200
G1 X65.466 Y-53.165 F1200
G1 X65.422 Y-52.500 F1200
G1 X65.385 Y-51.674 F1200
G1 X65.360 Y-50.665 F1200
G1 X65.351 Y-49.457 F1200
G1 X65.351 Y-25.247 F1200
G1 X65.364 Y-24.038 F1200
G1 X65.418 Y-22.322 F1200
G1 X65.535 Y-20.944 F1200
G1 X65.721 Y-20.214 F1200
G1 X65.976 Y-19.936 F1200
G1 X66.309 Y-19.834 F1200
G1 X66.734 Y-19.767 F1200
G1 X67.270 Y-19.696 F1200
G1 X67.937 Y-19.612 F1200
G1 X68.755 Y-19.514 F1200
G1 X69.745 Y-19.400 F1200
G1 X70.919 Y-19.271 F1200
G1 X70.919 Y-17.563 F1200
G1 X54.521 Y-17.563 F1200
; --- Shape: PATH ---
; Target Depth: 3mm, Steps: 1
; Pass 1/1 at Z-3.000
G0 Z5.000
G0 X70.919 Y-17.563
G1 Z-3.000 F400.0
G1 X70.919 Y-19.271 F1200
G1 X72.081 Y-19.405 F1200
G1 X73.742 Y-19.621 F1200
G1 X75.087 Y-19.855 F1200
G1 X75.812 Y-20.085 F1200
G1 X76.096 Y-20.339 F1200
G1 X76.201 Y-20.654 F1200
G1 X76.261 Y-21.061 F1200
G1 X76.311 Y-21.582 F1200
G1 X76.355 Y-22.239 F1200
G1 X76.392 Y-23.056 F1200
G1 X76.417 Y-24.053 F1200
G1 X76.426 Y-25.247 F1200
G1 X76.426 Y-49.457 F1200
G1 X76.413 Y-50.667 F1200
G1 X76.359 Y-52.388 F1200
G1 X76.243 Y-53.773 F1200
G1 X76.059 Y-54.511 F1200
G1 X75.806 Y-54.796 F1200
G1 X75.477 Y-54.905 F1200
G1 X75.056 Y-54.978 F1200
G1 X74.526 Y-55.056 F1200
G1 X73.867 Y-55.145 F1200
G1 X73.057 Y-55.248 F1200
G1 X72.080 Y-55.364 F1200
G1 X70.919 Y-55.495 F1200
G1 X70.919 Y-57.203 F1200
G1 X87.318 Y-57.203 F1200
G1 X87.318 Y-55.495 F1200
G1 X86.142 Y-55.361 F1200
G1 X84.462 Y-55.144 F1200
G1 X83.100 Y-54.910 F1200
G1 X82.368 Y-54.679 F1200
G1 X82.081 Y-54.422 F1200
G1 X81.975 Y-54.104 F1200
G1 X81.914 Y-53.692 F1200
G1 X81.864 Y-53.165 F1200
G1 X81.820 Y-52.500 F1200
G1 X81.783 Y-51.674 F1200
G1 X81.758 Y-50.665 F1200
G1 X81.749 Y-49.457 F1200
G1 X81.749 Y-25.247 F1200
G1 X81.762 Y-24.038 F1200
G1 X81.816 Y-22.322 F1200
G1 X81.933 Y-20.944 F1200
G1 X82.119 Y-20.214 F1200
G1 X82.374 Y-19.936 F1200
G1 X82.707 Y-19.834 F1200
G1 X83.133 Y-19.767 F1200
G1 X83.669 Y-19.696 F1200
G1 X84.336 Y-19.612 F1200
G1 X85.154 Y-19.514 F1200
G1 X86.144 Y-19.400 F1200
G1 X87.318 Y-19.271 F1200
G1 X87.318 Y-17.563 F1200
G1 X70.919 Y-17.563 F1200
; --- Shape: PATH ---
; Target Depth: 3mm, Steps: 1
; Pass 1/1 at Z-3.000
G0 Z5.000
G0 X140.836 Y-55.353
G1 Z-3.000 F400.0
G1 X140.836 Y-57.059 F1200
G1 X91.748 Y-57.059 F1200
G1 X91.748 Y-55.353 F1200
G1 X92.908 Y-55.219 F1200
G1 X94.565 Y-55.002 F1200
G1 X95.907 Y-54.768 F1200
G1 X96.631 Y-54.536 F1200
G1 X96.914 Y-54.280 F1200
G1 X97.019 Y-53.962 F1200
G1 X97.079 Y-53.551 F1200
G1 X97.129 Y-53.024 F1200
G1 X97.173 Y-52.359 F1200
G1 X97.210 Y-51.534 F1200
G1 X97.235 Y-50.525 F1200
G1 X97.244 Y-49.318 F1200
G1 X97.244 Y-25.117 F1200
G1 X97.231 Y-23.921 F1200
G1 X97.177 Y-22.221 F1200
G1 X97.061 Y-20.853 F1200
G1 X96.878 Y-20.124 F1200
G1 X96.625 Y-19.842 F1200
G1 X96.296 Y-19.734 F1200
G1 X95.877 Y-19.660 F1200
G1 X95.348 Y-19.583 F1200
G1 X94.689 Y-19.493 F1200
G1 X93.882 Y-19.391 F1200
G1 X92.906 Y-19.274 F1200
G1 X91.748 Y-19.143 F1200
G1 X91.748 Y-17.437 F1200
G1 X140.837 Y-17.437 F1200
G1 X140.837 Y-19.143 F1200
G1 X139.663 Y-19.276 F1200
G1 X137.987 Y-19.489 F1200
G1 X136.629 Y-19.717 F1200
G1 X135.898 Y-19.941 F1200
G1 X135.611 Y-20.190 F1200
G1 X135.506 Y-20.501 F1200
G1 X135.446 Y-20.905 F1200
G1 X135.396 Y-21.425 F1200
G1 X135.352 Y-22.085 F1200
G1 X135.315 Y-22.906 F1200
G1 X135.290 Y-23.911 F1200
G1 X135.281 Y-25.117 F1200
G1 X135.281 Y-49.318 F1200
G1 X135.294 Y-50.528 F1200
G1 X135.348 Y-52.247 F1200
G1 X135.465 Y-53.632 F1200
G1 X135.650 Y-54.369 F1200
G1 X135.904 Y-54.654 F1200
G1 X136.236 Y-54.763 F1200
G1 X136.660 Y-54.836 F1200
G1 X137.195 Y-54.914 F1200
G1 X137.860 Y-55.003 F1200
G1 X138.677 Y-55.106 F1200
G1 X139.664 Y-55.222 F1200
G1 X140.836 Y-55.353 F1200
G1 X140.836 Y-55.353 F1200
G0 Z5.000
G0 X113.606 Y-25.117
G1 Z-3.000 F400.0
G1 X113.593 Y-23.921 F1200
G1 X113.539 Y-22.221 F1200
G1 X113.423 Y-20.853 F1200
G1 X113.239 Y-20.124 F1200
G1 X112.987 Y-19.842 F1200
G1 X112.658 Y-19.734 F1200
G1 X112.238 Y-19.660 F1200
G1 X111.709 Y-19.583 F1200
G1 X111.051 Y-19.493 F1200
G1 X110.243 Y-19.391 F1200
G1 X109.268 Y-19.274 F1200
G1 X108.110 Y-19.143 F1200
G1 X106.936 Y-19.276 F1200
G1 X105.260 Y-19.489 F1200
G1 X103.902 Y-19.717 F1200
G1 X103.171 Y-19.941 F1200
G1 X102.885 Y-20.190 F1200
G1 X102.779 Y-20.501 F1200
G1 X102.719 Y-20.905 F1200
G1 X102.670 Y-21.425 F1200
G1 X102.625 Y-22.085 F1200
G1 X102.589 Y-22.906 F1200
G1 X102.564 Y-23.911 F1200
G1 X102.555 Y-25.117 F1200
G1 X102.555 Y-49.318 F1200
G1 X102.568 Y-50.528 F1200
G1 X102.622 Y-52.247 F1200
G1 X102.739 Y-53.632 F1200
G1 X102.924 Y-54.369 F1200
G1 X103.178 Y-54.654 F1200
G1 X103.510 Y-54.763 F1200
G1 X103.934 Y-54.836 F1200
G1 X104.469 Y-54.914 F1200
G1 X105.134 Y-55.003 F1200
G1 X105.951 Y-55.106 F1200
G1 X106.938 Y-55.222 F1200
G1 X108.110 Y-55.353 F1200
G1 X109.270 Y-55.219 F1200
G1 X110.926 Y-55.002 F1200
G1 X112.269 Y-54.768 F1200
G1 X112.992 Y-54.536 F1200
G1 X113.276 Y-54.280 F1200
G1 X113.381 Y-53.962 F1200
G1 X113.441 Y-53.551 F1200
G1 X113.491 Y-53.024 F1200
G1 X113.535 Y-52.359 F1200
G1 X113.572 Y-51.534 F1200
G1 X113.597 Y-50.525 F1200
G1 X113.606 Y-49.318 F1200
G1 X113.606 Y-25.117 F1200
G0 Z5.000
G0 X129.968 Y-25.117
G1 Z-3.000 F400.0
G1 X129.955 Y-23.921 F1200
G1 X129.901 Y-22.221 F1200
G1 X129.785 Y-20.853 F1200
G1 X129.602 Y-20.124 F1200
G1 X129.349 Y-19.842 F1200
G1 X129.021 Y-19.734 F1200
G1 X128.601 Y-19.660 F1200
G1 X128.072 Y-19.583 F1200
G1 X127.414 Y-19.493 F1200
G1 X126.607 Y-19.391 F1200
G1 X125.632 Y-19.274 F1200
G1 X124.474 Y-19.143 F1200
G1 X123.300 Y-19.276 F1200
G1 X121.623 Y-19.489 F1200
G1 X120.265 Y-19.717 F1200
G1 X119.534 Y-19.941 F1200
G1 X119.248 Y-20.190 F1200
G1 X119.142 Y-20.501 F1200
G1 X119.082 Y-20.905 F1200
G1 X119.033 Y-21.425 F1200
G1 X118.988 Y-22.085 F1200
G1 X118.952 Y-22.906 F1200
G1 X118.927 Y-23.911 F1200
G1 X118.918 Y-25.117 F1200
G1 X118.918 Y-49.318 F1200
G1 X118.931 Y-50.528 F1200
G1 X118.985 Y-52.247 F1200
G1 X119.102 Y-53.632 F1200
G1 X119.287 Y-54.369 F1200
G1 X119.541 Y-54.654 F1200
G1 X119.873 Y-54.763 F1200
G1 X120.298 Y-54.836 F1200
G1 X120.832 Y-54.914 F1200
G1 X121.498 Y-55.003 F1200
G1 X122.315 Y-55.106 F1200
G1 X123.302 Y-55.222 F1200
G1 X124.474 Y-55.353 F1200
G1 X125.633 Y-55.219 F1200
G1 X127.290 Y-55.002 F1200
G1 X128.632 Y-54.768 F1200
G1 X129.355 Y-54.536 F1200
G1 X129.638 Y-54.280 F1200
G1 X129.743 Y-53.962 F1200
G1 X129.803 Y-53.551 F1200
G1 X129.853 Y-53.024 F1200
G1 X129.897 Y-52.359 F1200
G1 X129.934 Y-51.534 F1200
G1 X129.959 Y-50.525 F1200
G1 X129.968 Y-49.318 F1200
G1 X129.968 Y-25.117 F1200
; --- Shape: PATH ---
; Target Depth: 3mm, Steps: 1
; Pass 1/1 at Z-3.000
G0 Z5.000
G0 X161.445 Y-55.291
G1 Z-3.000 F400.0
G1 X161.367 Y-55.291 F1200
G1 X161.106 Y-55.291 F1200
G1 X160.683 Y-55.291 F1200
G1 X160.191 Y-55.291 F1200
G1 X159.705 Y-55.291 F1200
G1 X159.245 Y-55.291 F1200
G1 X158.812 Y-55.291 F1200
G1 X158.410 Y-55.291 F1200
G1 X158.052 Y-55.291 F1200
G1 X157.758 Y-55.291 F1200
G1 X157.556 Y-55.291 F1200
G1 X157.480 Y-55.291 F1200
G1 X157.239 Y-55.281 F1200
G1 X156.880 Y-55.243 F1200
G1 X156.567 Y-55.177 F1200
G1 X156.372 Y-55.090 F1200
G1 X156.265 Y-54.990 F1200
G1 X156.197 Y-54.878 F1200
G1 X156.141 Y-54.750 F1200
G1 X156.090 Y-54.603 F1200
G1 X156.045 Y-54.435 F1200
G1 X156.007 Y-54.243 F1200
G1 X155.982 Y-54.027 F1200
G1 X155.972 Y-53.788 F1200
G1 X155.972 Y-20.715 F1200
G1 X155.982 Y-20.475 F1200
G1 X156.020 Y-20.116 F1200
G1 X156.087 Y-19.804 F1200
G1 X156.174 Y-19.610 F1200
G1 X156.274 Y-19.504 F1200
G1 X156.387 Y-19.436 F1200
G1 X156.515 Y-19.380 F1200
G1 X156.662 Y-19.329 F1200
G1 X156.831 Y-19.284 F1200
G1 X157.023 Y-19.247 F1200
G1 X157.240 Y-19.222 F1200
G1 X157.480 Y-19.212 F1200
G1 X157.530 Y-19.212 F1200
G1 X157.700 Y-19.212 F1200
G1 X157.983 Y-19.212 F1200
G1 X158.320 Y-19.212 F1200
G1 X158.670 Y-19.212 F1200
G1 X159.019 Y-19.212 F1200
G1 X159.370 Y-19.212 F1200
G1 X159.726 Y-19.212 F1200
G1 X160.083 Y-19.212 F1200
G1 X160.431 Y-19.212 F1200
G1 X160.759 Y-19.212 F1200
G1 X161.049 Y-19.212 F1200
G1 X161.079 Y-19.211 F1200
G1 X161.126 Y-19.207 F1200
G1 X161.170 Y-19.201 F1200
G1 X161.202 Y-19.193 F1200
G1 X161.225 Y-19.184 F1200
G1 X161.244 Y-19.173 F1200
G1 X161.262 Y-19.162 F1200
G1 X161.282 Y-19.149 F1200
G1 X161.303 Y-19.134 F1200
G1 X161.324 Y-19.118 F1200
G1 X161.346 Y-19.099 F1200
G1 X161.368 Y-19.079 F1200
G1 X161.389 Y-19.057 F1200
G1 X161.420 Y-19.022 F1200
G1 X161.447 Y-18.986 F1200
G1 X161.464 Y-18.958 F1200
G1 X161.474 Y-18.935 F1200
G1 X161.480 Y-18.915 F1200
G1 X161.485 Y-18.893 F1200
G1 X161.490 Y-18.870 F1200
G1 X161.494 Y-18.845 F1200
G1 X161.498 Y-18.818 F1200
G1 X161.500 Y-18.790 F1200
G1 X161.501 Y-18.760 F1200
G1 X161.501 Y-18.691 F1200
G1 X161.501 Y-18.580 F1200
G1 X161.501 Y-18.471 F1200
G1 X161.501 Y-18.386 F1200
G1 X161.501 Y-18.322 F1200
G1 X161.501 Y-18.265 F1200
G1 X161.501 Y-18.208 F1200
G1 X161.501 Y-18.147 F1200
G1 X161.501 Y-18.084 F1200
G1 X161.501 Y-18.017 F1200
G1 X161.501 Y-17.948 F1200
G1 X161.501 Y-17.880 F1200
G1 X161.500 Y-17.850 F1200
G1 X161.497 Y-17.804 F1200
G1 X161.490 Y-17.760 F1200
G1 X161.483 Y-17.728 F1200
G1 X161.473 Y-17.705 F1200
G1 X161.463 Y-17.686 F1200
G1 X161.452 Y-17.667 F1200
G1 X161.439 Y-17.647 F1200
G1 X161.424 Y-17.626 F1200
G1 X161.407 Y-17.605 F1200
G1 X161.389 Y-17.583 F1200
G1 X161.368 Y-17.561 F1200
G1 X161.346 Y-17.541 F1200
G1 X161.311 Y-17.510 F1200
G1 X161.275 Y-17.484 F1200
G1 X161.247 Y-17.467 F1200
G1 X161.224 Y-17.457 F1200
G1 X161.204 Y-17.451 F1200
G1 X161.182 Y-17.446 F1200
G1 X161.159 Y-17.441 F1200
G1 X161.134 Y-17.437 F1200
G1 X161.107 Y-17.433 F1200
G1 X161.079 Y-17.431 F1200
G1 X161.049 Y-17.430 F1200
G1 X160.303 Y-17.430 F1200
G1 X158.836 Y-17.430 F1200
G1 X157.070 Y-17.430 F1200
G1 X155.387 Y-17.430 F1200
G1 X153.889 Y-17.430 F1200
G1 X152.507 Y-17.430 F1200
G1 X151.174 Y-17.430 F1200
G1 X149.873 Y-17.430 F1200
G1 X148.627 Y-17.430 F1200
G1 X147.479 Y-17.430 F1200
G1 X146.495 Y-17.430 F1200
G1 X145.757 Y-17.430 F1200
G1 X145.727 Y-17.431 F1200
G1 X145.680 Y-17.434 F1200
G1 X145.636 Y-17.441 F1200
G1 X145.603 Y-17.448 F1200
G1 X145.581 Y-17.457 F1200
G1 X145.561 Y-17.467 F1200
G1 X145.542 Y-17.479 F1200
G1 X145.523 Y-17.492 F1200
G1 X145.502 Y-17.506 F1200
G1 X145.480 Y-17.522 F1200
G1 X145.458 Y-17.541 F1200
G1 X145.437 Y-17.561 F1200
G1 X145.416 Y-17.583 F1200
G1 X145.385 Y-17.619 F1200
G1 X145.358 Y-17.654 F1200
G1 X145.341 Y-17.683 F1200
G1 X145.331 Y-17.705 F1200
G1 X145.324 Y-17.726 F1200
G1 X145.319 Y-17.747 F1200
G1 X145.314 Y-17.770 F1200
G1 X145.310 Y-17.795 F1200
G1 X145.306 Y-17.822 F1200
G1 X145.304 Y-17.850 F1200
G1 X145.303 Y-17.880 F1200
G1 X145.303 Y-17.949 F1200
G1 X145.303 Y-18.060 F1200
G1 X145.303 Y-18.169 F1200
G1 X145.303 Y-18.254 F1200
G1 X145.303 Y-18.318 F1200
G1 X145.303 Y-18.375 F1200
G1 X145.303 Y-18.432 F1200
G1 X145.303 Y-18.493 F1200
G1 X145.303 Y-18.556 F1200
G1 X145.303 Y-18.623 F1200
G1 X145.303 Y-18.692 F1200
G1 X145.303 Y-18.760 F1200
G1 X145.304 Y-18.790 F1200
G1 X145.308 Y-18.837 F1200
G1 X145.314 Y-18.881 F1200
G1 X145.322 Y-18.913 F1200
G1 X145.331 Y-18.936 F1200
G1 X145.341 Y-18.955 F1200
G1 X145.353 Y-18.973 F1200
G1 X145.366 Y-18.993 F1200
G1 X145.381 Y-19.014 F1200
G1 X145.398 Y-19.035 F1200
G1 X145.416 Y-19.057 F1200
G1 X145.437 Y-19.079 F1200
G1 X145.459 Y-19.099 F1200
G1 X145.494 Y-19.130 F1200
G1 X145.530 Y-19.157 F1200
G1 X145.558 Y-19.174 F1200
G1 X145.581 Y-19.184 F1200
G1 X145.601 Y-19.190 F1200
G1 X145.623 Y-19.196 F1200
G1 X145.646 Y-19.201 F1200
G1 X145.671 Y-19.205 F1200
G1 X145.699 Y-19.209 F1200
G1 X145.727 Y-19.211 F1200
G1 X145.757 Y-19.212 F1200
G1 X146.048 Y-19.212 F1200
G1 X146.554 Y-19.212 F1200
G1 X147.094 Y-19.212 F1200
G1 X147.545 Y-19.212 F1200
G1 X147.901 Y-19.212 F1200
G1 X148.203 Y-19.212 F1200
G1 X148.479 Y-19.212 F1200
G1 X148.735 Y-19.212 F1200
G1 X148.963 Y-19.212 F1200
G1 X149.149 Y-19.212 F1200
G1 X149.278 Y-19.212 F1200
G1 X149.326 Y-19.212 F1200
G1 X149.567 Y-19.222 F1200
G1 X149.925 Y-19.260 F1200
G1 X150.238 Y-19.326 F1200
G1 X150.433 Y-19.413 F1200
G1 X150.540 Y-19.512 F1200
G1 X150.608 Y-19.625 F1200
G1 X150.664 Y-19.753 F1200
G1 X150.715 Y-19.900 F1200
G1 X150.760 Y-20.068 F1200
G1 X150.798 Y-20.259 F1200
G1 X150.823 Y-20.475 F1200
G1 X150.833 Y-20.715 F1200
G1 X150.833 Y-53.788 F1200
G1 X150.823 Y-54.028 F1200
G1 X150.785 Y-54.386 F1200
G1 X150.718 Y-54.698 F1200
G1 X150.631 Y-54.893 F1200
G1 X150.531 Y-54.999 F1200
G1 X150.418 Y-55.067 F1200
G1 X150.290 Y-55.123 F1200
G1 X150.143 Y-55.173 F1200
G1 X149.974 Y-55.219 F1200
G1 X149.782 Y-55.256 F1200
G1 X149.566 Y-55.281 F1200
G1 X149.326 Y-55.291 F1200
G1 X149.276 Y-55.291 F1200
G1 X149.106 Y-55.291 F1200
G1 X148.823 Y-55.291 F1200
G1 X148.485 Y-55.291 F1200
G1 X148.136 Y-55.291 F1200
G1 X147.786 Y-55.291 F1200
G1 X147.435 Y-55.291 F1200
G1 X147.079 Y-55.291 F1200
G1 X146.723 Y-55.291 F1200
G1 X146.374 Y-55.291 F1200
G1 X146.046 Y-55.291 F1200
G1 X145.757 Y-55.291 F1200
G1 X145.727 Y-55.292 F1200
G1 X145.680 Y-55.296 F1200
G1 X145.636 Y-55.302 F1200
G1 X145.603 Y-55.310 F1200
G1 X145.581 Y-55.319 F1200
G1 X145.561 Y-55.330 F1200
G1 X145.542 Y-55.341 F1200
G1 X145.523 Y-55.354 F1200
G1 X145.502 Y-55.369 F1200
G1 X145.480 Y-55.385 F1200
G1 X145.458 Y-55.404 F1200
G1 X145.437 Y-55.424 F1200
G1 X145.416 Y-55.446 F1200
G1 X145.385 Y-55.481 F1200
G1 X145.358 Y-55.517 F1200
G1 X145.341 Y-55.545 F1200
G1 X145.331 Y-55.568 F1200
G1 X145.324 Y-55.588 F1200
G1 X145.319 Y-55.610 F1200
G1 X145.314 Y-55.633 F1200
G1 X145.310 Y-55.658 F1200
G1 X145.306 Y-55.684 F1200
G1 X145.304 Y-55.713 F1200
G1 X145.303 Y-55.742 F1200
G1 X145.303 Y-55.811 F1200
G1 X145.303 Y-55.922 F1200
G1 X145.303 Y-56.032 F1200
G1 X145.303 Y-56.116 F1200
G1 X145.303 Y-56.180 F1200
G1 X145.303 Y-56.237 F1200
G1 X145.303 Y-56.295 F1200
G1 X145.303 Y-56.355 F1200
G1 X145.303 Y-56.419 F1200
G1 X145.303 Y-56.486 F1200
G1 X145.303 Y-56.555 F1200
G1 X145.303 Y-56.623 F1200
G1 X145.304 Y-56.652 F1200
G1 X145.308 Y-56.699 F1200
G1 X145.314 Y-56.743 F1200
G1 X145.322 Y-56.775 F1200
G1 X145.331 Y-56.797 F1200
G1 X145.341 Y-56.817 F1200
G1 X145.353 Y-56.836 F1200
G1 X145.366 Y-56.855 F1200
G1 X145.381 Y-56.876 F1200
G1 X145.398 Y-56.898 F1200
G1 X145.416 Y-56.920 F1200
G1 X145.437 Y-56.941 F1200
G1 X145.459 Y-56.961 F1200
G1 X145.494 Y-56.992 F1200
G1 X145.530 Y-57.019 F1200
G1 X145.558 Y-57.036 F1200
G1 X145.581 Y-57.046 F1200
G1 X145.601 Y-57.052 F1200
G1 X145.623 Y-57.057 F1200
G1 X145.646 Y-57.062 F1200
G1 X145.671 Y-57.066 F1200
G1 X145.699 Y-57.070 F1200
G1 X145.727 Y-57.072 F1200
G1 X145.757 Y-57.073 F1200
G1 X147.006 Y-57.073 F1200
G1 X149.641 Y-57.073 F1200
G1 X153.001 Y-57.073 F1200
G1 X156.350 Y-57.073 F1200
G1 X159.414 Y-57.073 F1200
G1 X162.259 Y-57.073 F1200
G1 X164.986 Y-57.073 F1200
G1 X167.611 Y-57.073 F1200
G1 X170.083 Y-57.073 F1200
G1 X172.298 Y-57.073 F1200
G1 X174.113 Y-57.073 F1200
G1 X175.347 Y-57.073 F1200
G1 X175.377 Y-57.072 F1200
G1 X175.424 Y-57.069 F1200
G1 X175.468 Y-57.062 F1200
G1 X175.500 Y-57.055 F1200
G1 X175.523 Y-57.046 F1200
G1 X175.542 Y-57.035 F1200
G1 X175.561 Y-57.024 F1200
G1 X175.580 Y-57.011 F1200
G1 X175.601 Y-56.997 F1200
G1 X175.623 Y-56.980 F1200
G1 X175.645 Y-56.961 F1200
G1 X175.667 Y-56.941 F1200
G1 X175.687 Y-56.919 F1200
G1 X175.718 Y-56.884 F1200
G1 X175.745 Y-56.848 F1200
G1 X175.762 Y-56.820 F1200
G1 X175.772 Y-56.797 F1200
G1 X175.778 Y-56.777 F1200
G1 X175.783 Y-56.755 F1200
G1 X175.788 Y-56.732 F1200
G1 X175.792 Y-56.707 F1200
G1 X175.796 Y-56.681 F1200
G1 X175.798 Y-56.652 F1200
G1 X175.799 Y-56.623 F1200
G1 X175.799 Y-56.554 F1200
G1 X175.799 Y-56.443 F1200
G1 X175.799 Y-56.333 F1200
G1 X175.799 Y-56.249 F1200
G1 X175.799 Y-56.185 F1200
G1 X175.799 Y-56.128 F1200
G1 X175.799 Y-56.070 F1200
G1 X175.799 Y-56.010 F1200
G1 X175.799 Y-55.946 F1200
G1 X175.799 Y-55.879 F1200
G1 X175.799 Y-55.810 F1200
G1 X175.799 Y-55.742 F1200
G1 X175.795 Y-55.681 F1200
G1 X175.780 Y-55.587 F1200
G1 X175.756 Y-55.502 F1200
G1 X175.725 Y-55.444 F1200
G1 X175.690 Y-55.408 F1200
G1 X175.653 Y-55.382 F1200
G1 X175.613 Y-55.359 F1200
G1 X175.568 Y-55.339 F1200
G1 X175.519 Y-55.320 F1200
G1 X175.466 Y-55.305 F1200
G1 X175.408 Y-55.295 F1200
G1 X175.347 Y-55.291 F1200
G1 X175.076 Y-55.291 F1200
G1 X174.609 Y-55.291 F1200
G1 X174.115 Y-55.291 F1200
G1 X173.706 Y-55.291 F1200
G1 X173.386 Y-55.291 F1200
G1 X173.115 Y-55.291 F1200
G1 X172.869 Y-55.291 F1200
G1 X172.641 Y-55.291 F1200
G1 X172.438 Y-55.291 F1200
G1 X172.271 Y-55.291 F1200
G1 X172.156 Y-55.291 F1200
G1 X172.113 Y-55.291 F1200
G1 X171.984 Y-55.288 F1200
G1 X171.784 Y-55.278 F1200
G1 X171.598 Y-55.259 F1200
G1 X171.464 Y-55.235 F1200
G1 X171.372 Y-55.208 F1200
G1 X171.295 Y-55.176 F1200
G1 X171.218 Y-55.141 F1200
G1 X171.137 Y-55.100 F1200
G1 X171.051 Y-55.053 F1200
G1 X170.961 Y-55.000 F1200
G1 X170.867 Y-54.940 F1200
G1 X170.773 Y-54.874 F1200
G1 X170.684 Y-54.804 F1200
G1 X170.550 Y-54.690 F1200
G1 X170.434 Y-54.579 F1200
G1 X170.362 Y-54.493 F1200
G1 X170.322 Y-54.426 F1200
G1 X170.297 Y-54.366 F1200
G1 X170.277 Y-54.303 F1200
G1 X170.258 Y-54.234 F1200
G1 X170.241 Y-54.159 F1200
G1 X170.227 Y-54.078 F1200
G1 X170.218 Y-53.991 F1200
G1 X170.214 Y-53.900 F1200
G1 X170.216 Y-53.798 F1200
G1 X170.221 Y-53.637 F1200
G1 X170.231 Y-53.483 F1200
G1 X170.244 Y-53.368 F1200
G1 X170.259 Y-53.284 F1200
G1 X170.275 Y-53.211 F1200
G1 X170.294 Y-53.136 F1200
G1 X170.316 Y-53.056 F1200
G1 X170.341 Y-52.969 F1200
G1 X170.369 Y-52.876 F1200
G1 X170.401 Y-52.777 F1200
G1 X170.437 Y-52.676 F1200
G1 X170.437 Y-52.676 F1200
G1 X170.437 Y-52.676 F1200
G1 X170.437 Y-52.676 F1200
G1 X170.437 Y-52.676 F1200
G1 X170.437 Y-52.676 F1200
G1 X170.437 Y-52.676 F1200
G1 X170.437 Y-52.676 F1200
G1 X170.437 Y-52.676 F1200
G1 X170.437 Y-52.676 F1200
G1 X170.437 Y-52.675 F1200
G1 X170.437 Y-52.675 F1200
G1 X170.437 Y-52.675 F1200
G1 X170.581 Y-52.272 F1200
G1 X171.065 Y-50.916 F1200
G1 X171.861 Y-48.684 F1200
G1 X172.802 Y-46.045 F1200
G1 X173.760 Y-43.358 F1200
G1 X174.700 Y-40.723 F1200
G1 X175.625 Y-38.128 F1200
G1 X176.537 Y-35.570 F1200
G1 X177.421 Y-33.093 F1200
G1 X178.247 Y-30.777 F1200
G1 X178.972 Y-28.742 F1200
G1 X179.543 Y-27.142 F1200
G1 X179.561 Y-27.098 F1200
G1 X179.595 Y-27.031 F1200
G1 X179.633 Y-26.971 F1200
G1 X179.668 Y-26.932 F1200
G1 X179.699 Y-26.909 F1200
G1 X179.731 Y-26.894 F1200
G1 X179.764 Y-26.880 F1200
G1 X179.800 Y-26.868 F1200
G1 X179.840 Y-26.858 F1200
G1 X179.882 Y-26.849 F1200
G1 X179.928 Y-26.844 F1200
G1 X179.976 Y-26.842 F1200
G1 X180.024 Y-26.845 F1200
G1 X180.098 Y-26.855 F1200
G1 X180.167 Y-26.872 F1200
G1 X180.215 Y-26.892 F1200
G1 X180.247 Y-26.915 F1200
G1 X180.272 Y-26.939 F1200
G1 X180.295 Y-26.966 F1200
G1 X180.318 Y-26.996 F1200
G1 X180.341 Y-27.030 F1200
G1 X180.363 Y-27.068 F1200
G1 X180.383 Y-27.109 F1200
G1 X180.400 Y-27.153 F1200
G1 X180.863 Y-28.571 F1200
G1 X181.721 Y-31.204 F1200
G1 X182.698 Y-34.200 F1200
G1 X183.574 Y-36.883 F1200
G1 X184.306 Y-39.129 F1200
G1 X184.948 Y-41.097 F1200
G1 X185.540 Y-42.913 F1200
G1 X186.088 Y-44.595 F1200
G1 X186.577 Y-46.095 F1200
G1 X186.979 Y-47.328 F1200
G1 X187.256 Y-48.177 F1200
G1 X187.361 Y-48.499 F1200
G1 X187.468 Y-48.841 F1200
G1 X187.627 Y-49.377 F1200
G1 X187.766 Y-49.885 F1200
G1 X187.853 Y-50.258 F1200
G1 X187.901 Y-50.526 F1200
G1 X187.931 Y-50.756 F1200
G1 X187.956 Y-50.990 F1200
G1 X187.979 Y-51.239 F1200
G1 X188.000 Y-51.506 F1200
G1 X188.016 Y-51.791 F1200
G1 X188.028 Y-52.090 F1200
G1 X188.032 Y-52.396 F1200
G1 X188.027 Y-52.589 F1200
G1 X188.010 Y-52.889 F1200
G1 X187.979 Y-53.170 F1200
G1 X187.939 Y-53.371 F1200
G1 X187.892 Y-53.511 F1200
G1 X187.840 Y-53.628 F1200
G1 X187.780 Y-53.745 F1200
G1 X187.712 Y-53.869 F1200
G1 X187.634 Y-54.001 F1200
G1 X187.545 Y-54.140 F1200
G1 X187.444 Y-54.284 F1200
G1 X187.333 Y-54.429 F1200
G1 X187.212 Y-54.567 F1200
G1 X187.009 Y-54.772 F1200
G1 X186.800 Y-54.950 F1200
G1 X186.626 Y-55.062 F1200
G1 X186.480 Y-55.123 F1200
G1 X186.340 Y-55.162 F1200
G1 X186.190 Y-55.194 F1200
G1 X186.025 Y-55.223 F1200
G1 X185.841 Y-55.249 F1200
G1 X185.639 Y-55.271 F1200
G1 X185.418 Y-55.285 F1200
G1 X185.182 Y-55.291 F1200
G1 X185.148 Y-55.291 F1200
G1 X185.031 Y-55.291 F1200
G1 X184.836 Y-55.291 F1200
G1 X184.602 Y-55.291 F1200
G1 X184.359 Y-55.291 F1200
G1 X184.113 Y-55.291 F1200
G1 X183.864 Y-55.291 F1200
G1 X183.609 Y-55.291 F1200
G1 X183.350 Y-55.291 F1200
G1 X183.093 Y-55.291 F1200
G1 X182.845 Y-55.291 F1200
G1 X182.619 Y-55.291 F1200
G1 X182.589 Y-55.292 F1200
G1 X182.542 Y-55.296 F1200
G1 X182.498 Y-55.302 F1200
G1 X182.465 Y-55.310 F1200
G1 X182.443 Y-55.319 F1200
G1 X182.423 Y-55.330 F1200
G1 X182.404 Y-55.341 F1200
G1 X182.385 Y-55.354 F1200
G1 X182.364 Y-55.369 F1200
G1 X182.342 Y-55.385 F1200
G1 X182.320 Y-55.404 F1200
G1 X182.299 Y-55.424 F1200
G1 X182.279 Y-55.446 F1200
G1 X182.248 Y-55.481 F1200
G1 X182.221 Y-55.517 F1200
G1 X182.204 Y-55.545 F1200
G1 X182.194 Y-55.568 F1200
G1 X182.188 Y-55.588 F1200
G1 X182.183 Y-55.610 F1200
G1 X182.178 Y-55.633 F1200
G1 X182.174 Y-55.658 F1200
G1 X182.170 Y-55.684 F1200
G1 X182.168 Y-55.713 F1200
G1 X182.167 Y-55.742 F1200
G1 X182.167 Y-55.811 F1200
G1 X182.167 Y-55.922 F1200
G1 X182.167 Y-56.032 F1200
G1 X182.167 Y-56.116 F1200
G1 X182.167 Y-56.180 F1200
G1 X182.167 Y-56.237 F1200
G1 X182.167 Y-56.295 F1200
G1 X182.167 Y-56.355 F1200
G1 X182.167 Y-56.419 F1200
G1 X182.167 Y-56.486 F1200
G1 X182.167 Y-56.555 F1200
G1 X182.167 Y-56.623 F1200
G1 X182.168 Y-56.652 F1200
G1 X182.171 Y-56.699 F1200
G1 X182.178 Y-56.743 F1200
G1 X182.185 Y-56.775 F1200
G1 X182.194 Y-56.797 F1200
G1 X182.205 Y-56.817 F1200
G1 X182.216 Y-56.836 F1200
G1 X182.229 Y-56.855 F1200
G1 X182.243 Y-56.876 F1200
G1 X182.260 Y-56.898 F1200
G1 X182.279 Y-56.920 F1200
G1 X182.299 Y-56.941 F1200
G1 X182.321 Y-56.961 F1200
G1 X182.356 Y-56.992 F1200
G1 X182.392 Y-57.019 F1200
G1 X182.420 Y-57.036 F1200
G1 X182.443 Y-57.046 F1200
G1 X182.463 Y-57.052 F1200
G1 X182.485 Y-57.057 F1200
G1 X182.508 Y-57.062 F1200
G1 X182.533 Y-57.066 F1200
G1 X182.561 Y-57.070 F1200
G1 X182.589 Y-57.072 F1200
G1 X182.619 Y-57.073 F1200
G1 X183.322 Y-57.073 F1200
G1 X184.693 Y-57.073 F1200
G1 X186.334 Y-57.073 F1200
G1 X187.888 Y-57.073 F1200
G1 X189.267 Y-57.073 F1200
G1 X190.538 Y-57.073 F1200
G1 X191.766 Y-57.073 F1200
G1 X192.965 Y-57.073 F1200
G1 X194.117 Y-57.073 F1200
G1 X195.181 Y-57.073 F1200
G1 X196.099 Y-57.073 F1200
G1 X196.795 Y-57.073 F1200
G1 X196.825 Y-57.072 F1200
G1 X196.872 Y-57.069 F1200
G1 X196.916 Y-57.062 F1200
G1 X196.948 Y-57.055 F1200
G1 X196.971 Y-57.046 F1200
G1 X196.990 Y-57.035 F1200
G1 X197.009 Y-57.024 F1200
G1 X197.028 Y-57.011 F1200
G1 X197.049 Y-56.997 F1200
G1 X197.071 Y-56.980 F1200
G1 X197.093 Y-56.961 F1200
G1 X197.115 Y-56.941 F1200
G1 X197.135 Y-56.919 F1200
G1 X197.166 Y-56.884 F1200
G1 X197.193 Y-56.848 F1200
G1 X197.210 Y-56.820 F1200
G1 X197.220 Y-56.797 F1200
G1 X197.226 Y-56.777 F1200
G1 X197.231 Y-56.755 F1200
G1 X197.236 Y-56.732 F1200
G1 X197.240 Y-56.707 F1200
G1 X197.244 Y-56.681 F1200
G1 X197.246 Y-56.652 F1200
G1 X197.247 Y-56.623 F1200
G1 X197.247 Y-56.554 F1200
G1 X197.247 Y-56.443 F1200
G1 X197.247 Y-56.333 F1200
G1 X197.247 Y-56.249 F1200
G1 X197.247 Y-56.185 F1200
G1 X197.247 Y-56.128 F1200
G1 X197.247 Y-56.070 F1200
G1 X197.247 Y-56.010 F1200
G1 X197.247 Y-55.946 F1200
G1 X197.247 Y-55.879 F1200
G1 X197.247 Y-55.810 F1200
G1 X197.247 Y-55.742 F1200
G1 X197.246 Y-55.713 F1200
G1 X197.243 Y-55.666 F1200
G1 X197.236 Y-55.622 F1200
G1 X197.229 Y-55.590 F1200
G1 X197.220 Y-55.568 F1200
G1 X197.209 Y-55.548 F1200
G1 X197.198 Y-55.529 F1200
G1 X197.185 Y-55.510 F1200
G1 X197.171 Y-55.489 F1200
G1 X197.154 Y-55.467 F1200
G1 X197.135 Y-55.445 F1200
G1 X197.115 Y-55.424 F1200
G1 X197.093 Y-55.404 F1200
G1 X197.057 Y-55.373 F1200
G1 X197.021 Y-55.346 F1200
G1 X196.993 Y-55.329 F1200
G1 X196.970 Y-55.319 F1200
G1 X196.950 Y-55.313 F1200
G1 X196.928 Y-55.307 F1200
G1 X196.905 Y-55.302 F1200
G1 X196.880 Y-55.298 F1200
G1 X196.853 Y-55.294 F1200
G1 X196.825 Y-55.292 F1200
G1 X196.795 Y-55.291 F1200
G1 X196.636 Y-55.291 F1200
G1 X196.372 Y-55.291 F1200
G1 X196.108 Y-55.291 F1200
G1 X195.903 Y-55.291 F1200
G1 X195.752 Y-55.291 F1200
G1 X195.630 Y-55.291 F1200
G1 X195.519 Y-55.291 F1200
G1 X195.417 Y-55.291 F1200
G1 X195.326 Y-55.291 F1200
G1 X195.252 Y-55.291 F1200
G1 X195.200 Y-55.291 F1200
G1 X195.181 Y-55.291 F1200
G1 X194.636 Y-55.263 F1200
G1 X193.804 Y-55.162 F1200
G1 X193.050 Y-54.983 F1200
G1 X192.538 Y-54.748 F1200
G1 X192.212 Y-54.478 F1200
G1 X191.961 Y-54.174 F1200
G1 X191.722 Y-53.828 F1200
G1 X191.478 Y-53.431 F1200
G1 X191.227 Y-52.977 F1200
G1 X190.973 Y-52.459 F1200
G1 X190.724 Y-51.875 F1200
G1 X190.489 Y-51.228 F1200
G1 X190.489 Y-51.228 F1200
G1 X190.489 Y-51.228 F1200
G1 X190.489 Y-51.228 F1200
G1 X190.489 Y-51.227 F1200
G1 X190.489 Y-51.227 F1200
G1 X190.489 Y-51.227 F1200
G1 X190.489 Y-51.227 F1200
G1 X190.489 Y-51.226 F1200
G1 X190.489 Y-51.226 F1200
G1 X190.489 Y-51.226 F1200
G1 X190.489 Y-51.226 F1200
G1 X190.489 Y-51.226 F1200
G1 X190.278 Y-50.597 F1200
G1 X189.593 Y-48.563 F1200
G1 X188.490 Y-45.284 F1200
G1 X187.209 Y-41.475 F1200
G1 X185.929 Y-37.670 F1200
G1 X184.702 Y-34.018 F1200
G1 X183.522 Y-30.507 F1200
G1 X182.395 Y-27.149 F1200
G1 X181.348 Y-24.027 F1200
G1 X180.429 Y-21.281 F1200
G1 X179.703 Y-19.103 F1200
G1 X179.253 Y-17.741 F1200
G1 X179.235 Y-17.696 F1200
G1 X179.203 Y-17.627 F1200
G1 X179.167 Y-17.566 F1200
G1 X179.132 Y-17.526 F1200
G1 X179.100 Y-17.502 F1200
G1 X179.069 Y-17.486 F1200
G1 X179.035 Y-17.472 F1200
G1 X178.999 Y-17.459 F1200
G1 X178.959 Y-17.448 F1200
G1 X178.916 Y-17.439 F1200
G1 X178.870 Y-17.432 F1200
G1 X178.821 Y-17.430 F1200
G1 X178.763 Y-17.430 F1200
G1 X178.669 Y-17.430 F1200
G1 X178.576 Y-17.430 F1200
G1 X178.504 Y-17.430 F1200
G1 X178.449 Y-17.430 F1200
G1 X178.400 Y-17.430 F1200
G1 X178.351 Y-17.430 F1200
G1 X178.299 Y-17.430 F1200
G1 X178.245 Y-17.430 F1200
G1 X178.188 Y-17.430 F1200
G1 X178.130 Y-17.430 F1200
G1 X178.073 Y-17.430 F1200
G1 X178.026 Y-17.432 F1200
G1 X177.953 Y-17.441 F1200
G1 X177.885 Y-17.456 F1200
G1 X177.837 Y-17.476 F1200
G1 X177.805 Y-17.497 F1200
G1 X177.780 Y-17.521 F1200
G1 X177.756 Y-17.547 F1200
G1 X177.732 Y-17.576 F1200
G1 X177.709 Y-17.609 F1200
G1 X177.686 Y-17.646 F1200
G1 X177.665 Y-17.686 F1200
G1 X177.647 Y-17.729 F1200
G1 X177.132 Y-19.151 F1200
G1 X175.961 Y-22.361 F1200
G1 X174.394 Y-26.637 F1200
G1 X172.785 Y-31.018 F1200
G1 X171.298 Y-35.053 F1200
G1 X169.934 Y-38.754 F1200
G1 X168.660 Y-42.210 F1200
G1 X167.478 Y-45.416 F1200
G1 X166.424 Y-48.275 F1200
G1 X165.558 Y-50.622 F1200
G1 X164.964 Y-52.235 F1200
G1 X164.740 Y-52.841 F1200
G1 X164.740 Y-52.841 F1200
G1 X164.740 Y-52.842 F1200
G1 X164.740 Y-52.843 F1200
G1 X164.740 Y-52.843 F1200
G1 X164.740 Y-52.843 F1200
G1 X164.740 Y-52.843 F1200
G1 X164.740 Y-52.843 F1200
G1 X164.740 Y-52.843 F1200
G1 X164.740 Y-52.843 F1200
G1 X164.740 Y-52.843 F1200
G1 X164.740 Y-52.843 F1200
G1 X164.740 Y-52.843 F1200
G1 X164.655 Y-53.069 F1200
G1 X164.516 Y-53.413 F1200
G1 X164.377 Y-53.725 F1200
G1 X164.267 Y-53.935 F1200
G1 X164.179 Y-54.069 F1200
G1 X164.098 Y-54.171 F1200
G1 X164.013 Y-54.268 F1200
G1 X163.919 Y-54.366 F1200
G1 X163.817 Y-54.467 F1200
G1 X163.705 Y-54.569 F1200
G1 X163.584 Y-54.669 F1200
G1 X163.456 Y-54.762 F1200
G1 X163.323 Y-54.847 F1200
G1 X163.106 Y-54.973 F1200
G1 X162.889 Y-55.082 F1200
G1 X162.717 Y-55.151 F1200
G1 X162.580 Y-55.188 F1200
G1 X162.453 Y-55.212 F1200
G1 X162.319 Y-55.232 F1200
G1 X162.172 Y-55.250 F1200
G1 X162.011 Y-55.266 F1200
G1 X161.835 Y-55.279 F1200
G1 X161.646 Y-55.288 F1200
G1 X161.445 Y-55.291 F1200
; --- Shape: PATH ---
; Target Depth: 3mm, Steps: 1
; Pass 1/1 at Z-3.000
G0 Z5.000
G0 X243.418 Y-55.393
G1 Z-3.000 F400.0
G1 X242.438 Y-55.273 F1200
G1 X241.013 Y-55.058 F1200
G1 X239.811 Y-54.801 F1200
G1 X239.091 Y-54.525 F1200
G1 X238.705 Y-54.213 F1200
G1 X238.432 Y-53.834 F1200
G1 X238.156 Y-53.359 F1200
G1 X237.836 Y-52.766 F1200
G1 X237.460 Y-52.033 F1200
G1 X237.023 Y-51.137 F1200
G1 X236.519 Y-50.058 F1200
G1 X235.946 Y-48.784 F1200
G1 X235.432 Y-47.586 F1200
G1 X234.444 Y-45.282 F1200
G1 X233.266 Y-42.523 F1200
G1 X232.133 Y-39.850 F1200
G1 X231.089 Y-37.366 F1200
G1 X230.071 Y-34.921 F1200
G1 X229.021 Y-32.376 F1200
G1 X227.916 Y-29.672 F1200
G1 X226.753 Y-26.798 F1200
G1 X225.545 Y-23.775 F1200
G1 X224.316 Y-20.652 F1200
G1 X223.102 Y-17.513 F1200
G1 X221.004 Y-17.513 F1200
G1 X219.946 Y-20.300 F1200
G1 X218.242 Y-24.758 F1200
G1 X216.572 Y-29.084 F1200
G1 X215.293 Y-32.352 F1200
G1 X214.336 Y-34.758 F1200
G1 X213.504 Y-36.827 F1200
G1 X212.678 Y-38.877 F1200
G1 X211.819 Y-41.006 F1200
G1 X210.925 Y-43.222 F1200
G1 X210.007 Y-45.496 F1200
G1 X209.086 Y-47.778 F1200
G1 X208.195 Y-49.985 F1200
G1 X207.749 Y-51.025 F1200
G1 X207.067 Y-52.520 F1200
G1 X206.435 Y-53.742 F1200
G1 X205.972 Y-54.418 F1200
G1 X205.621 Y-54.705 F1200
G1 X205.283 Y-54.835 F1200
G1 X204.898 Y-54.929 F1200
G1 X204.440 Y-55.019 F1200
G1 X203.895 Y-55.109 F1200
G1 X203.250 Y-55.198 F1200
G1 X202.498 Y-55.283 F1200
G1 X201.633 Y-55.359 F1200
G1 X201.633 Y-57.200 F1200
G1 X217.274 Y-57.200 F1200
G1 X217.274 Y-55.393 F1200
G1 X216.246 Y-55.277 F1200
G1 X214.795 Y-55.082 F1200
G1 X213.651 Y-54.873 F1200
G1 X213.077 Y-54.680 F1200
G1 X212.909 Y-54.490 F1200
G1 X212.913 Y-54.277 F1200
G1 X212.973 Y-54.020 F1200
G1 X213.059 Y-53.707 F1200
G1 X213.172 Y-53.327 F1200
G1 X213.315 Y-52.870 F1200
G1 X213.492 Y-52.330 F1200
G1 X213.708 Y-51.699 F1200
G1 X214.186 Y-50.473 F1200
G1 X215.051 Y-48.262 F1200
G1 X216.025 Y-45.778 F1200
G1 X216.913 Y-43.521 F1200
G1 X217.703 Y-41.523 F1200
G1 X218.464 Y-39.602 F1200
G1 X219.254 Y-37.615 F1200
G1 X220.093 Y-35.505 F1200
G1 X220.987 Y-33.265 F1200
G1 X221.928 Y-30.911 F1200
G1 X222.902 Y-28.483 F1200
G1 X223.883 Y-26.045 F1200
G1 X223.964 Y-26.045 F1200
G1 X224.824 Y-28.130 F1200
G1 X226.210 Y-31.513 F1200
G1 X227.563 Y-34.849 F1200
G1 X228.589 Y-37.419 F1200
G1 X229.341 Y-39.340 F1200
G1 X229.975 Y-40.992 F1200
G1 X230.587 Y-42.604 F1200
G1 X231.204 Y-44.246 F1200
G1 X231.824 Y-45.917 F1200
G1 X232.433 Y-47.583 F1200
G1 X233.009 Y-49.194 F1200
G1 X233.522 Y-50.674 F1200
G1 X233.796 Y-51.498 F1200
G1 X234.153 Y-52.686 F1200
G1 X234.371 Y-53.669 F1200
G1 X234.370 Y-54.227 F1200
G1 X234.192 Y-54.483 F1200
G1 X233.893 Y-54.620 F1200
G1 X233.492 Y-54.733 F1200
G1 X232.979 Y-54.851 F1200
G1 X232.336 Y-54.977 F1200
G1 X231.540 Y-55.111 F1200
G1 X230.573 Y-55.250 F1200
G1 X229.420 Y-55.393 F1200
G1 X229.420 Y-57.200 F1200
G1 X243.418 Y-57.200 F1200
G1 X243.418 Y-55.393 F1200
; --- Shape: PATH ---
; Target Depth: 3mm, Steps: 1
; Pass 1/1 at Z-3.000
G0 Z5.000
G0 X287.473 Y-55.418
G1 Z-3.000 F400.0
G1 X284.973 Y-55.418 F1200
G1 X284.431 Y-55.390 F1200
G1 X283.604 Y-55.289 F1200
G1 X282.853 Y-55.110 F1200
G1 X282.344 Y-54.875 F1200
G1 X282.020 Y-54.605 F1200
G1 X281.770 Y-54.301 F1200
G1 X281.532 Y-53.955 F1200
G1 X281.289 Y-53.558 F1200
G1 X281.039 Y-53.103 F1200
G1 X280.787 Y-52.585 F1200
G1 X280.539 Y-52.002 F1200
G1 X280.305 Y-51.354 F1200
G1 X280.305 Y-51.354 F1200
G1 X280.305 Y-51.353 F1200
G1 X280.305 Y-51.353 F1200
G1 X280.305 Y-51.353 F1200
G1 X280.305 Y-51.353 F1200
G1 X280.304 Y-51.353 F1200
G1 X280.304 Y-51.353 F1200
G1 X280.304 Y-51.353 F1200
G1 X280.304 Y-51.353 F1200
G1 X280.304 Y-51.353 F1200
G1 X280.304 Y-51.353 F1200
G1 X280.304 Y-51.353 F1200
G1 X280.094 Y-50.724 F1200
G1 X279.413 Y-48.689 F1200
G1 X278.316 Y-45.410 F1200
G1 X277.041 Y-41.601 F1200
G1 X275.768 Y-37.797 F1200
G1 X274.546 Y-34.145 F1200
G1 X273.373 Y-30.633 F1200
G1 X272.251 Y-27.276 F1200
G1 X271.210 Y-24.154 F1200
G1 X270.295 Y-21.408 F1200
G1 X269.573 Y-19.230 F1200
G1 X269.125 Y-17.868 F1200
G1 X269.108 Y-17.823 F1200
G1 X269.077 Y-17.754 F1200
G1 X269.040 Y-17.693 F1200
G1 X269.006 Y-17.652 F1200
G1 X268.975 Y-17.628 F1200
G1 X268.944 Y-17.612 F1200
G1 X268.911 Y-17.598 F1200
G1 X268.874 Y-17.585 F1200
G1 X268.835 Y-17.573 F1200
G1 X268.792 Y-17.564 F1200
G1 X268.746 Y-17.557 F1200
G1 X268.698 Y-17.555 F1200
G1 X268.641 Y-17.555 F1200
G1 X268.547 Y-17.555 F1200
G1 X268.455 Y-17.555 F1200
G1 X268.383 Y-17.555 F1200
G1 X268.328 Y-17.555 F1200
G1 X268.279 Y-17.555 F1200
G1 X268.230 Y-17.555 F1200
G1 X268.178 Y-17.555 F1200
G1 X268.124 Y-17.555 F1200
G1 X268.067 Y-17.555 F1200
G1 X268.010 Y-17.555 F1200
G1 X267.953 Y-17.555 F1200
G1 X267.906 Y-17.557 F1200
G1 X267.833 Y-17.566 F1200
G1 X267.765 Y-17.581 F1200
G1 X267.717 Y-17.601 F1200
G1 X267.685 Y-17.622 F1200
G1 X267.660 Y-17.646 F1200
G1 X267.637 Y-17.672 F1200
G1 X267.614 Y-17.702 F1200
G1 X267.591 Y-17.735 F1200
G1 X267.568 Y-17.772 F1200
G1 X267.548 Y-17.812 F1200
G1 X267.530 Y-17.856 F1200
G1 X267.017 Y-19.278 F1200
G1 X265.852 Y-22.488 F1200
G1 X264.293 Y-26.764 F1200
G1 X262.691 Y-31.145 F1200
G1 X261.213 Y-35.180 F1200
G1 X259.856 Y-38.881 F1200
G1 X258.588 Y-42.337 F1200
G1 X257.412 Y-45.543 F1200
G1 X256.364 Y-48.402 F1200
G1 X255.503 Y-50.749 F1200
G1 X254.911 Y-52.362 F1200
G1 X254.689 Y-52.968 F1200
G1 X254.689 Y-52.968 F1200
G1 X254.689 Y-52.968 F1200
G1 X254.689 Y-52.968 F1200
G1 X254.689 Y-52.968 F1200
G1 X254.689 Y-52.968 F1200
G1 X254.688 Y-52.968 F1200
G1 X254.688 Y-52.968 F1200
G1 X254.688 Y-52.968 F1200
G1 X254.688 Y-52.968 F1200
G1 X254.688 Y-52.969 F1200
G1 X254.688 Y-52.969 F1200
G1 X254.688 Y-52.969 F1200
G1 X254.603 Y-53.195 F1200
G1 X254.464 Y-53.540 F1200
G1 X254.326 Y-53.852 F1200
G1 X254.217 Y-54.062 F1200
G1 X254.130 Y-54.196 F1200
G1 X254.049 Y-54.298 F1200
G1 X253.964 Y-54.395 F1200
G1 X253.871 Y-54.493 F1200
G1 X253.769 Y-54.594 F1200
G1 X253.658 Y-54.696 F1200
G1 X253.537 Y-54.796 F1200
G1 X253.410 Y-54.889 F1200
G1 X253.277 Y-54.974 F1200
G1 X253.062 Y-55.100 F1200
G1 X252.847 Y-55.209 F1200
G1 X252.676 Y-55.278 F1200
G1 X252.539 Y-55.315 F1200
G1 X252.413 Y-55.339 F1200
G1 X252.280 Y-55.359 F1200
G1 X252.134 Y-55.377 F1200
G1 X251.974 Y-55.393 F1200
G1 X251.799 Y-55.406 F1200
G1 X251.611 Y-55.415 F1200
G1 X251.411 Y-55.418 F1200
G1 X251.369 Y-55.418 F1200
G1 X251.226 Y-55.418 F1200
G1 X250.989 Y-55.418 F1200
G1 X250.705 Y-55.418 F1200
G1 X250.410 Y-55.418 F1200
G1 X250.115 Y-55.418 F1200
G1 X249.816 Y-55.418 F1200
G1 X249.512 Y-55.418 F1200
G1 X249.206 Y-55.418 F1200
G1 X248.904 Y-55.418 F1200
G1 X248.617 Y-55.418 F1200
G1 X248.360 Y-55.418 F1200
G1 X248.330 Y-55.419 F1200
G1 X248.284 Y-55.422 F1200
G1 X248.240 Y-55.429 F1200
G1 X248.207 Y-55.436 F1200
G1 X248.185 Y-55.445 F1200
G1 X248.165 Y-55.456 F1200
G1 X248.146 Y-55.467 F1200
G1 X248.127 Y-55.480 F1200
G1 X248.106 Y-55.494 F1200
G1 X248.084 Y-55.511 F1200
G1 X248.062 Y-55.530 F1200
G1 X248.041 Y-55.550 F1200
G1 X248.021 Y-55.572 F1200
G1 X247.990 Y-55.607 F1200
G1 X247.964 Y-55.643 F1200
G1 X247.947 Y-55.671 F1200
G1 X247.937 Y-55.694 F1200
G1 X247.930 Y-55.714 F1200
G1 X247.925 Y-55.736 F1200
G1 X247.920 Y-55.759 F1200
G1 X247.916 Y-55.784 F1200
G1 X247.912 Y-55.811 F1200
G1 X247.910 Y-55.839 F1200
G1 X247.909 Y-55.869 F1200
G1 X247.909 Y-55.938 F1200
G1 X247.909 Y-56.049 F1200
G1 X247.909 Y-56.158 F1200
G1 X247.909 Y-56.243 F1200
G1 X247.909 Y-56.307 F1200
G1 X247.909 Y-56.364 F1200
G1 X247.909 Y-56.421 F1200
G1 X247.909 Y-56.481 F1200
G1 X247.909 Y-56.545 F1200
G1 X247.909 Y-56.611 F1200
G1 X247.909 Y-56.680 F1200
G1 X247.909 Y-56.748 F1200
G1 X247.910 Y-56.778 F1200
G1 X247.914 Y-56.825 F1200
G1 X247.920 Y-56.869 F1200
G1 X247.928 Y-56.901 F1200
G1 X247.937 Y-56.924 F1200
G1 X247.947 Y-56.943 F1200
G1 X247.958 Y-56.962 F1200
G1 X247.971 Y-56.981 F1200
G1 X247.986 Y-57.002 F1200
G1 X248.002 Y-57.024 F1200
G1 X248.021 Y-57.046 F1200
G1 X248.041 Y-57.068 F1200
G1 X248.063 Y-57.088 F1200
G1 X248.098 Y-57.119 F1200
G1 X248.134 Y-57.145 F1200
G1 X248.162 Y-57.162 F1200
G1 X248.185 Y-57.172 F1200
G1 X248.205 Y-57.179 F1200
G1 X248.227 Y-57.184 F1200
G1 X248.250 Y-57.189 F1200
G1 X248.275 Y-57.193 F1200
G1 X248.302 Y-57.197 F1200
G1 X248.330 Y-57.199 F1200
G1 X248.360 Y-57.200 F1200
G1 X249.165 Y-57.200 F1200
G1 X250.764 Y-57.200 F1200
G1 X252.708 Y-57.200 F1200
G1 X254.575 Y-57.200 F1200
G1 X256.244 Y-57.200 F1200
G1 X257.786 Y-57.200 F1200
G1 X259.272 Y-57.200 F1200
G1 X260.719 Y-57.200 F1200
G1 X262.100 Y-57.200 F1200
G1 X263.367 Y-57.200 F1200
G1 X264.445 Y-57.200 F1200
G1 X265.241 Y-57.200 F1200
G1 X265.271 Y-57.199 F1200
G1 X265.318 Y-57.195 F1200
G1 X265.362 Y-57.189 F1200
G1 X265.394 Y-57.181 F1200
G1 X265.416 Y-57.172 F1200
G1 X265.435 Y-57.162 F1200
G1 X265.454 Y-57.151 F1200
G1 X265.474 Y-57.138 F1200
G1 X265.494 Y-57.123 F1200
G1 X265.516 Y-57.107 F1200
G1 X265.538 Y-57.088 F1200
G1 X265.559 Y-57.068 F1200
G1 X265.579 Y-57.046 F1200
G1 X265.610 Y-57.010 F1200
G1 X265.636 Y-56.974 F1200
G1 X265.653 Y-56.946 F1200
G1 X265.663 Y-56.923 F1200
G1 X265.670 Y-56.903 F1200
G1 X265.675 Y-56.881 F1200
G1 X265.680 Y-56.858 F1200
G1 X265.684 Y-56.833 F1200
G1 X265.688 Y-56.806 F1200
G1 X265.690 Y-56.778 F1200
G1 X265.691 Y-56.748 F1200
G1 X265.691 Y-56.679 F1200
G1 X265.691 Y-56.569 F1200
G1 X265.691 Y-56.459 F1200
G1 X265.691 Y-56.375 F1200
G1 X265.691 Y-56.311 F1200
G1 X265.691 Y-56.254 F1200
G1 X265.691 Y-56.197 F1200
G1 X265.691 Y-56.137 F1200
G1 X265.691 Y-56.073 F1200
G1 X265.691 Y-56.006 F1200
G1 X265.691 Y-55.937 F1200
G1 X265.691 Y-55.869 F1200
G1 X265.687 Y-55.808 F1200
G1 X265.673 Y-55.713 F1200
G1 X265.648 Y-55.627 F1200
G1 X265.617 Y-55.569 F1200
G1 X265.582 Y-55.534 F1200
G1 X265.545 Y-55.508 F1200
G1 X265.505 Y-55.486 F1200
G1 X265.461 Y-55.465 F1200
G1 X265.412 Y-55.447 F1200
G1 X265.359 Y-55.432 F1200
G1 X265.302 Y-55.422 F1200
G1 X265.241 Y-55.418 F1200
G1 X264.972 Y-55.418 F1200
G1 X264.507 Y-55.418 F1200
G1 X264.015 Y-55.418 F1200
G1 X263.608 Y-55.418 F1200
G1 X263.290 Y-55.418 F1200
G1 X263.021 Y-55.418 F1200
G1 X262.775 Y-55.418 F1200
G1 X262.548 Y-55.418 F1200
G1 X262.346 Y-55.418 F1200
G1 X262.180 Y-55.418 F1200
G1 X262.066 Y-55.418 F1200
G1 X262.023 Y-55.418 F1200
G1 X261.895 Y-55.415 F1200
G1 X261.696 Y-55.405 F1200
G1 X261.510 Y-55.386 F1200
G1 X261.377 Y-55.362 F1200
G1 X261.286 Y-55.335 F1200
G1 X261.209 Y-55.303 F1200
G1 X261.133 Y-55.268 F1200
G1 X261.052 Y-55.227 F1200
G1 X260.966 Y-55.180 F1200
G1 X260.876 Y-55.127 F1200
G1 X260.783 Y-55.067 F1200
G1 X260.690 Y-55.001 F1200
G1 X260.601 Y-54.930 F1200
G1 X260.469 Y-54.817 F1200
G1 X260.354 Y-54.705 F1200
G1 X260.282 Y-54.619 F1200
G1 X260.242 Y-54.552 F1200
G1 X260.217 Y-54.492 F1200
G1 X260.197 Y-54.429 F1200
G1 X260.178 Y-54.360 F1200
G1 X260.161 Y-54.286 F1200
G1 X260.147 Y-54.204 F1200
G1 X260.138 Y-54.117 F1200
G1 X260.134 Y-54.026 F1200
G1 X260.136 Y-53.924 F1200
G1 X260.141 Y-53.763 F1200
G1 X260.151 Y-53.609 F1200
G1 X260.164 Y-53.495 F1200
G1 X260.178 Y-53.411 F1200
G1 X260.195 Y-53.338 F1200
G1 X260.214 Y-53.263 F1200
G1 X260.236 Y-53.182 F1200
G1 X260.260 Y-53.096 F1200
G1 X260.289 Y-53.003 F1200
G1 X260.321 Y-52.904 F1200
G1 X260.356 Y-52.803 F1200
G1 X260.356 Y-52.803 F1200
G1 X260.356 Y-52.803 F1200
G1 X260.356 Y-52.803 F1200
G1 X260.356 Y-52.802 F1200
G1 X260.356 Y-52.802 F1200
G1 X260.356 Y-52.802 F1200
G1 X260.356 Y-52.802 F1200
G1 X260.356 Y-52.801 F1200
G1 X260.356 Y-52.801 F1200
G1 X260.357 Y-52.801 F1200
G1 X260.357 Y-52.801 F1200
G1 X260.357 Y-52.801 F1200
G1 X260.500 Y-52.398 F1200
G1 X260.981 Y-51.042 F1200
G1 X261.772 Y-48.810 F1200
G1 X262.709 Y-46.171 F1200
G1 X263.662 Y-43.484 F1200
G1 X264.597 Y-40.850 F1200
G1 X265.518 Y-38.254 F1200
G1 X266.425 Y-35.697 F1200
G1 X267.304 Y-33.219 F1200
G1 X268.126 Y-30.904 F1200
G1 X268.848 Y-28.868 F1200
G1 X269.415 Y-27.269 F1200
G1 X269.433 Y-27.225 F1200
G1 X269.467 Y-27.158 F1200
G1 X269.504 Y-27.098 F1200
G1 X269.539 Y-27.059 F1200
G1 X269.570 Y-27.036 F1200
G1 X269.602 Y-27.021 F1200
G1 X269.635 Y-27.007 F1200
G1 X269.671 Y-26.995 F1200
G1 X269.710 Y-26.985 F1200
G1 X269.753 Y-26.976 F1200
G1 X269.798 Y-26.971 F1200
G1 X269.846 Y-26.969 F1200
G1 X269.894 Y-26.972 F1200
G1 X269.967 Y-26.982 F1200
G1 X270.036 Y-26.998 F1200
G1 X270.084 Y-27.018 F1200
G1 X270.116 Y-27.041 F1200
G1 X270.141 Y-27.066 F1200
G1 X270.164 Y-27.093 F1200
G1 X270.187 Y-27.123 F1200
G1 X270.209 Y-27.157 F1200
G1 X270.231 Y-27.194 F1200
G1 X270.251 Y-27.236 F1200
G1 X270.268 Y-27.280 F1200
G1 X270.728 Y-28.698 F1200
G1 X271.582 Y-31.331 F1200
G1 X272.554 Y-34.326 F1200
G1 X273.424 Y-37.009 F1200
G1 X274.153 Y-39.255 F1200
G1 X274.792 Y-41.223 F1200
G1 X275.381 Y-43.039 F1200
G1 X275.926 Y-44.721 F1200
G1 X276.413 Y-46.221 F1200
G1 X276.813 Y-47.453 F1200
G1 X277.088 Y-48.302 F1200
G1 X277.192 Y-48.624 F1200
G1 X277.192 Y-48.624 F1200
G1 X277.192 Y-48.624 F1200
G1 X277.192 Y-48.624 F1200
G1 X277.192 Y-48.625 F1200
G1 X277.192 Y-48.625 F1200
G1 X277.192 Y-48.625 F1200
G1 X277.192 Y-48.625 F1200
G1 X277.192 Y-48.626 F1200
G1 X277.192 Y-48.626 F1200
G1 X277.192 Y-48.626 F1200
G1 X277.192 Y-48.626 F1200
G1 X277.192 Y-48.626 F1200
G1 X277.299 Y-48.967 F1200
G1 X277.458 Y-49.504 F1200
G1 X277.597 Y-50.012 F1200
G1 X277.683 Y-50.384 F1200
G1 X277.730 Y-50.652 F1200
G1 X277.760 Y-50.883 F1200
G1 X277.785 Y-51.116 F1200
G1 X277.807 Y-51.365 F1200
G1 X277.827 Y-51.633 F1200
G1 X277.844 Y-51.918 F1200
G1 X277.855 Y-52.217 F1200
G1 X277.859 Y-52.523 F1200
G1 X277.854 Y-52.716 F1200
G1 X277.837 Y-53.016 F1200
G1 X277.806 Y-53.296 F1200
G1 X277.766 Y-53.497 F1200
G1 X277.720 Y-53.637 F1200
G1 X277.668 Y-53.755 F1200
G1 X277.609 Y-53.872 F1200
G1 X277.541 Y-53.996 F1200
G1 X277.464 Y-54.128 F1200
G1 X277.375 Y-54.267 F1200
G1 X277.276 Y-54.411 F1200
G1 X277.165 Y-54.556 F1200
G1 X277.044 Y-54.694 F1200
G1 X276.843 Y-54.899 F1200
G1 X276.635 Y-55.077 F1200
G1 X276.462 Y-55.189 F1200
G1 X276.316 Y-55.250 F1200
G1 X276.177 Y-55.289 F1200
G1 X276.028 Y-55.321 F1200
G1 X275.864 Y-55.350 F1200
G1 X275.681 Y-55.376 F1200
G1 X275.480 Y-55.398 F1200
G1 X275.261 Y-55.412 F1200
G1 X275.026 Y-55.418 F1200
G1 X274.992 Y-55.418 F1200
G1 X274.875 Y-55.418 F1200
G1 X274.682 Y-55.418 F1200
G1 X274.449 Y-55.418 F1200
G1 X274.206 Y-55.418 F1200
G1 X273.962 Y-55.418 F1200
G1 X273.714 Y-55.418 F1200
G1 X273.460 Y-55.418 F1200
G1 X273.203 Y-55.418 F1200
G1 X272.946 Y-55.418 F1200
G1 X272.700 Y-55.418 F1200
G1 X272.475 Y-55.418 F1200
G1 X272.445 Y-55.419 F1200
G1 X272.399 Y-55.422 F1200
G1 X272.355 Y-55.429 F1200
G1 X272.323 Y-55.436 F1200
G1 X272.300 Y-55.445 F1200
G1 X272.281 Y-55.456 F1200
G1 X272.262 Y-55.467 F1200
G1 X272.242 Y-55.480 F1200
G1 X272.222 Y-55.494 F1200
G1 X272.200 Y-55.511 F1200
G1 X272.178 Y-55.530 F1200
G1 X272.157 Y-55.550 F1200
G1 X272.137 Y-55.572 F1200
G1 X272.106 Y-55.607 F1200
G1 X272.080 Y-55.643 F1200
G1 X272.063 Y-55.671 F1200
G1 X272.053 Y-55.694 F1200
G1 X272.046 Y-55.714 F1200
G1 X272.041 Y-55.736 F1200
G1 X272.036 Y-55.759 F1200
G1 X272.032 Y-55.784 F1200
G1 X272.028 Y-55.811 F1200
G1 X272.026 Y-55.839 F1200
G1 X272.025 Y-55.869 F1200
G1 X272.025 Y-55.938 F1200
G1 X272.025 Y-56.049 F1200
G1 X272.025 Y-56.158 F1200
G1 X272.025 Y-56.243 F1200
G1 X272.025 Y-56.307 F1200
G1 X272.025 Y-56.364 F1200
G1 X272.025 Y-56.421 F1200
G1 X272.025 Y-56.481 F1200
G1 X272.025 Y-56.545 F1200
G1 X272.025 Y-56.611 F1200
G1 X272.025 Y-56.680 F1200
G1 X272.025 Y-56.748 F1200
G1 X272.026 Y-56.778 F1200
G1 X272.030 Y-56.825 F1200
G1 X272.036 Y-56.869 F1200
G1 X272.044 Y-56.901 F1200
G1 X272.053 Y-56.924 F1200
G1 X272.063 Y-56.943 F1200
G1 X272.074 Y-56.962 F1200
G1 X272.087 Y-56.981 F1200
G1 X272.102 Y-57.002 F1200
G1 X272.118 Y-57.024 F1200
G1 X272.137 Y-57.046 F1200
G1 X272.157 Y-57.068 F1200
G1 X272.179 Y-57.088 F1200
G1 X272.214 Y-57.119 F1200
G1 X272.249 Y-57.145 F1200
G1 X272.278 Y-57.162 F1200
G1 X272.300 Y-57.172 F1200
G1 X272.321 Y-57.179 F1200
G1 X272.342 Y-57.184 F1200
G1 X272.365 Y-57.189 F1200
G1 X272.390 Y-57.193 F1200
G1 X272.417 Y-57.197 F1200
G1 X272.445 Y-57.199 F1200
G1 X272.475 Y-57.200 F1200
G1 X273.625 Y-57.200 F1200
G1 X276.025 Y-57.200 F1200
G1 X279.060 Y-57.200 F1200
G1 X282.066 Y-57.200 F1200
G1 X284.806 Y-57.200 F1200
G1 X287.347 Y-57.200 F1200
G1 X289.786 Y-57.200 F1200
G1 X292.138 Y-57.200 F1200
G1 X294.357 Y-57.200 F1200
G1 X296.353 Y-57.200 F1200
G1 X298.000 Y-57.200 F1200
G1 X299.136 Y-57.200 F1200
G1 X299.166 Y-57.199 F1200
G1 X299.212 Y-57.195 F1200
G1 X299.256 Y-57.189 F1200
G1 X299.289 Y-57.181 F1200
G1 X299.311 Y-57.172 F1200
G1 X299.331 Y-57.162 F1200
G1 X299.350 Y-57.151 F1200
G1 X299.369 Y-57.138 F1200
G1 X299.390 Y-57.123 F1200
G1 X299.412 Y-57.107 F1200
G1 X299.434 Y-57.088 F1200
G1 X299.455 Y-57.068 F1200
G1 X299.475 Y-57.046 F1200
G1 X299.506 Y-57.010 F1200
G1 X299.532 Y-56.974 F1200
G1 X299.549 Y-56.946 F1200
G1 X299.559 Y-56.923 F1200
G1 X299.566 Y-56.903 F1200
G1 X299.571 Y-56.881 F1200
G1 X299.576 Y-56.858 F1200
G1 X299.580 Y-56.833 F1200
G1 X299.584 Y-56.806 F1200
G1 X299.586 Y-56.778 F1200
G1 X299.587 Y-56.748 F1200
G1 X299.587 Y-56.679 F1200
G1 X299.587 Y-56.569 F1200
G1 X299.587 Y-56.459 F1200
G1 X299.587 Y-56.375 F1200
G1 X299.587 Y-56.311 F1200
G1 X299.587 Y-56.254 F1200
G1 X299.587 Y-56.197 F1200
G1 X299.587 Y-56.137 F1200
G1 X299.587 Y-56.073 F1200
G1 X299.587 Y-56.006 F1200
G1 X299.587 Y-55.937 F1200
G1 X299.587 Y-55.869 F1200
G1 X299.586 Y-55.839 F1200
G1 X299.582 Y-55.792 F1200
G1 X299.576 Y-55.748 F1200
G1 X299.568 Y-55.716 F1200
G1 X299.559 Y-55.693 F1200
G1 X299.549 Y-55.674 F1200
G1 X299.538 Y-55.656 F1200
G1 X299.525 Y-55.636 F1200
G1 X299.510 Y-55.615 F1200
G1 X299.494 Y-55.594 F1200
G1 X299.475 Y-55.572 F1200
G1 X299.455 Y-55.550 F1200
G1 X299.433 Y-55.530 F1200
G1 X299.398 Y-55.499 F1200
G1 X299.362 Y-55.472 F1200
G1 X299.334 Y-55.455 F1200
G1 X299.311 Y-55.445 F1200
G1 X299.291 Y-55.439 F1200
G1 X299.269 Y-55.434 F1200
G1 X299.246 Y-55.429 F1200
G1 X299.221 Y-55.425 F1200
G1 X299.194 Y-55.421 F1200
G1 X299.166 Y-55.419 F1200
G1 X299.136 Y-55.418 F1200
G1 X298.846 Y-55.418 F1200
G1 X298.342 Y-55.418 F1200
G1 X297.805 Y-55.418 F1200
G1 X297.356 Y-55.418 F1200
G1 X297.002 Y-55.418 F1200
G1 X296.702 Y-55.418 F1200
G1 X296.427 Y-55.418 F1200
G1 X296.173 Y-55.418 F1200
G1 X295.946 Y-55.418 F1200
G1 X295.761 Y-55.418 F1200
G1 X295.633 Y-55.418 F1200
G1 X295.585 Y-55.418 F1200
G1 X295.345 Y-55.408 F1200
G1 X294.988 Y-55.370 F1200
G1 X294.677 Y-55.304 F1200
G1 X294.483 Y-55.217 F1200
G1 X294.377 Y-55.117 F1200
G1 X294.310 Y-55.005 F1200
G1 X294.254 Y-54.877 F1200
G1 X294.203 Y-54.730 F1200
G1 X294.158 Y-54.562 F1200
G1 X294.121 Y-54.370 F1200
G1 X294.096 Y-54.154 F1200
G1 X294.086 Y-53.915 F1200
G1 X294.086 Y-20.840 F1200
G1 X294.096 Y-20.600 F1200
G1 X294.134 Y-20.242 F1200
G1 X294.200 Y-19.931 F1200
G1 X294.286 Y-19.736 F1200
G1 X294.386 Y-19.630 F1200
G1 X294.498 Y-19.562 F1200
G1 X294.626 Y-19.506 F1200
G1 X294.772 Y-19.455 F1200
G1 X294.940 Y-19.409 F1200
G1 X295.131 Y-19.372 F1200
G1 X295.346 Y-19.347 F1200
G1 X295.585 Y-19.337 F1200
G1 X295.635 Y-19.337 F1200
G1 X295.804 Y-19.337 F1200
G1 X296.085 Y-19.337 F1200
G1 X296.421 Y-19.337 F1200
G1 X296.769 Y-19.337 F1200
G1 X297.116 Y-19.337 F1200
G1 X297.466 Y-19.337 F1200
G1 X297.820 Y-19.337 F1200
G1 X298.175 Y-19.337 F1200
G1 X298.522 Y-19.337 F1200
G1 X298.848 Y-19.337 F1200
G1 X299.136 Y-19.337 F1200
G1 X299.166 Y-19.336 F1200
G1 X299.212 Y-19.333 F1200
G1 X299.256 Y-19.326 F1200
G1 X299.289 Y-19.319 F1200
G1 X299.311 Y-19.310 F1200
G1 X299.331 Y-19.299 F1200
G1 X299.350 Y-19.288 F1200
G1 X299.369 Y-19.275 F1200
G1 X299.390 Y-19.261 F1200
G1 X299.412 Y-19.244 F1200
G1 X299.434 Y-19.225 F1200
G1 X299.455 Y-19.205 F1200
G1 X299.475 Y-19.183 F1200
G1 X299.506 Y-19.148 F1200
G1 X299.532 Y-19.113 F1200
G1 X299.549 Y-19.084 F1200
G1 X299.559 Y-19.062 F1200
G1 X299.566 Y-19.041 F1200
G1 X299.571 Y-19.020 F1200
G1 X299.576 Y-18.997 F1200
G1 X299.580 Y-18.971 F1200
G1 X299.584 Y-18.944 F1200
G1 X299.586 Y-18.916 F1200
G1 X299.587 Y-18.886 F1200
G1 X299.587 Y-18.817 F1200
G1 X299.587 Y-18.706 F1200
G1 X299.587 Y-18.597 F1200
G1 X299.587 Y-18.512 F1200
G1 X299.587 Y-18.448 F1200
G1 X299.587 Y-18.391 F1200
G1 X299.587 Y-18.334 F1200
G1 X299.587 Y-18.274 F1200
G1 X299.587 Y-18.210 F1200
G1 X299.587 Y-18.144 F1200
G1 X299.587 Y-18.075 F1200
G1 X299.587 Y-18.007 F1200
G1 X299.586 Y-17.977 F1200
G1 X299.582 Y-17.930 F1200
G1 X299.576 Y-17.886 F1200
G1 X299.568 Y-17.854 F1200
G1 X299.559 Y-17.831 F1200
G1 X299.549 Y-17.812 F1200
G1 X299.538 Y-17.793 F1200
G1 X299.525 Y-17.773 F1200
G1 X299.510 Y-17.753 F1200
G1 X299.494 Y-17.731 F1200
G1 X299.475 Y-17.709 F1200
G1 X299.455 Y-17.688 F1200
G1 X299.433 Y-17.668 F1200
G1 X299.398 Y-17.637 F1200
G1 X299.362 Y-17.610 F1200
G1 X299.334 Y-17.593 F1200
G1 X299.311 Y-17.583 F1200
G1 X299.291 Y-17.576 F1200
G1 X299.269 Y-17.571 F1200
G1 X299.246 Y-17.566 F1200
G1 X299.221 Y-17.562 F1200
G1 X299.194 Y-17.558 F1200
G1 X299.166 Y-17.556 F1200
G1 X299.136 Y-17.555 F1200
G1 X298.394 Y-17.555 F1200
G1 X296.935 Y-17.555 F1200
G1 X295.178 Y-17.555 F1200
G1 X293.504 Y-17.555 F1200
G1 X292.013 Y-17.555 F1200
G1 X290.639 Y-17.555 F1200
G1 X289.312 Y-17.555 F1200
G1 X288.018 Y-17.555 F1200
G1 X286.778 Y-17.555 F1200
G1 X285.636 Y-17.555 F1200
G1 X284.657 Y-17.555 F1200
G1 X283.923 Y-17.555 F1200
G1 X283.893 Y-17.556 F1200
G1 X283.846 Y-17.560 F1200
G1 X283.802 Y-17.566 F1200
G1 X283.770 Y-17.574 F1200
G1 X283.747 Y-17.583 F1200
G1 X283.728 Y-17.593 F1200
G1 X283.710 Y-17.605 F1200
G1 X283.690 Y-17.618 F1200
G1 X283.669 Y-17.632 F1200
G1 X283.648 Y-17.649 F1200
G1 X283.626 Y-17.668 F1200
G1 X283.604 Y-17.688 F1200
G1 X283.584 Y-17.710 F1200
G1 X283.553 Y-17.745 F1200
G1 X283.526 Y-17.780 F1200
G1 X283.509 Y-17.809 F1200
G1 X283.499 Y-17.831 F1200
G1 X283.493 Y-17.852 F1200
G1 X283.488 Y-17.873 F1200
G1 X283.483 Y-17.896 F1200
G1 X283.479 Y-17.922 F1200
G1 X283.475 Y-17.949 F1200
G1 X283.473 Y-17.977 F1200
G1 X283.472 Y-18.007 F1200
G1 X283.472 Y-18.076 F1200
G1 X283.472 Y-18.186 F1200
G1 X283.472 Y-18.296 F1200
G1 X283.472 Y-18.380 F1200
G1 X283.472 Y-18.444 F1200
G1 X283.472 Y-18.501 F1200
G1 X283.472 Y-18.558 F1200
G1 X283.472 Y-18.618 F1200
G1 X283.472 Y-18.682 F1200
G1 X283.472 Y-18.749 F1200
G1 X283.472 Y-18.818 F1200
G1 X283.472 Y-18.886 F1200
G1 X283.473 Y-18.916 F1200
G1 X283.476 Y-18.963 F1200
G1 X283.483 Y-19.007 F1200
G1 X283.490 Y-19.039 F1200
G1 X283.499 Y-19.062 F1200
G1 X283.510 Y-19.081 F1200
G1 X283.521 Y-19.100 F1200
G1 X283.534 Y-19.120 F1200
G1 X283.548 Y-19.140 F1200
G1 X283.565 Y-19.162 F1200
G1 X283.584 Y-19.184 F1200
G1 X283.604 Y-19.205 F1200
G1 X283.626 Y-19.225 F1200
G1 X283.661 Y-19.256 F1200
G1 X283.697 Y-19.283 F1200
G1 X283.725 Y-19.300 F1200
G1 X283.748 Y-19.310 F1200
G1 X283.768 Y-19.316 F1200
G1 X283.790 Y-19.321 F1200
G1 X283.813 Y-19.326 F1200
G1 X283.838 Y-19.330 F1200
G1 X283.865 Y-19.334 F1200
G1 X283.893 Y-19.336 F1200
G1 X283.923 Y-19.337 F1200
G1 X284.212 Y-19.337 F1200
G1 X284.716 Y-19.337 F1200
G1 X285.253 Y-19.337 F1200
G1 X285.701 Y-19.337 F1200
G1 X286.055 Y-19.337 F1200
G1 X286.356 Y-19.337 F1200
G1 X286.631 Y-19.337 F1200
G1 X286.885 Y-19.337 F1200
G1 X287.111 Y-19.337 F1200
G1 X287.297 Y-19.337 F1200
G1 X287.425 Y-19.337 F1200
G1 X287.473 Y-19.337 F1200
G1 X287.713 Y-19.347 F1200
G1 X288.070 Y-19.385 F1200
G1 X288.381 Y-19.451 F1200
G1 X288.575 Y-19.538 F1200
G1 X288.681 Y-19.638 F1200
G1 X288.749 Y-19.751 F1200
G1 X288.805 Y-19.879 F1200
G1 X288.856 Y-20.026 F1200
G1 X288.901 Y-20.194 F1200
G1 X288.938 Y-20.385 F1200
G1 X288.963 Y-20.601 F1200
G1 X288.973 Y-20.840 F1200
G1 X288.973 Y-53.915 F1200
G1 X288.963 Y-54.155 F1200
G1 X288.925 Y-54.513 F1200
G1 X288.859 Y-54.825 F1200
G1 X288.773 Y-55.020 F1200
G1 X288.673 Y-55.126 F1200
G1 X288.560 Y-55.194 F1200
G1 X288.433 Y-55.250 F1200
G1 X288.286 Y-55.300 F1200
G1 X288.119 Y-55.346 F1200
G1 X287.927 Y-55.383 F1200
G1 X287.712 Y-55.408 F1200
G1 X287.473 Y-55.418 F1200
; --- Shape: PATH ---
; Target Depth: 3mm, Steps: 1
; Pass 1/1 at Z-3.000
G0 Z5.000
G0 X343.997 Y-54.932
G1 Z-3.000 F400.0
G1 X341.482 Y-54.932 F1200
G1 X340.937 Y-54.904 F1200
G1 X340.105 Y-54.803 F1200
G1 X339.351 Y-54.623 F1200
G1 X338.839 Y-54.389 F1200
G1 X338.513 Y-54.119 F1200
G1 X338.261 Y-53.814 F1200
G1 X338.022 Y-53.468 F1200
G1 X337.778 Y-53.071 F1200
G1 X337.527 Y-52.617 F1200
G1 X337.273 Y-52.099 F1200
G1 X337.023 Y-51.515 F1200
G1 X336.788 Y-50.868 F1200
G1 X336.788 Y-50.868 F1200
G1 X336.788 Y-50.867 F1200
G1 X336.788 Y-50.867 F1200
G1 X336.788 Y-50.867 F1200
G1 X336.788 Y-50.867 F1200
G1 X336.788 Y-50.867 F1200
G1 X336.788 Y-50.867 F1200
G1 X336.788 Y-50.867 F1200
G1 X336.788 Y-50.867 F1200
G1 X336.788 Y-50.867 F1200
G1 X336.788 Y-50.867 F1200
G1 X336.788 Y-50.867 F1200
G1 X336.577 Y-50.238 F1200
G1 X335.892 Y-48.203 F1200
G1 X334.788 Y-44.924 F1200
G1 X333.506 Y-41.115 F1200
G1 X332.226 Y-37.310 F1200
G1 X330.997 Y-33.658 F1200
G1 X329.817 Y-30.146 F1200
G1 X328.689 Y-26.789 F1200
G1 X327.642 Y-23.667 F1200
G1 X326.722 Y-20.920 F1200
G1 X325.996 Y-18.743 F1200
G1 X325.545 Y-17.380 F1200
G1 X325.527 Y-17.335 F1200
G1 X325.495 Y-17.267 F1200
G1 X325.459 Y-17.206 F1200
G1 X325.424 Y-17.166 F1200
G1 X325.393 Y-17.142 F1200
G1 X325.362 Y-17.126 F1200
G1 X325.328 Y-17.112 F1200
G1 X325.292 Y-17.099 F1200
G1 X325.252 Y-17.087 F1200
G1 X325.209 Y-17.078 F1200
G1 X325.163 Y-17.071 F1200
G1 X325.115 Y-17.069 F1200
G1 X325.057 Y-17.069 F1200
G1 X324.963 Y-17.069 F1200
G1 X324.870 Y-17.069 F1200
G1 X324.798 Y-17.069 F1200
G1 X324.742 Y-17.069 F1200
G1 X324.693 Y-17.069 F1200
G1 X324.644 Y-17.069 F1200
G1 X324.592 Y-17.069 F1200
G1 X324.537 Y-17.069 F1200
G1 X324.480 Y-17.069 F1200
G1 X324.422 Y-17.069 F1200
G1 X324.365 Y-17.069 F1200
G1 X324.318 Y-17.071 F1200
G1 X324.244 Y-17.080 F1200
G1 X324.176 Y-17.095 F1200
G1 X324.128 Y-17.115 F1200
G1 X324.096 Y-17.136 F1200
G1 X324.071 Y-17.160 F1200
G1 X324.047 Y-17.186 F1200
G1 X324.024 Y-17.216 F1200
G1 X324.001 Y-17.248 F1200
G1 X323.978 Y-17.285 F1200
G1 X323.958 Y-17.325 F1200
G1 X323.940 Y-17.369 F1200
G1 X323.424 Y-18.791 F1200
G1 X322.253 Y-22.001 F1200
G1 X320.685 Y-26.277 F1200
G1 X319.074 Y-30.658 F1200
G1 X317.587 Y-34.694 F1200
G1 X316.222 Y-38.394 F1200
G1 X314.948 Y-41.850 F1200
G1 X313.765 Y-45.056 F1200
G1 X312.710 Y-47.915 F1200
G1 X311.844 Y-50.262 F1200
G1 X311.250 Y-51.875 F1200
G1 X311.026 Y-52.482 F1200
G1 X311.026 Y-52.482 F1200
G1 X311.026 Y-52.482 F1200
G1 X311.026 Y-52.482 F1200
G1 X311.026 Y-52.482 F1200
G1 X311.026 Y-52.482 F1200
G1 X311.026 Y-52.482 F1200
G1 X311.026 Y-52.482 F1200
G1 X311.026 Y-52.482 F1200
G1 X311.026 Y-52.482 F1200
G1 X311.026 Y-52.483 F1200
G1 X311.026 Y-52.483 F1200
G1 X311.026 Y-52.483 F1200
G1 X310.940 Y-52.709 F1200
G1 X310.801 Y-53.053 F1200
G1 X310.662 Y-53.365 F1200
G1 X310.552 Y-53.576 F1200
G1 X310.464 Y-53.709 F1200
G1 X310.383 Y-53.812 F1200
G1 X310.298 Y-53.908 F1200
G1 X310.204 Y-54.007 F1200
G1 X310.101 Y-54.108 F1200
G1 X309.989 Y-54.210 F1200
G1 X309.868 Y-54.310 F1200
G1 X309.740 Y-54.403 F1200
G1 X309.607 Y-54.487 F1200
G1 X309.390 Y-54.613 F1200
G1 X309.173 Y-54.723 F1200
G1 X309.001 Y-54.791 F1200
G1 X308.864 Y-54.829 F1200
G1 X308.737 Y-54.853 F1200
G1 X308.603 Y-54.872 F1200
G1 X308.456 Y-54.890 F1200
G1 X308.295 Y-54.906 F1200
G1 X308.119 Y-54.920 F1200
G1 X307.929 Y-54.929 F1200
G1 X307.728 Y-54.932 F1200
G1 X307.686 Y-54.932 F1200
G1 X307.542 Y-54.932 F1200
G1 X307.304 Y-54.932 F1200
G1 X307.019 Y-54.932 F1200
G1 X306.722 Y-54.932 F1200
G1 X306.425 Y-54.932 F1200
G1 X306.125 Y-54.932 F1200
G1 X305.819 Y-54.932 F1200
G1 X305.512 Y-54.932 F1200
G1 X305.208 Y-54.932 F1200
G1 X304.920 Y-54.932 F1200
G1 X304.661 Y-54.932 F1200
G1 X304.631 Y-54.933 F1200
G1 X304.584 Y-54.936 F1200
G1 X304.540 Y-54.943 F1200
G1 X304.507 Y-54.950 F1200
G1 X304.485 Y-54.959 F1200
G1 X304.465 Y-54.970 F1200
G1 X304.446 Y-54.981 F1200
G1 X304.427 Y-54.994 F1200
G1 X304.406 Y-55.008 F1200
G1 X304.384 Y-55.025 F1200
G1 X304.362 Y-55.044 F1200
G1 X304.341 Y-55.064 F1200
G1 X304.321 Y-55.086 F1200
G1 X304.290 Y-55.121 F1200
G1 X304.263 Y-55.156 F1200
G1 X304.245 Y-55.184 F1200
G1 X304.235 Y-55.207 F1200
G1 X304.229 Y-55.227 F1200
G1 X304.223 Y-55.249 F1200
G1 X304.218 Y-55.272 F1200
G1 X304.214 Y-55.297 F1200
G1 X304.210 Y-55.324 F1200
G1 X304.208 Y-55.352 F1200
G1 X304.207 Y-55.382 F1200
G1 X304.207 Y-55.451 F1200
G1 X304.207 Y-55.562 F1200
G1 X304.207 Y-55.671 F1200
G1 X304.207 Y-55.756 F1200
G1 X304.207 Y-55.820 F1200
G1 X304.207 Y-55.877 F1200
G1 X304.207 Y-55.934 F1200
G1 X304.207 Y-55.995 F1200
G1 X304.207 Y-56.058 F1200
G1 X304.207 Y-56.125 F1200
G1 X304.207 Y-56.194 F1200
G1 X304.207 Y-56.262 F1200
G1 X304.208 Y-56.292 F1200
G1 X304.212 Y-56.338 F1200
G1 X304.218 Y-56.382 F1200
G1 X304.226 Y-56.414 F1200
G1 X304.235 Y-56.437 F1200
G1 X304.246 Y-56.456 F1200
G1 X304.257 Y-56.475 F1200
G1 X304.270 Y-56.495 F1200
G1 X304.285 Y-56.516 F1200
G1 X304.302 Y-56.537 F1200
G1 X304.321 Y-56.559 F1200
G1 X304.341 Y-56.581 F1200
G1 X304.363 Y-56.601 F1200
G1 X304.398 Y-56.632 F1200
G1 X304.434 Y-56.659 F1200
G1 X304.462 Y-56.676 F1200
G1 X304.485 Y-56.686 F1200
G1 X304.505 Y-56.692 F1200
G1 X304.527 Y-56.698 F1200
G1 X304.550 Y-56.703 F1200
G1 X304.575 Y-56.707 F1200
G1 X304.603 Y-56.711 F1200
G1 X304.631 Y-56.713 F1200
G1 X304.661 Y-56.714 F1200
G1 X305.471 Y-56.714 F1200
G1 X307.079 Y-56.714 F1200
G1 X309.034 Y-56.714 F1200
G1 X310.911 Y-56.714 F1200
G1 X312.590 Y-56.714 F1200
G1 X314.141 Y-56.714 F1200
G1 X315.635 Y-56.714 F1200
G1 X317.090 Y-56.714 F1200
G1 X318.479 Y-56.714 F1200
G1 X319.753 Y-56.714 F1200
G1 X320.837 Y-56.714 F1200
G1 X321.638 Y-56.714 F1200
G1 X321.668 Y-56.713 F1200
G1 X321.715 Y-56.709 F1200
G1 X321.759 Y-56.703 F1200
G1 X321.791 Y-56.695 F1200
G1 X321.814 Y-56.686 F1200
G1 X321.833 Y-56.675 F1200
G1 X321.852 Y-56.664 F1200
G1 X321.872 Y-56.651 F1200
G1 X321.893 Y-56.636 F1200
G1 X321.914 Y-56.620 F1200
G1 X321.936 Y-56.601 F1200
G1 X321.958 Y-56.581 F1200
G1 X321.978 Y-56.559 F1200
G1 X322.009 Y-56.523 F1200
G1 X322.036 Y-56.488 F1200
G1 X322.053 Y-56.459 F1200
G1 X322.063 Y-56.437 F1200
G1 X322.069 Y-56.416 F1200
G1 X322.074 Y-56.395 F1200
G1 X322.079 Y-56.372 F1200
G1 X322.083 Y-56.347 F1200
G1 X322.087 Y-56.320 F1200
G1 X322.089 Y-56.292 F1200
G1 X322.090 Y-56.262 F1200
G1 X322.090 Y-56.193 F1200
G1 X322.090 Y-56.082 F1200
G1 X322.090 Y-55.973 F1200
G1 X322.090 Y-55.888 F1200
G1 X322.090 Y-55.824 F1200
G1 X322.090 Y-55.767 F1200
G1 X322.090 Y-55.710 F1200
G1 X322.090 Y-55.649 F1200
G1 X322.090 Y-55.586 F1200
G1 X322.090 Y-55.519 F1200
G1 X322.090 Y-55.450 F1200
G1 X322.090 Y-55.382 F1200
G1 X322.086 Y-55.321 F1200
G1 X322.071 Y-55.227 F1200
G1 X322.047 Y-55.141 F1200
G1 X322.016 Y-55.083 F1200
G1 X321.981 Y-55.048 F1200
G1 X321.944 Y-55.022 F1200
G1 X321.904 Y-55.000 F1200
G1 X321.859 Y-54.979 F1200
G1 X321.810 Y-54.961 F1200
G1 X321.757 Y-54.946 F1200
G1 X321.699 Y-54.936 F1200
G1 X321.638 Y-54.932 F1200
G1 X321.367 Y-54.932 F1200
G1 X320.900 Y-54.932 F1200
G1 X320.406 Y-54.932 F1200
G1 X319.996 Y-54.932 F1200
G1 X319.676 Y-54.932 F1200
G1 X319.406 Y-54.932 F1200
G1 X319.159 Y-54.932 F1200
G1 X318.931 Y-54.932 F1200
G1 X318.728 Y-54.932 F1200
G1 X318.561 Y-54.932 F1200
G1 X318.446 Y-54.932 F1200
G1 X318.403 Y-54.932 F1200
G1 X318.274 Y-54.929 F1200
G1 X318.074 Y-54.919 F1200
G1 X317.887 Y-54.900 F1200
G1 X317.754 Y-54.876 F1200
G1 X317.661 Y-54.848 F1200
G1 X317.584 Y-54.817 F1200
G1 X317.507 Y-54.782 F1200
G1 X317.426 Y-54.741 F1200
G1 X317.340 Y-54.694 F1200
G1 X317.249 Y-54.641 F1200
G1 X317.156 Y-54.581 F1200
G1 X317.062 Y-54.514 F1200
G1 X316.972 Y-54.444 F1200
G1 X316.839 Y-54.330 F1200
G1 X316.723 Y-54.219 F1200
G1 X316.650 Y-54.133 F1200
G1 X316.610 Y-54.066 F1200
G1 X316.585 Y-54.006 F1200
G1 X316.565 Y-53.943 F1200
G1 X316.546 Y-53.874 F1200
G1 X316.529 Y-53.800 F1200
G1 X316.515 Y-53.718 F1200
G1 X316.506 Y-53.631 F1200
G1 X316.502 Y-53.540 F1200
G1 X316.504 Y-53.438 F1200
G1 X316.509 Y-53.277 F1200
G1 X316.519 Y-53.123 F1200
G1 X316.532 Y-53.008 F1200
G1 X316.547 Y-52.924 F1200
G1 X316.564 Y-52.851 F1200
G1 X316.583 Y-52.776 F1200
G1 X316.605 Y-52.696 F1200
G1 X316.630 Y-52.609 F1200
G1 X316.658 Y-52.516 F1200
G1 X316.690 Y-52.417 F1200
G1 X316.726 Y-52.316 F1200
G1 X316.726 Y-52.316 F1200
G1 X316.726 Y-52.316 F1200
G1 X316.726 Y-52.316 F1200
G1 X316.726 Y-52.316 F1200
G1 X316.726 Y-52.316 F1200
G1 X316.726 Y-52.315 F1200
G1 X316.726 Y-52.315 F1200
G1 X316.726 Y-52.315 F1200
G1 X316.726 Y-52.315 F1200
G1 X316.726 Y-52.315 F1200
G1 X316.726 Y-52.315 F1200
G1 X316.726 Y-52.315 F1200
G1 X316.870 Y-51.912 F1200
G1 X317.354 Y-50.555 F1200
G1 X318.150 Y-48.324 F1200
G1 X319.092 Y-45.684 F1200
G1 X320.051 Y-42.997 F1200
G1 X320.990 Y-40.363 F1200
G1 X321.917 Y-37.767 F1200
G1 X322.829 Y-35.210 F1200
G1 X323.713 Y-32.732 F1200
G1 X324.539 Y-30.416 F1200
G1 X325.265 Y-28.381 F1200
G1 X325.836 Y-26.781 F1200
G1 X325.854 Y-26.737 F1200
G1 X325.888 Y-26.670 F1200
G1 X325.926 Y-26.610 F1200
G1 X325.961 Y-26.571 F1200
G1 X325.993 Y-26.549 F1200
G1 X326.024 Y-26.533 F1200
G1 X326.058 Y-26.520 F1200
G1 X326.094 Y-26.508 F1200
G1 X326.134 Y-26.498 F1200
G1 X326.176 Y-26.489 F1200
G1 X326.222 Y-26.484 F1200
G1 X326.270 Y-26.482 F1200
G1 X326.318 Y-26.485 F1200
G1 X326.392 Y-26.495 F1200
G1 X326.461 Y-26.512 F1200
G1 X326.509 Y-26.532 F1200
G1 X326.541 Y-26.555 F1200
G1 X326.566 Y-26.579 F1200
G1 X326.589 Y-26.606 F1200
G1 X326.612 Y-26.637 F1200
G1 X326.634 Y-26.670 F1200
G1 X326.656 Y-26.708 F1200
G1 X326.676 Y-26.749 F1200
G1 X326.693 Y-26.794 F1200
G1 X327.156 Y-28.212 F1200
G1 X328.015 Y-30.845 F1200
G1 X328.993 Y-33.840 F1200
G1 X329.869 Y-36.523 F1200
G1 X330.602 Y-38.769 F1200
G1 X331.244 Y-40.737 F1200
G1 X331.836 Y-42.553 F1200
G1 X332.385 Y-44.235 F1200
G1 X332.875 Y-45.735 F1200
G1 X333.277 Y-46.967 F1200
G1 X333.554 Y-47.816 F1200
G1 X333.659 Y-48.138 F1200
G1 X333.659 Y-48.138 F1200
G1 X333.659 Y-48.138 F1200
G1 X333.659 Y-48.138 F1200
G1 X333.659 Y-48.138 F1200
G1 X333.659 Y-48.138 F1200
G1 X333.659 Y-48.139 F1200
G1 X333.659 Y-48.139 F1200
G1 X333.659 Y-48.139 F1200
G1 X333.659 Y-48.139 F1200
G1 X333.659 Y-48.139 F1200
G1 X333.659 Y-48.139 F1200
G1 X333.659 Y-48.139 F1200
G1 X333.766 Y-48.481 F1200
G1 X333.925 Y-49.017 F1200
G1 X334.064 Y-49.525 F1200
G1 X334.151 Y-49.898 F1200
G1 X334.198 Y-50.166 F1200
G1 X334.229 Y-50.396 F1200
G1 X334.254 Y-50.630 F1200
G1 X334.276 Y-50.879 F1200
G1 X334.297 Y-51.146 F1200
G1 X334.313 Y-51.431 F1200
G1 X334.325 Y-51.730 F1200
G1 X334.329 Y-52.036 F1200
G1 X334.324 Y-52.229 F1200
G1 X334.307 Y-52.529 F1200
G1 X334.276 Y-52.809 F1200
G1 X334.236 Y-53.010 F1200
G1 X334.190 Y-53.150 F1200
G1 X334.137 Y-53.268 F1200
G1 X334.078 Y-53.385 F1200
G1 X334.010 Y-53.509 F1200
G1 X333.932 Y-53.640 F1200
G1 X333.843 Y-53.779 F1200
G1 X333.742 Y-53.923 F1200
G1 X333.631 Y-54.068 F1200
G1 X333.509 Y-54.206 F1200
G1 X333.307 Y-54.412 F1200
G1 X333.098 Y-54.591 F1200
G1 X332.924 Y-54.703 F1200
G1 X332.778 Y-54.764 F1200
G1 X332.637 Y-54.803 F1200
G1 X332.487 Y-54.835 F1200
G1 X332.322 Y-54.864 F1200
G1 X332.138 Y-54.890 F1200
G1 X331.936 Y-54.912 F1200
G1 X331.715 Y-54.926 F1200
G1 X331.479 Y-54.932 F1200
G1 X331.445 Y-54.932 F1200
G1 X331.328 Y-54.932 F1200
G1 X331.133 Y-54.932 F1200
G1 X330.899 Y-54.932 F1200
G1 X330.655 Y-54.932 F1200
G1 X330.409 Y-54.932 F1200
G1 X330.160 Y-54.932 F1200
G1 X329.904 Y-54.932 F1200
G1 X329.645 Y-54.932 F1200
G1 X329.388 Y-54.932 F1200
G1 X329.140 Y-54.932 F1200
G1 X328.914 Y-54.932 F1200
G1 X328.884 Y-54.933 F1200
G1 X328.837 Y-54.936 F1200
G1 X328.793 Y-54.943 F1200
G1 X328.761 Y-54.950 F1200
G1 X328.738 Y-54.959 F1200
G1 X328.719 Y-54.970 F1200
G1 X328.700 Y-54.981 F1200
G1 X328.680 Y-54.994 F1200
G1 X328.660 Y-55.008 F1200
G1 X328.638 Y-55.025 F1200
G1 X328.616 Y-55.044 F1200
G1 X328.595 Y-55.064 F1200
G1 X328.574 Y-55.086 F1200
G1 X328.543 Y-55.121 F1200
G1 X328.516 Y-55.156 F1200
G1 X328.499 Y-55.184 F1200
G1 X328.489 Y-55.207 F1200
G1 X328.482 Y-55.227 F1200
G1 X328.477 Y-55.249 F1200
G1 X328.472 Y-55.272 F1200
G1 X328.468 Y-55.297 F1200
G1 X328.464 Y-55.324 F1200
G1 X328.462 Y-55.352 F1200
G1 X328.461 Y-55.382 F1200
G1 X328.461 Y-55.451 F1200
G1 X328.461 Y-55.562 F1200
G1 X328.461 Y-55.671 F1200
G1 X328.461 Y-55.756 F1200
G1 X328.461 Y-55.820 F1200
G1 X328.461 Y-55.877 F1200
G1 X328.461 Y-55.934 F1200
G1 X328.461 Y-55.995 F1200
G1 X328.461 Y-56.058 F1200
G1 X328.461 Y-56.125 F1200
G1 X328.461 Y-56.194 F1200
G1 X328.461 Y-56.262 F1200
G1 X328.462 Y-56.292 F1200
G1 X328.466 Y-56.338 F1200
G1 X328.472 Y-56.382 F1200
G1 X328.480 Y-56.414 F1200
G1 X328.489 Y-56.437 F1200
G1 X328.499 Y-56.456 F1200
G1 X328.511 Y-56.475 F1200
G1 X328.524 Y-56.495 F1200
G1 X328.539 Y-56.516 F1200
G1 X328.556 Y-56.537 F1200
G1 X328.574 Y-56.559 F1200
G1 X328.595 Y-56.581 F1200
G1 X328.617 Y-56.601 F1200
G1 X328.652 Y-56.632 F1200
G1 X328.687 Y-56.659 F1200
G1 X328.716 Y-56.676 F1200
G1 X328.738 Y-56.686 F1200
G1 X328.759 Y-56.692 F1200
G1 X328.780 Y-56.698 F1200
G1 X328.803 Y-56.703 F1200
G1 X328.829 Y-56.707 F1200
G1 X328.856 Y-56.711 F1200
G1 X328.884 Y-56.713 F1200
G1 X328.914 Y-56.714 F1200
G1 X330.512 Y-56.714 F1200
G1 X334.001 Y-56.714 F1200
G1 X338.561 Y-56.714 F1200
G1 X343.192 Y-56.714 F1200
G1 X347.473 Y-56.714 F1200
G1 X351.458 Y-56.714 F1200
G1 X355.268 Y-56.714 F1200
G1 X358.919 Y-56.714 F1200
G1 X362.331 Y-56.714 F1200
G1 X365.355 Y-56.714 F1200
G1 X367.787 Y-56.714 F1200
G1 X369.363 Y-56.714 F1200
G1 X369.393 Y-56.713 F1200
G1 X369.439 Y-56.709 F1200
G1 X369.483 Y-56.703 F1200
G1 X369.516 Y-56.695 F1200
G1 X369.539 Y-56.686 F1200
G1 X369.558 Y-56.675 F1200
G1 X369.577 Y-56.664 F1200
G1 X369.597 Y-56.651 F1200
G1 X369.618 Y-56.636 F1200
G1 X369.640 Y-56.620 F1200
G1 X369.662 Y-56.601 F1200
G1 X369.684 Y-56.581 F1200
G1 X369.704 Y-56.559 F1200
G1 X369.735 Y-56.523 F1200
G1 X369.761 Y-56.488 F1200
G1 X369.778 Y-56.459 F1200
G1 X369.788 Y-56.437 F1200
G1 X369.795 Y-56.416 F1200
G1 X369.800 Y-56.395 F1200
G1 X369.805 Y-56.372 F1200
G1 X369.809 Y-56.347 F1200
G1 X369.813 Y-56.320 F1200
G1 X369.815 Y-56.292 F1200
G1 X369.816 Y-56.262 F1200
G1 X369.816 Y-56.193 F1200
G1 X369.816 Y-56.082 F1200
G1 X369.816 Y-55.973 F1200
G1 X369.816 Y-55.888 F1200
G1 X369.816 Y-55.824 F1200
G1 X369.816 Y-55.767 F1200
G1 X369.816 Y-55.710 F1200
G1 X369.816 Y-55.649 F1200
G1 X369.816 Y-55.586 F1200
G1 X369.816 Y-55.519 F1200
G1 X369.816 Y-55.450 F1200
G1 X369.816 Y-55.382 F1200
G1 X369.815 Y-55.352 F1200
G1 X369.811 Y-55.305 F1200
G1 X369.805 Y-55.261 F1200
G1 X369.797 Y-55.229 F1200
G1 X369.788 Y-55.207 F1200
G1 X369.778 Y-55.188 F1200
G1 X369.767 Y-55.169 F1200
G1 X369.754 Y-55.149 F1200
G1 X369.739 Y-55.129 F1200
G1 X369.723 Y-55.107 F1200
G1 X369.704 Y-55.085 F1200
G1 X369.684 Y-55.064 F1200
G1 X369.662 Y-55.044 F1200
G1 X369.626 Y-55.013 F1200
G1 X369.590 Y-54.986 F1200
G1 X369.561 Y-54.969 F1200
G1 X369.538 Y-54.959 F1200
G1 X369.518 Y-54.953 F1200
G1 X369.496 Y-54.948 F1200
G1 X369.473 Y-54.943 F1200
G1 X369.448 Y-54.939 F1200
G1 X369.421 Y-54.935 F1200
G1 X369.393 Y-54.933 F1200
G1 X369.363 Y-54.932 F1200
G1 X369.072 Y-54.932 F1200
G1 X368.565 Y-54.932 F1200
G1 X368.024 Y-54.932 F1200
G1 X367.573 Y-54.932 F1200
G1 X367.217 Y-54.932 F1200
G1 X366.915 Y-54.932 F1200
G1 X366.639 Y-54.932 F1200
G1 X366.383 Y-54.932 F1200
G1 X366.155 Y-54.932 F1200
G1 X365.969 Y-54.932 F1200
G1 X365.840 Y-54.932 F1200
G1 X365.792 Y-54.932 F1200
G1 X365.551 Y-54.922 F1200
G1 X365.191 Y-54.884 F1200
G1 X364.878 Y-54.818 F1200
G1 X364.683 Y-54.731 F1200
G1 X364.576 Y-54.631 F1200
G1 X364.508 Y-54.518 F1200
G1 X364.452 Y-54.390 F1200
G1 X364.401 Y-54.243 F1200
G1 X364.356 Y-54.075 F1200
G1 X364.318 Y-53.883 F1200
G1 X364.293 Y-53.667 F1200
G1 X364.283 Y-53.428 F1200
G1 X364.283 Y-20.354 F1200
G1 X364.293 Y-20.114 F1200
G1 X364.331 Y-19.756 F1200
G1 X364.398 Y-19.444 F1200
G1 X364.485 Y-19.249 F1200
G1 X364.585 Y-19.143 F1200
G1 X364.698 Y-19.075 F1200
G1 X364.826 Y-19.019 F1200
G1 X364.974 Y-18.969 F1200
G1 X365.143 Y-18.923 F1200
G1 X365.335 Y-18.886 F1200
G1 X365.552 Y-18.861 F1200
G1 X365.792 Y-18.851 F1200
G1 X365.842 Y-18.851 F1200
G1 X366.012 Y-18.851 F1200
G1 X366.295 Y-18.851 F1200
G1 X366.633 Y-18.851 F1200
G1 X366.983 Y-18.851 F1200
G1 X367.332 Y-18.851 F1200
G1 X367.684 Y-18.851 F1200
G1 X368.040 Y-18.851 F1200
G1 X368.396 Y-18.851 F1200
G1 X368.745 Y-18.851 F1200
G1 X369.073 Y-18.851 F1200
G1 X369.363 Y-18.851 F1200
G1 X369.393 Y-18.850 F1200
G1 X369.439 Y-18.847 F1200
G1 X369.483 Y-18.840 F1200
G1 X369.516 Y-18.833 F1200
G1 X369.539 Y-18.823 F1200
G1 X369.558 Y-18.813 F1200
G1 X369.577 Y-18.802 F1200
G1 X369.597 Y-18.789 F1200
G1 X369.618 Y-18.774 F1200
G1 X369.640 Y-18.757 F1200
G1 X369.662 Y-18.739 F1200
G1 X369.684 Y-18.718 F1200
G1 X369.704 Y-18.696 F1200
G1 X369.735 Y-18.661 F1200
G1 X369.761 Y-18.626 F1200
G1 X369.778 Y-18.598 F1200
G1 X369.788 Y-18.575 F1200
G1 X369.795 Y-18.555 F1200
G1 X369.800 Y-18.533 F1200
G1 X369.805 Y-18.510 F1200
G1 X369.809 Y-18.485 F1200
G1 X369.813 Y-18.458 F1200
G1 X369.815 Y-18.430 F1200
G1 X369.816 Y-18.400 F1200
G1 X369.816 Y-18.331 F1200
G1 X369.816 Y-18.220 F1200
G1 X369.816 Y-18.110 F1200
G1 X369.816 Y-18.026 F1200
G1 X369.816 Y-17.962 F1200
G1 X369.816 Y-17.905 F1200
G1 X369.816 Y-17.848 F1200
G1 X369.816 Y-17.788 F1200
G1 X369.816 Y-17.724 F1200
G1 X369.816 Y-17.657 F1200
G1 X369.816 Y-17.589 F1200
G1 X369.816 Y-17.521 F1200
G1 X369.815 Y-17.491 F1200
G1 X369.811 Y-17.444 F1200
G1 X369.805 Y-17.400 F1200
G1 X369.797 Y-17.367 F1200
G1 X369.788 Y-17.345 F1200
G1 X369.778 Y-17.325 F1200
G1 X369.767 Y-17.306 F1200
G1 X369.754 Y-17.287 F1200
G1 X369.739 Y-17.266 F1200
G1 X369.723 Y-17.244 F1200
G1 X369.704 Y-17.222 F1200
G1 X369.684 Y-17.201 F1200
G1 X369.662 Y-17.181 F1200
G1 X369.626 Y-17.150 F1200
G1 X369.590 Y-17.124 F1200
G1 X369.561 Y-17.107 F1200
G1 X369.538 Y-17.097 F1200
G1 X369.518 Y-17.090 F1200
G1 X369.496 Y-17.085 F1200
G1 X369.473 Y-17.080 F1200
G1 X369.448 Y-17.076 F1200
G1 X369.421 Y-17.072 F1200
G1 X369.393 Y-17.070 F1200
G1 X369.363 Y-17.069 F1200
G1 X368.135 Y-17.069 F1200
G1 X365.552 Y-17.069 F1200
G1 X362.264 Y-17.069 F1200
G1 X358.991 Y-17.069 F1200
G1 X356.001 Y-17.069 F1200
G1 X353.224 Y-17.069 F1200
G1 X350.562 Y-17.069 F1200
G1 X347.998 Y-17.069 F1200
G1 X345.583 Y-17.069 F1200
G1 X343.417 Y-17.069 F1200
G1 X341.639 Y-17.069 F1200
G1 X340.426 Y-17.069 F1200
G1 X340.396 Y-17.070 F1200
G1 X340.350 Y-17.074 F1200
G1 X340.306 Y-17.080 F1200
G1 X340.273 Y-17.088 F1200
G1 X340.251 Y-17.097 F1200
G1 X340.231 Y-17.107 F1200
G1 X340.212 Y-17.118 F1200
G1 X340.193 Y-17.131 F1200
G1 X340.172 Y-17.146 F1200
G1 X340.150 Y-17.162 F1200
G1 X340.128 Y-17.181 F1200
G1 X340.107 Y-17.201 F1200
G1 X340.086 Y-17.223 F1200
G1 X340.055 Y-17.258 F1200
G1 X340.028 Y-17.294 F1200
G1 X340.011 Y-17.322 F1200
G1 X340.001 Y-17.345 F1200
G1 X339.994 Y-17.365 F1200
G1 X339.989 Y-17.387 F1200
G1 X339.984 Y-17.410 F1200
G1 X339.980 Y-17.435 F1200
G1 X339.976 Y-17.463 F1200
G1 X339.974 Y-17.491 F1200
G1 X339.973 Y-17.521 F1200
G1 X339.973 Y-17.589 F1200
G1 X339.973 Y-17.700 F1200
G1 X339.973 Y-17.809 F1200
G1 X339.973 Y-17.893 F1200
G1 X339.973 Y-17.958 F1200
G1 X339.973 Y-18.014 F1200
G1 X339.973 Y-18.072 F1200
G1 X339.973 Y-18.132 F1200
G1 X339.973 Y-18.196 F1200
G1 X339.973 Y-18.263 F1200
G1 X339.973 Y-18.332 F1200
G1 X339.973 Y-18.400 F1200
G1 X339.974 Y-18.430 F1200
G1 X339.978 Y-18.477 F1200
G1 X339.984 Y-18.521 F1200
G1 X339.992 Y-18.553 F1200
G1 X340.001 Y-18.575 F1200
G1 X340.011 Y-18.594 F1200
G1 X340.023 Y-18.613 F1200
G1 X340.036 Y-18.633 F1200
G1 X340.051 Y-18.653 F1200
G1 X340.068 Y-18.675 F1200
G1 X340.086 Y-18.697 F1200
G1 X340.107 Y-18.718 F1200
G1 X340.129 Y-18.739 F1200
G1 X340.164 Y-18.770 F1200
G1 X340.200 Y-18.797 F1200
G1 X340.228 Y-18.814 F1200
G1 X340.251 Y-18.824 F1200
G1 X340.271 Y-18.830 F1200
G1 X340.293 Y-18.835 F1200
G1 X340.316 Y-18.840 F1200
G1 X340.341 Y-18.844 F1200
G1 X340.368 Y-18.848 F1200
G1 X340.396 Y-18.850 F1200
G1 X340.426 Y-18.851 F1200
G1 X340.717 Y-18.851 F1200
G1 X341.224 Y-18.851 F1200
G1 X341.765 Y-18.851 F1200
G1 X342.216 Y-18.851 F1200
G1 X342.572 Y-18.851 F1200
G1 X342.874 Y-18.851 F1200
G1 X343.150 Y-18.851 F1200
G1 X343.406 Y-18.851 F1200
G1 X343.634 Y-18.851 F1200
G1 X343.820 Y-18.851 F1200
G1 X343.949 Y-18.851 F1200
G1 X343.997 Y-18.851 F1200
G1 X344.238 Y-18.861 F1200
G1 X344.598 Y-18.899 F1200
G1 X344.911 Y-18.965 F1200
G1 X345.106 Y-19.052 F1200
G1 X345.213 Y-19.152 F1200
G1 X345.281 Y-19.264 F1200
G1 X345.337 Y-19.392 F1200
G1 X345.388 Y-19.539 F1200
G1 X345.433 Y-19.707 F1200
G1 X345.471 Y-19.899 F1200
G1 X345.496 Y-20.115 F1200
G1 X345.506 Y-20.354 F1200
G1 X345.506 Y-53.428 F1200
G1 X345.496 Y-53.668 F1200
G1 X345.458 Y-54.026 F1200
G1 X345.391 Y-54.338 F1200
G1 X345.304 Y-54.533 F1200
G1 X345.204 Y-54.639 F1200
G1 X345.091 Y-54.707 F1200
G1 X344.963 Y-54.763 F1200
G1 X344.815 Y-54.814 F1200
G1 X344.646 Y-54.860 F1200
G1 X344.454 Y-54.897 F1200
G1 X344.237 Y-54.922 F1200
G1 X343.997 Y-54.932 F1200
G1 X343.997 Y-54.932 F1200
G0 Z5.000
G0 X357.633 Y-54.932
G1 Z-3.000 F400.0
G1 X352.156 Y-54.932 F1200
G1 X351.915 Y-54.922 F1200
G1 X351.555 Y-54.884 F1200
G1 X351.242 Y-54.818 F1200
G1 X351.047 Y-54.731 F1200
G1 X350.940 Y-54.631 F1200
G1 X350.872 Y-54.518 F1200
G1 X350.816 Y-54.390 F1200
G1 X350.765 Y-54.243 F1200
G1 X350.720 Y-54.075 F1200
G1 X350.682 Y-53.883 F1200
G1 X350.657 Y-53.667 F1200
G1 X350.647 Y-53.428 F1200
G1 X350.647 Y-20.354 F1200
G1 X350.657 Y-20.114 F1200
G1 X350.695 Y-19.756 F1200
G1 X350.762 Y-19.444 F1200
G1 X350.849 Y-19.249 F1200
G1 X350.949 Y-19.143 F1200
G1 X351.062 Y-19.075 F1200
G1 X351.190 Y-19.019 F1200
G1 X351.338 Y-18.969 F1200
G1 X351.507 Y-18.923 F1200
G1 X351.699 Y-18.886 F1200
G1 X351.916 Y-18.861 F1200
G1 X352.156 Y-18.851 F1200
G1 X357.633 Y-18.851 F1200
G1 X357.874 Y-18.861 F1200
G1 X358.234 Y-18.899 F1200
G1 X358.547 Y-18.965 F1200
G1 X358.742 Y-19.052 F1200
G1 X358.849 Y-19.152 F1200
G1 X358.917 Y-19.264 F1200
G1 X358.973 Y-19.392 F1200
G1 X359.024 Y-19.539 F1200
G1 X359.069 Y-19.707 F1200
G1 X359.107 Y-19.899 F1200
G1 X359.132 Y-20.115 F1200
G1 X359.142 Y-20.354 F1200
G1 X359.142 Y-53.428 F1200
G1 X359.132 Y-53.668 F1200
G1 X359.094 Y-54.026 F1200
G1 X359.027 Y-54.338 F1200
G1 X358.940 Y-54.533 F1200
G1 X358.840 Y-54.639 F1200
G1 X358.727 Y-54.707 F1200
G1 X358.599 Y-54.763 F1200
G1 X358.451 Y-54.814 F1200
G1 X358.282 Y-54.860 F1200
G1 X358.090 Y-54.897 F1200
G1 X357.873 Y-54.922 F1200
G1 X357.633 Y-54.932 F1200
; --- Shape: PATH ---
; Target Depth: 3mm, Steps: 1
; Pass 1/1 at Z-3.000
G0 Z5.000
G0 X485.461 Y-17.880
G1 Z-3.000 F400.0
G1 X485.460 Y-17.850 F1200
G1 X485.457 Y-17.804 F1200
G1 X485.450 Y-17.760 F1200
G1 X485.443 Y-17.728 F1200
G1 X485.434 Y-17.705 F1200
G1 X485.423 Y-17.686 F1200
G1 X485.412 Y-17.667 F1200
G1 X485.399 Y-17.647 F1200
G1 X485.385 Y-17.626 F1200
G1 X485.368 Y-17.605 F1200
G1 X485.349 Y-17.583 F1200
G1 X485.329 Y-17.561 F1200
G1 X485.307 Y-17.541 F1200
G1 X485.272 Y-17.510 F1200
G1 X485.237 Y-17.484 F1200
G1 X485.208 Y-17.467 F1200
G1 X485.186 Y-17.457 F1200
G1 X485.165 Y-17.451 F1200
G1 X485.144 Y-17.446 F1200
G1 X485.121 Y-17.441 F1200
G1 X485.095 Y-17.437 F1200
G1 X485.068 Y-17.433 F1200
G1 X485.040 Y-17.431 F1200
G1 X485.010 Y-17.430 F1200
G1 X483.856 Y-17.430 F1200
G1 X481.445 Y-17.430 F1200
G1 X478.397 Y-17.430 F1200
G1 X475.375 Y-17.430 F1200
G1 X472.622 Y-17.430 F1200
G1 X470.067 Y-17.430 F1200
G1 X467.616 Y-17.430 F1200
G1 X465.252 Y-17.430 F1200
G1 X463.022 Y-17.430 F1200
G1 X461.016 Y-17.430 F1200
G1 X459.361 Y-17.430 F1200
G1 X458.221 Y-17.430 F1200
G1 X458.192 Y-17.431 F1200
G1 X458.145 Y-17.434 F1200
G1 X458.101 Y-17.441 F1200
G1 X458.069 Y-17.448 F1200
G1 X458.047 Y-17.457 F1200
G1 X458.027 Y-17.467 F1200
G1 X458.008 Y-17.479 F1200
G1 X457.989 Y-17.492 F1200
G1 X457.968 Y-17.506 F1200
G1 X457.946 Y-17.522 F1200
G1 X457.924 Y-17.541 F1200
G1 X457.903 Y-17.561 F1200
G1 X457.883 Y-17.583 F1200
G1 X457.852 Y-17.619 F1200
G1 X457.826 Y-17.654 F1200
G1 X457.809 Y-17.683 F1200
G1 X457.799 Y-17.705 F1200
G1 X457.792 Y-17.726 F1200
G1 X457.787 Y-17.747 F1200
G1 X457.782 Y-17.770 F1200
G1 X457.778 Y-17.795 F1200
G1 X457.774 Y-17.822 F1200
G1 X457.772 Y-17.850 F1200
G1 X457.771 Y-17.880 F1200
G1 X457.771 Y-17.949 F1200
G1 X457.771 Y-18.060 F1200
G1 X457.771 Y-18.169 F1200
G1 X457.771 Y-18.254 F1200
G1 X457.771 Y-18.318 F1200
G1 X457.771 Y-18.375 F1200
G1 X457.771 Y-18.432 F1200
G1 X457.771 Y-18.493 F1200
G1 X457.771 Y-18.556 F1200
G1 X457.771 Y-18.623 F1200
G1 X457.771 Y-18.692 F1200
G1 X457.771 Y-18.760 F1200
G1 X457.772 Y-18.790 F1200
G1 X457.776 Y-18.837 F1200
G1 X457.782 Y-18.881 F1200
G1 X457.790 Y-18.913 F1200
G1 X457.799 Y-18.936 F1200
G1 X457.809 Y-18.955 F1200
G1 X457.820 Y-18.973 F1200
G1 X457.833 Y-18.993 F1200
G1 X457.848 Y-19.014 F1200
G1 X457.864 Y-19.035 F1200
G1 X457.883 Y-19.057 F1200
G1 X457.903 Y-19.079 F1200
G1 X457.925 Y-19.099 F1200
G1 X457.960 Y-19.130 F1200
G1 X457.996 Y-19.157 F1200
G1 X458.024 Y-19.174 F1200
G1 X458.047 Y-19.184 F1200
G1 X458.067 Y-19.190 F1200
G1 X458.089 Y-19.196 F1200
G1 X458.112 Y-19.201 F1200
G1 X458.137 Y-19.205 F1200
G1 X458.163 Y-19.209 F1200
G1 X458.192 Y-19.211 F1200
G1 X458.221 Y-19.212 F1200
G1 X458.511 Y-19.212 F1200
G1 X459.015 Y-19.212 F1200
G1 X459.552 Y-19.212 F1200
G1 X460.002 Y-19.212 F1200
G1 X460.356 Y-19.212 F1200
G1 X460.657 Y-19.212 F1200
G1 X460.931 Y-19.212 F1200
G1 X461.186 Y-19.212 F1200
G1 X461.412 Y-19.212 F1200
G1 X461.598 Y-19.212 F1200
G1 X461.726 Y-19.212 F1200
G1 X461.774 Y-19.212 F1200
G1 X462.014 Y-19.222 F1200
G1 X462.371 Y-19.260 F1200
G1 X462.682 Y-19.326 F1200
G1 X462.877 Y-19.413 F1200
G1 X462.983 Y-19.512 F1200
G1 X463.051 Y-19.625 F1200
G1 X463.107 Y-19.753 F1200
G1 X463.158 Y-19.900 F1200
G1 X463.204 Y-20.068 F1200
G1 X463.241 Y-20.259 F1200
G1 X463.266 Y-20.475 F1200
G1 X463.276 Y-20.715 F1200
G1 X463.276 Y-53.788 F1200
G1 X463.266 Y-54.028 F1200
G1 X463.228 Y-54.386 F1200
G1 X463.162 Y-54.698 F1200
G1 X463.075 Y-54.893 F1200
G1 X462.975 Y-54.999 F1200
G1 X462.862 Y-55.067 F1200
G1 X462.734 Y-55.123 F1200
G1 X462.588 Y-55.173 F1200
G1 X462.420 Y-55.219 F1200
G1 X462.229 Y-55.256 F1200
G1 X462.013 Y-55.281 F1200
G1 X461.774 Y-55.291 F1200
G1 X461.724 Y-55.291 F1200
G1 X461.555 Y-55.291 F1200
G1 X461.273 Y-55.291 F1200
G1 X460.937 Y-55.291 F1200
G1 X460.589 Y-55.291 F1200
G1 X460.242 Y-55.291 F1200
G1 X459.892 Y-55.291 F1200
G1 X459.537 Y-55.291 F1200
G1 X459.182 Y-55.291 F1200
G1 X458.835 Y-55.291 F1200
G1 X458.509 Y-55.291 F1200
G1 X458.221 Y-55.291 F1200
G1 X458.192 Y-55.292 F1200
G1 X458.145 Y-55.296 F1200
G1 X458.101 Y-55.302 F1200
G1 X458.069 Y-55.310 F1200
G1 X458.047 Y-55.319 F1200
G1 X458.027 Y-55.330 F1200
G1 X458.008 Y-55.341 F1200
G1 X457.989 Y-55.354 F1200
G1 X457.968 Y-55.369 F1200
G1 X457.946 Y-55.385 F1200
G1 X457.924 Y-55.404 F1200
G1 X457.903 Y-55.424 F1200
G1 X457.883 Y-55.446 F1200
G1 X457.852 Y-55.481 F1200
G1 X457.826 Y-55.517 F1200
G1 X457.809 Y-55.545 F1200
G1 X457.799 Y-55.568 F1200
G1 X457.792 Y-55.588 F1200
G1 X457.787 Y-55.610 F1200
G1 X457.782 Y-55.633 F1200
G1 X457.778 Y-55.658 F1200
G1 X457.774 Y-55.684 F1200
G1 X457.772 Y-55.713 F1200
G1 X457.771 Y-55.742 F1200
G1 X457.771 Y-55.811 F1200
G1 X457.771 Y-55.922 F1200
G1 X457.771 Y-56.032 F1200
G1 X457.771 Y-56.116 F1200
G1 X457.771 Y-56.180 F1200
G1 X457.771 Y-56.237 F1200
G1 X457.771 Y-56.295 F1200
G1 X457.771 Y-56.355 F1200
G1 X457.771 Y-56.419 F1200
G1 X457.771 Y-56.486 F1200
G1 X457.771 Y-56.555 F1200
G1 X457.771 Y-56.623 F1200
G1 X457.772 Y-56.652 F1200
G1 X457.776 Y-56.699 F1200
G1 X457.782 Y-56.743 F1200
G1 X457.790 Y-56.775 F1200
G1 X457.799 Y-56.797 F1200
G1 X457.809 Y-56.817 F1200
G1 X457.820 Y-56.836 F1200
G1 X457.833 Y-56.855 F1200
G1 X457.848 Y-56.876 F1200
G1 X457.864 Y-56.898 F1200
G1 X457.883 Y-56.920 F1200
G1 X457.903 Y-56.941 F1200
G1 X457.925 Y-56.961 F1200
G1 X457.960 Y-56.992 F1200
G1 X457.996 Y-57.019 F1200
G1 X458.024 Y-57.036 F1200
G1 X458.047 Y-57.046 F1200
G1 X458.067 Y-57.052 F1200
G1 X458.089 Y-57.057 F1200
G1 X458.112 Y-57.062 F1200
G1 X458.137 Y-57.066 F1200
G1 X458.163 Y-57.070 F1200
G1 X458.192 Y-57.072 F1200
G1 X458.221 Y-57.073 F1200
G1 X459.468 Y-57.073 F1200
G1 X462.101 Y-57.073 F1200
G1 X465.458 Y-57.073 F1200
G1 X468.806 Y-57.073 F1200
G1 X471.868 Y-57.073 F1200
G1 X474.712 Y-57.073 F1200
G1 X477.438 Y-57.073 F1200
G1 X480.062 Y-57.073 F1200
G1 X482.532 Y-57.073 F1200
G1 X484.745 Y-57.073 F1200
G1 X486.559 Y-57.073 F1200
G1 X487.791 Y-57.073 F1200
G1 X487.821 Y-57.072 F1200
G1 X487.867 Y-57.069 F1200
G1 X487.911 Y-57.062 F1200
G1 X487.943 Y-57.055 F1200
G1 X487.966 Y-57.046 F1200
G1 X487.985 Y-57.035 F1200
G1 X488.003 Y-57.024 F1200
G1 X488.023 Y-57.011 F1200
G1 X488.044 Y-56.997 F1200
G1 X488.065 Y-56.980 F1200
G1 X488.087 Y-56.961 F1200
G1 X488.109 Y-56.941 F1200
G1 X488.129 Y-56.919 F1200
G1 X488.160 Y-56.884 F1200
G1 X488.187 Y-56.848 F1200
G1 X488.204 Y-56.820 F1200
G1 X488.214 Y-56.797 F1200
G1 X488.221 Y-56.777 F1200
G1 X488.226 Y-56.755 F1200
G1 X488.231 Y-56.732 F1200
G1 X488.235 Y-56.707 F1200
G1 X488.239 Y-56.681 F1200
G1 X488.241 Y-56.652 F1200
G1 X488.242 Y-56.623 F1200
G1 X488.242 Y-56.554 F1200
G1 X488.242 Y-56.443 F1200
G1 X488.242 Y-56.333 F1200
G1 X488.242 Y-56.249 F1200
G1 X488.242 Y-56.185 F1200
G1 X488.242 Y-56.128 F1200
G1 X488.242 Y-56.070 F1200
G1 X488.242 Y-56.010 F1200
G1 X488.242 Y-55.946 F1200
G1 X488.242 Y-55.879 F1200
G1 X488.242 Y-55.810 F1200
G1 X488.242 Y-55.742 F1200
G1 X488.238 Y-55.681 F1200
G1 X488.223 Y-55.587 F1200
G1 X488.199 Y-55.502 F1200
G1 X488.167 Y-55.444 F1200
G1 X488.133 Y-55.408 F1200
G1 X488.096 Y-55.382 F1200
G1 X488.056 Y-55.359 F1200
G1 X488.011 Y-55.339 F1200
G1 X487.962 Y-55.320 F1200
G1 X487.909 Y-55.305 F1200
G1 X487.852 Y-55.295 F1200
G1 X487.791 Y-55.291 F1200
G1 X487.543 Y-55.291 F1200
G1 X487.117 Y-55.291 F1200
G1 X486.672 Y-55.291 F1200
G1 X486.307 Y-55.291 F1200
G1 X486.024 Y-55.291 F1200
G1 X485.786 Y-55.291 F1200
G1 X485.569 Y-55.291 F1200
G1 X485.369 Y-55.291 F1200
G1 X485.191 Y-55.291 F1200
G1 X485.044 Y-55.291 F1200
G1 X484.944 Y-55.291 F1200
G1 X484.906 Y-55.291 F1200
G1 X484.746 Y-55.285 F1200
G1 X484.507 Y-55.264 F1200
G1 X484.299 Y-55.228 F1200
G1 X484.169 Y-55.180 F1200
G1 X484.098 Y-55.124 F1200
G1 X484.053 Y-55.062 F1200
G1 X484.016 Y-54.990 F1200
G1 X483.982 Y-54.909 F1200
G1 X483.952 Y-54.815 F1200
G1 X483.927 Y-54.709 F1200
G1 X483.910 Y-54.589 F1200
G1 X483.904 Y-54.456 F1200
G1 X483.907 Y-54.336 F1200
G1 X483.918 Y-54.147 F1200
G1 X483.937 Y-53.967 F1200
G1 X483.963 Y-53.832 F1200
G1 X483.992 Y-53.734 F1200
G1 X484.024 Y-53.648 F1200
G1 X484.062 Y-53.560 F1200
G1 X484.105 Y-53.465 F1200
G1 X484.154 Y-53.363 F1200
G1 X484.209 Y-53.254 F1200
G1 X484.272 Y-53.138 F1200
G1 X484.342 Y-53.019 F1200
G1 X484.343 Y-53.018 F1200
G1 X484.345 Y-53.016 F1200
G1 X484.346 Y-53.013 F1200
G1 X484.347 Y-53.012 F1200
G1 X484.348 Y-53.010 F1200
G1 X484.349 Y-53.009 F1200
G1 X484.349 Y-53.008 F1200
G1 X484.350 Y-53.007 F1200
G1 X484.351 Y-53.005 F1200
G1 X484.352 Y-53.003 F1200
G1 X484.353 Y-53.002 F1200
G1 X484.354 Y-53.000 F1200
G1 X484.476 Y-52.774 F1200
G1 X484.813 Y-52.149 F1200
G1 X485.322 Y-51.204 F1200
G1 X485.898 Y-50.137 F1200
G1 X486.471 Y-49.074 F1200
G1 X487.030 Y-48.038 F1200
G1 X487.582 Y-47.014 F1200
G1 X488.130 Y-45.997 F1200
G1 X488.666 Y-45.003 F1200
G1 X489.174 Y-44.063 F1200
G1 X489.628 Y-43.219 F1200
G1 X489.999 Y-42.532 F1200
G1 X490.019 Y-42.498 F1200
G1 X490.053 Y-42.447 F1200
G1 X490.089 Y-42.402 F1200
G1 X490.121 Y-42.372 F1200
G1 X490.148 Y-42.354 F1200
G1 X490.174 Y-42.342 F1200
G1 X490.201 Y-42.331 F1200
G1 X490.230 Y-42.321 F1200
G1 X490.263 Y-42.312 F1200
G1 X490.298 Y-42.304 F1200
G1 X490.335 Y-42.298 F1200
G1 X490.374 Y-42.295 F1200
G1 X490.413 Y-42.295 F1200
G1 X490.475 Y-42.298 F1200
G1 X490.533 Y-42.306 F1200
G1 X490.574 Y-42.318 F1200
G1 X490.603 Y-42.332 F1200
G1 X490.627 Y-42.348 F1200
G1 X490.650 Y-42.366 F1200
G1 X490.673 Y-42.386 F1200
G1 X490.697 Y-42.409 F1200
G1 X490.722 Y-42.435 F1200
G1 X490.746 Y-42.463 F1200
G1 X490.769 Y-42.495 F1200
G1 X491.127 Y-43.030 F1200
G1 X491.769 Y-43.991 F1200
G1 X492.477 Y-45.050 F1200
G1 X493.091 Y-45.969 F1200
G1 X493.591 Y-46.717 F1200
G1 X494.022 Y-47.363 F1200
G1 X494.419 Y-47.957 F1200
G1 X494.786 Y-48.506 F1200
G1 X495.113 Y-48.996 F1200
G1 X495.382 Y-49.398 F1200
G1 X495.567 Y-49.675 F1200
G1 X495.636 Y-49.779 F1200
G1 X495.814 Y-50.056 F1200
G1 X496.079 Y-50.492 F1200
G1 X496.310 Y-50.905 F1200
G1 X496.454 Y-51.208 F1200
G1 X496.532 Y-51.426 F1200
G1 X496.582 Y-51.614 F1200
G1 X496.624 Y-51.804 F1200
G1 X496.661 Y-52.007 F1200
G1 X496.695 Y-52.226 F1200
G1 X496.722 Y-52.459 F1200
G1 X496.741 Y-52.703 F1200
G1 X496.748 Y-52.953 F1200
G1 X496.743 Y-53.109 F1200
G1 X496.724 Y-53.352 F1200
G1 X496.691 Y-53.579 F1200
G1 X496.648 Y-53.741 F1200
G1 X496.598 Y-53.855 F1200
G1 X496.542 Y-53.949 F1200
G1 X496.478 Y-54.044 F1200
G1 X496.404 Y-54.144 F1200
G1 X496.320 Y-54.250 F1200
G1 X496.225 Y-54.363 F1200
G1 X496.117 Y-54.479 F1200
G1 X495.997 Y-54.596 F1200
G1 X495.869 Y-54.707 F1200
G1 X495.660 Y-54.873 F1200
G1 X495.450 Y-55.017 F1200
G1 X495.283 Y-55.107 F1200
G1 X495.148 Y-55.156 F1200
G1 X495.023 Y-55.188 F1200
G1 X494.891 Y-55.213 F1200
G1 X494.746 Y-55.237 F1200
G1 X494.587 Y-55.258 F1200
G1 X494.412 Y-55.275 F1200
G1 X494.224 Y-55.287 F1200
G1 X494.024 Y-55.291 F1200
G1 X494.009 Y-55.291 F1200
G1 X493.956 Y-55.291 F1200
G1 X493.868 Y-55.291 F1200
G1 X493.761 Y-55.291 F1200
G1 X493.648 Y-55.291 F1200
G1 X493.532 Y-55.291 F1200
G1 X493.411 Y-55.291 F1200
G1 X493.285 Y-55.291 F1200
G1 X493.154 Y-55.291 F1200
G1 X493.018 Y-55.291 F1200
G1 X492.883 Y-55.291 F1200
G1 X492.751 Y-55.291 F1200
G1 X492.721 Y-55.292 F1200
G1 X492.674 Y-55.296 F1200
G1 X492.630 Y-55.302 F1200
G1 X492.598 Y-55.310 F1200
G1 X492.575 Y-55.319 F1200
G1 X492.556 Y-55.330 F1200
G1 X492.537 Y-55.341 F1200
G1 X492.517 Y-55.354 F1200
G1 X492.497 Y-55.369 F1200
G1 X492.475 Y-55.385 F1200
G1 X492.453 Y-55.404 F1200
G1 X492.432 Y-55.424 F1200
G1 X492.412 Y-55.446 F1200
G1 X492.381 Y-55.481 F1200
G1 X492.355 Y-55.517 F1200
G1 X492.338 Y-55.545 F1200
G1 X492.328 Y-55.568 F1200
G1 X492.321 Y-55.588 F1200
G1 X492.316 Y-55.610 F1200
G1 X492.311 Y-55.633 F1200
G1 X492.307 Y-55.658 F1200
G1 X492.303 Y-55.684 F1200
G1 X492.301 Y-55.713 F1200
G1 X492.300 Y-55.742 F1200
G1 X492.300 Y-55.811 F1200
G1 X492.300 Y-55.922 F1200
G1 X492.300 Y-56.032 F1200
G1 X492.300 Y-56.116 F1200
G1 X492.300 Y-56.180 F1200
G1 X492.300 Y-56.237 F1200
G1 X492.300 Y-56.295 F1200
G1 X492.300 Y-56.355 F1200
G1 X492.300 Y-56.419 F1200
G1 X492.300 Y-56.486 F1200
G1 X492.300 Y-56.555 F1200
G1 X492.300 Y-56.623 F1200
G1 X492.301 Y-56.652 F1200
G1 X492.305 Y-56.699 F1200
G1 X492.311 Y-56.743 F1200
G1 X492.319 Y-56.775 F1200
G1 X492.328 Y-56.797 F1200
G1 X492.338 Y-56.817 F1200
G1 X492.349 Y-56.836 F1200
G1 X492.362 Y-56.855 F1200
G1 X492.377 Y-56.876 F1200
G1 X492.393 Y-56.898 F1200
G1 X492.412 Y-56.920 F1200
G1 X492.432 Y-56.941 F1200
G1 X492.454 Y-56.961 F1200
G1 X492.489 Y-56.992 F1200
G1 X492.524 Y-57.019 F1200
G1 X492.553 Y-57.036 F1200
G1 X492.575 Y-57.046 F1200
G1 X492.596 Y-57.052 F1200
G1 X492.617 Y-57.057 F1200
G1 X492.640 Y-57.062 F1200
G1 X492.666 Y-57.066 F1200
G1 X492.693 Y-57.070 F1200
G1 X492.721 Y-57.072 F1200
G1 X492.751 Y-57.073 F1200
G1 X493.451 Y-57.073 F1200
G1 X494.815 Y-57.073 F1200
G1 X496.448 Y-57.073 F1200
G1 X497.996 Y-57.073 F1200
G1 X499.368 Y-57.073 F1200
G1 X500.633 Y-57.073 F1200
G1 X501.855 Y-57.073 F1200
G1 X503.049 Y-57.073 F1200
G1 X504.196 Y-57.073 F1200
G1 X505.255 Y-57.073 F1200
G1 X506.169 Y-57.073 F1200
G1 X506.862 Y-57.073 F1200
G1 X506.892 Y-57.072 F1200
G1 X506.939 Y-57.069 F1200
G1 X506.983 Y-57.062 F1200
G1 X507.015 Y-57.055 F1200
G1 X507.038 Y-57.046 F1200
G1 X507.057 Y-57.035 F1200
G1 X507.075 Y-57.024 F1200
G1 X507.095 Y-57.011 F1200
G1 X507.116 Y-56.997 F1200
G1 X507.137 Y-56.980 F1200
G1 X507.159 Y-56.961 F1200
G1 X507.181 Y-56.941 F1200
G1 X507.201 Y-56.919 F1200
G1 X507.232 Y-56.884 F1200
G1 X507.259 Y-56.848 F1200
G1 X507.276 Y-56.820 F1200
G1 X507.285 Y-56.797 F1200
G1 X507.291 Y-56.777 F1200
G1 X507.297 Y-56.755 F1200
G1 X507.301 Y-56.732 F1200
G1 X507.305 Y-56.707 F1200
G1 X507.309 Y-56.681 F1200
G1 X507.311 Y-56.652 F1200
G1 X507.312 Y-56.623 F1200
G1 X507.312 Y-56.554 F1200
G1 X507.312 Y-56.443 F1200
G1 X507.312 Y-56.333 F1200
G1 X507.312 Y-56.249 F1200
G1 X507.312 Y-56.185 F1200
G1 X507.312 Y-56.128 F1200
G1 X507.312 Y-56.070 F1200
G1 X507.312 Y-56.010 F1200
G1 X507.312 Y-55.946 F1200
G1 X507.312 Y-55.879 F1200
G1 X507.312 Y-55.810 F1200
G1 X507.312 Y-55.742 F1200
G1 X507.308 Y-55.681 F1200
G1 X507.294 Y-55.587 F1200
G1 X507.269 Y-55.502 F1200
G1 X507.238 Y-55.444 F1200
G1 X507.204 Y-55.408 F1200
G1 X507.167 Y-55.382 F1200
G1 X507.127 Y-55.359 F1200
G1 X507.082 Y-55.339 F1200
G1 X507.034 Y-55.320 F1200
G1 X506.981 Y-55.305 F1200
G1 X506.923 Y-55.295 F1200
G1 X506.862 Y-55.291 F1200
G1 X506.670 Y-55.291 F1200
G1 X506.349 Y-55.291 F1200
G1 X506.021 Y-55.291 F1200
G1 X505.761 Y-55.291 F1200
G1 X505.566 Y-55.291 F1200
G1 X505.404 Y-55.291 F1200
G1 X505.258 Y-55.291 F1200
G1 X505.123 Y-55.291 F1200
G1 X505.003 Y-55.291 F1200
G1 X504.904 Y-55.291 F1200
G1 X504.836 Y-55.291 F1200
G1 X504.811 Y-55.291 F1200
G1 X504.302 Y-55.272 F1200
G1 X503.516 Y-55.204 F1200
G1 X502.792 Y-55.084 F1200
G1 X502.286 Y-54.927 F1200
G1 X501.948 Y-54.746 F1200
G1 X501.674 Y-54.542 F1200
G1 X501.407 Y-54.310 F1200
G1 X501.128 Y-54.044 F1200
G1 X500.835 Y-53.739 F1200
G1 X500.531 Y-53.392 F1200
G1 X500.223 Y-53.000 F1200
G1 X499.919 Y-52.566 F1200
G1 X499.919 Y-52.566 F1200
G1 X499.919 Y-52.565 F1200
G1 X499.919 Y-52.564 F1200
G1 X499.919 Y-52.564 F1200
G1 X499.919 Y-52.564 F1200
G1 X499.918 Y-52.563 F1200
G1 X499.918 Y-52.563 F1200
G1 X499.918 Y-52.563 F1200
G1 X499.918 Y-52.563 F1200
G1 X499.918 Y-52.563 F1200
G1 X499.918 Y-52.563 F1200
G1 X499.918 Y-52.563 F1200
G1 X499.759 Y-52.325 F1200
G1 X499.260 Y-51.573 F1200
G1 X498.462 Y-50.372 F1200
G1 X497.538 Y-48.982 F1200
G1 X496.614 Y-47.591 F1200
G1 X495.723 Y-46.250 F1200
G1 X494.860 Y-44.950 F1200
G1 X494.027 Y-43.696 F1200
G1 X493.242 Y-42.514 F1200
G1 X492.537 Y-41.453 F1200
G1 X491.958 Y-40.581 F1200
G1 X491.561 Y-39.983 F1200
G1 X491.540 Y-39.947 F1200
G1 X491.509 Y-39.890 F1200
G1 X491.486 Y-39.833 F1200
G1 X491.474 Y-39.789 F1200
G1 X491.472 Y-39.755 F1200
G1 X491.475 Y-39.725 F1200
G1 X491.480 Y-39.694 F1200
G1 X491.487 Y-39.662 F1200
G1 X491.496 Y-39.628 F1200
G1 X491.508 Y-39.592 F1200
G1 X491.523 Y-39.555 F1200
G1 X491.541 Y-39.518 F1200
G1 X491.971 Y-38.727 F1200
G1 X492.898 Y-37.021 F1200
G1 X494.096 Y-34.818 F1200
G1 X495.294 Y-32.614 F1200
G1 X496.383 Y-30.611 F1200
G1 X497.378 Y-28.783 F1200
G1 X498.308 Y-27.073 F1200
G1 X499.175 Y-25.479 F1200
G1 X499.953 Y-24.049 F1200
G1 X500.600 Y-22.860 F1200
G1 X501.056 Y-22.022 F1200
G1 X501.250 Y-21.665 F1200
G1 X501.250 Y-21.664 F1200
G1 X501.251 Y-21.663 F1200
G1 X501.252 Y-21.662 F1200
G1 X501.252 Y-21.661 F1200
G1 X501.253 Y-21.661 F1200
G1 X501.253 Y-21.661 F1200
G1 X501.253 Y-21.660 F1200
G1 X501.253 Y-21.660 F1200
G1 X501.254 Y-21.659 F1200
G1 X501.254 Y-21.659 F1200
G1 X501.255 Y-21.658 F1200
G1 X501.255 Y-21.658 F1200
G1 X501.491 Y-21.267 F1200
G1 X501.873 Y-20.684 F1200
G1 X502.252 Y-20.176 F1200
G1 X502.551 Y-19.860 F1200
G1 X502.786 Y-19.687 F1200
G1 X503.002 Y-19.577 F1200
G1 X503.229 Y-19.486 F1200
G1 X503.477 Y-19.403 F1200
G1 X503.749 Y-19.329 F1200
G1 X504.045 Y-19.269 F1200
G1 X504.364 Y-19.228 F1200
G1 X504.700 Y-19.212 F1200
G1 X504.741 Y-19.212 F1200
G1 X504.881 Y-19.212 F1200
G1 X505.113 Y-19.212 F1200
G1 X505.392 Y-19.212 F1200
G1 X505.681 Y-19.212 F1200
G1 X505.971 Y-19.212 F1200
G1 X506.264 Y-19.212 F1200
G1 X506.563 Y-19.212 F1200
G1 X506.864 Y-19.212 F1200
G1 X507.161 Y-19.212 F1200
G1 X507.443 Y-19.212 F1200
G1 X507.697 Y-19.212 F1200
G1 X507.726 Y-19.211 F1200
G1 X507.773 Y-19.207 F1200
G1 X507.817 Y-19.201 F1200
G1 X507.849 Y-19.193 F1200
G1 X507.871 Y-19.184 F1200
G1 X507.891 Y-19.173 F1200
G1 X507.910 Y-19.162 F1200
G1 X507.929 Y-19.149 F1200
G1 X507.950 Y-19.134 F1200
G1 X507.972 Y-19.118 F1200
G1 X507.994 Y-19.099 F1200
G1 X508.015 Y-19.079 F1200
G1 X508.035 Y-19.057 F1200
G1 X508.066 Y-19.022 F1200
G1 X508.092 Y-18.986 F1200
G1 X508.109 Y-18.958 F1200
G1 X508.119 Y-18.935 F1200
G1 X508.125 Y-18.915 F1200
G1 X508.130 Y-18.893 F1200
G1 X508.135 Y-18.870 F1200
G1 X508.139 Y-18.845 F1200
G1 X508.143 Y-18.818 F1200
G1 X508.145 Y-18.790 F1200
G1 X508.146 Y-18.760 F1200
G1 X508.146 Y-18.691 F1200
G1 X508.146 Y-18.580 F1200
G1 X508.146 Y-18.471 F1200
G1 X508.146 Y-18.386 F1200
G1 X508.146 Y-18.322 F1200
G1 X508.146 Y-18.265 F1200
G1 X508.146 Y-18.208 F1200
G1 X508.146 Y-18.147 F1200
G1 X508.146 Y-18.084 F1200
G1 X508.146 Y-18.017 F1200
G1 X508.146 Y-17.948 F1200
G1 X508.146 Y-17.880 F1200
G1 X508.145 Y-17.850 F1200
G1 X508.142 Y-17.804 F1200
G1 X508.135 Y-17.760 F1200
G1 X508.128 Y-17.728 F1200
G1 X508.119 Y-17.705 F1200
G1 X508.109 Y-17.686 F1200
G1 X508.097 Y-17.667 F1200
G1 X508.084 Y-17.647 F1200
G1 X508.070 Y-17.626 F1200
G1 X508.054 Y-17.605 F1200
G1 X508.035 Y-17.583 F1200
G1 X508.015 Y-17.561 F1200
G1 X507.993 Y-17.541 F1200
G1 X507.958 Y-17.510 F1200
G1 X507.922 Y-17.484 F1200
G1 X507.894 Y-17.467 F1200
G1 X507.871 Y-17.457 F1200
G1 X507.851 Y-17.451 F1200
G1 X507.829 Y-17.446 F1200
G1 X507.806 Y-17.441 F1200
G1 X507.781 Y-17.437 F1200
G1 X507.755 Y-17.433 F1200
G1 X507.726 Y-17.431 F1200
G1 X507.697 Y-17.430 F1200
G1 X506.912 Y-17.430 F1200
G1 X505.359 Y-17.430 F1200
G1 X503.476 Y-17.430 F1200
G1 X501.672 Y-17.430 F1200
G1 X500.062 Y-17.430 F1200
G1 X498.575 Y-17.430 F1200
G1 X497.141 Y-17.430 F1200
G1 X495.744 Y-17.430 F1200
G1 X494.409 Y-17.430 F1200
G1 X493.183 Y-17.430 F1200
G1 X492.137 Y-17.430 F1200
G1 X491.360 Y-17.430 F1200
G1 X491.331 Y-17.431 F1200
G1 X491.284 Y-17.434 F1200
G1 X491.240 Y-17.441 F1200
G1 X491.208 Y-17.448 F1200
G1 X491.186 Y-17.457 F1200
G1 X491.166 Y-17.467 F1200
G1 X491.147 Y-17.479 F1200
G1 X491.128 Y-17.492 F1200
G1 X491.107 Y-17.506 F1200
G1 X491.085 Y-17.522 F1200
G1 X491.063 Y-17.541 F1200
G1 X491.042 Y-17.561 F1200
G1 X491.022 Y-17.583 F1200
G1 X490.991 Y-17.619 F1200
G1 X490.965 Y-17.654 F1200
G1 X490.948 Y-17.683 F1200
G1 X490.938 Y-17.705 F1200
G1 X490.931 Y-17.726 F1200
G1 X490.926 Y-17.747 F1200
G1 X490.921 Y-17.770 F1200
G1 X490.917 Y-17.795 F1200
G1 X490.913 Y-17.822 F1200
G1 X490.911 Y-17.850 F1200
G1 X490.910 Y-17.880 F1200
G1 X490.910 Y-17.949 F1200
G1 X490.910 Y-18.060 F1200
G1 X490.910 Y-18.169 F1200
G1 X490.910 Y-18.254 F1200
G1 X490.910 Y-18.318 F1200
G1 X490.910 Y-18.375 F1200
G1 X490.910 Y-18.432 F1200
G1 X490.910 Y-18.493 F1200
G1 X490.910 Y-18.556 F1200
G1 X490.910 Y-18.623 F1200
G1 X490.910 Y-18.692 F1200
G1 X490.910 Y-18.760 F1200
G1 X490.914 Y-18.821 F1200
G1 X490.928 Y-18.915 F1200
G1 X490.953 Y-19.001 F1200
G1 X490.984 Y-19.059 F1200
G1 X491.019 Y-19.095 F1200
G1 X491.056 Y-19.121 F1200
G1 X491.096 Y-19.144 F1200
G1 X491.140 Y-19.164 F1200
G1 X491.189 Y-19.183 F1200
G1 X491.242 Y-19.198 F1200
G1 X491.299 Y-19.208 F1200
G1 X491.360 Y-19.212 F1200
G1 X491.608 Y-19.212 F1200
G1 X492.034 Y-19.212 F1200
G1 X492.479 Y-19.212 F1200
G1 X492.845 Y-19.212 F1200
G1 X493.128 Y-19.212 F1200
G1 X493.366 Y-19.212 F1200
G1 X493.582 Y-19.212 F1200
G1 X493.783 Y-19.212 F1200
G1 X493.961 Y-19.212 F1200
G1 X494.108 Y-19.212 F1200
G1 X494.208 Y-19.212 F1200
G1 X494.246 Y-19.212 F1200
G1 X494.486 Y-19.220 F1200
G1 X494.844 Y-19.249 F1200
G1 X495.156 Y-19.300 F1200
G1 X495.350 Y-19.368 F1200
G1 X495.456 Y-19.445 F1200
G1 X495.524 Y-19.533 F1200
G1 X495.580 Y-19.632 F1200
G1 X495.631 Y-19.746 F1200
G1 X495.676 Y-19.877 F1200
G1 X495.713 Y-20.026 F1200
G1 X495.738 Y-20.194 F1200
G1 X495.748 Y-20.380 F1200
G1 X495.745 Y-20.483 F1200
G1 X495.736 Y-20.648 F1200
G1 X495.719 Y-20.808 F1200
G1 X495.697 Y-20.932 F1200
G1 X495.671 Y-21.027 F1200
G1 X495.642 Y-21.112 F1200
G1 X495.609 Y-21.201 F1200
G1 X495.572 Y-21.297 F1200
G1 X495.528 Y-21.402 F1200
G1 X495.479 Y-21.516 F1200
G1 X495.424 Y-21.638 F1200
G1 X495.362 Y-21.765 F1200
G1 X495.361 Y-21.766 F1200
G1 X495.360 Y-21.768 F1200
G1 X495.359 Y-21.769 F1200
G1 X495.359 Y-21.770 F1200
G1 X495.358 Y-21.771 F1200
G1 X495.358 Y-21.772 F1200
G1 X495.358 Y-21.773 F1200
G1 X495.357 Y-21.774 F1200
G1 X495.357 Y-21.775 F1200
G1 X495.356 Y-21.776 F1200
G1 X495.356 Y-21.777 F1200
G1 X495.355 Y-21.778 F1200
G1 X495.218 Y-22.031 F1200
G1 X494.823 Y-22.761 F1200
G1 X494.212 Y-23.887 F1200
G1 X493.516 Y-25.174 F1200
G1 X492.819 Y-26.461 F1200
G1 X492.139 Y-27.716 F1200
G1 X491.469 Y-28.953 F1200
G1 X490.808 Y-30.175 F1200
G1 X490.165 Y-31.362 F1200
G1 X489.561 Y-32.477 F1200
G1 X489.026 Y-33.464 F1200
G1 X488.600 Y-34.250 F1200
G1 X488.580 Y-34.284 F1200
G1 X488.545 Y-34.335 F1200
G1 X488.508 Y-34.380 F1200
G1 X488.476 Y-34.410 F1200
G1 X488.449 Y-34.428 F1200
G1 X488.424 Y-34.440 F1200
G1 X488.396 Y-34.450 F1200
G1 X488.367 Y-34.460 F1200
G1 X488.335 Y-34.469 F1200
G1 X488.300 Y-34.477 F1200
G1 X488.263 Y-34.483 F1200
G1 X488.224 Y-34.486 F1200
G1 X488.184 Y-34.486 F1200
G1 X488.123 Y-34.483 F1200
G1 X488.064 Y-34.475 F1200
G1 X488.023 Y-34.463 F1200
G1 X487.994 Y-34.448 F1200
G1 X487.970 Y-34.432 F1200
G1 X487.947 Y-34.414 F1200
G1 X487.923 Y-34.394 F1200
G1 X487.899 Y-34.370 F1200
G1 X487.874 Y-34.344 F1200
G1 X487.850 Y-34.315 F1200
G1 X487.827 Y-34.283 F1200
G1 X487.412 Y-33.650 F1200
G1 X486.653 Y-32.492 F1200
G1 X485.800 Y-31.193 F1200
G1 X485.047 Y-30.045 F1200
G1 X484.423 Y-29.096 F1200
G1 X483.880 Y-28.268 F1200
G1 X483.380 Y-27.507 F1200
G1 X482.917 Y-26.801 F1200
G1 X482.505 Y-26.173 F1200
G1 X482.166 Y-25.657 F1200
G1 X481.933 Y-25.302 F1200
G1 X481.846 Y-25.169 F1200
G1 X481.624 Y-24.821 F1200
G1 X481.293 Y-24.282 F1200
G1 X481.005 Y-23.782 F1200
G1 X480.825 Y-23.428 F1200
G1 X480.727 Y-23.185 F1200
G1 X480.664 Y-22.986 F1200
G1 X480.613 Y-22.788 F1200
G1 X480.566 Y-22.581 F1200
G1 X480.524 Y-22.361 F1200
G1 X480.489 Y-22.132 F1200
G1 X480.466 Y-21.895 F1200
G1 X480.457 Y-21.660 F1200
G1 X480.460 Y-21.495 F1200
G1 X480.473 Y-21.239 F1200
G1 X480.495 Y-20.999 F1200
G1 X480.524 Y-20.828 F1200
G1 X480.557 Y-20.709 F1200
G1 X480.595 Y-20.609 F1200
G1 X480.637 Y-20.510 F1200
G1 X480.686 Y-20.406 F1200
G1 X480.742 Y-20.294 F1200
G1 X480.806 Y-20.177 F1200
G1 X480.877 Y-20.057 F1200
G1 X480.957 Y-19.935 F1200
G1 X481.044 Y-19.820 F1200
G1 X481.188 Y-19.647 F1200
G1 X481.336 Y-19.497 F1200
G1 X481.459 Y-19.404 F1200
G1 X481.561 Y-19.353 F1200
G1 X481.658 Y-19.320 F1200
G1 X481.762 Y-19.293 F1200
G1 X481.876 Y-19.269 F1200
G1 X482.003 Y-19.247 F1200
G1 X482.143 Y-19.229 F1200
G1 X482.295 Y-19.217 F1200
G1 X482.458 Y-19.212 F1200
G1 X482.492 Y-19.212 F1200
G1 X482.609 Y-19.212 F1200
G1 X482.802 Y-19.212 F1200
G1 X483.035 Y-19.212 F1200
G1 X483.278 Y-19.212 F1200
G1 X483.522 Y-19.212 F1200
G1 X483.771 Y-19.212 F1200
G1 X484.025 Y-19.212 F1200
G1 X484.282 Y-19.212 F1200
G1 X484.538 Y-19.212 F1200
G1 X484.785 Y-19.212 F1200
G1 X485.010 Y-19.212 F1200
G1 X485.040 Y-19.211 F1200
G1 X485.087 Y-19.207 F1200
G1 X485.131 Y-19.201 F1200
G1 X485.163 Y-19.193 F1200
G1 X485.186 Y-19.184 F1200
G1 X485.205 Y-19.173 F1200
G1 X485.224 Y-19.162 F1200
G1 X485.244 Y-19.149 F1200
G1 X485.264 Y-19.134 F1200
G1 X485.286 Y-19.118 F1200
G1 X485.308 Y-19.099 F1200
G1 X485.329 Y-19.079 F1200
G1 X485.349 Y-19.057 F1200
G1 X485.380 Y-19.022 F1200
G1 X485.407 Y-18.986 F1200
G1 X485.424 Y-18.958 F1200
G1 X485.434 Y-18.935 F1200
G1 X485.440 Y-18.915 F1200
G1 X485.445 Y-18.893 F1200
G1 X485.450 Y-18.870 F1200
G1 X485.454 Y-18.845 F1200
G1 X485.458 Y-18.818 F1200
G1 X485.460 Y-18.790 F1200
G1 X485.461 Y-18.760 F1200
G1 X485.461 Y-18.691 F1200
G1 X485.461 Y-18.580 F1200
G1 X485.461 Y-18.471 F1200
G1 X485.461 Y-18.386 F1200
G1 X485.461 Y-18.322 F1200
G1 X485.461 Y-18.265 F1200
G1 X485.461 Y-18.208 F1200
G1 X485.461 Y-18.147 F1200
G1 X485.461 Y-18.084 F1200
G1 X485.461 Y-18.017 F1200
G1 X485.461 Y-17.948 F1200
G1 X485.461 Y-17.880 F1200
G1 X485.461 Y-17.880 F1200
G0 Z5.000
G0 X474.397 Y-55.291
G1 Z-3.000 F400.0
G1 X474.308 Y-55.291 F1200
G1 X474.012 Y-55.291 F1200
G1 X473.531 Y-55.291 F1200
G1 X472.972 Y-55.291 F1200
G1 X472.420 Y-55.291 F1200
G1 X471.897 Y-55.291 F1200
G1 X471.406 Y-55.291 F1200
G1 X470.949 Y-55.291 F1200
G1 X470.542 Y-55.291 F1200
G1 X470.208 Y-55.291 F1200
G1 X469.978 Y-55.291 F1200
G1 X469.892 Y-55.291 F1200
G1 X469.652 Y-55.281 F1200
G1 X469.294 Y-55.243 F1200
G1 X468.983 Y-55.177 F1200
G1 X468.789 Y-55.090 F1200
G1 X468.683 Y-54.990 F1200
G1 X468.615 Y-54.878 F1200
G1 X468.559 Y-54.750 F1200
G1 X468.508 Y-54.603 F1200
G1 X468.463 Y-54.435 F1200
G1 X468.426 Y-54.243 F1200
G1 X468.401 Y-54.027 F1200
G1 X468.391 Y-53.788 F1200
G1 X468.391 Y-20.715 F1200
G1 X468.401 Y-20.475 F1200
G1 X468.439 Y-20.116 F1200
G1 X468.505 Y-19.804 F1200
G1 X468.591 Y-19.610 F1200
G1 X468.691 Y-19.504 F1200
G1 X468.804 Y-19.436 F1200
G1 X468.931 Y-19.380 F1200
G1 X469.078 Y-19.329 F1200
G1 X469.246 Y-19.284 F1200
G1 X469.437 Y-19.247 F1200
G1 X469.653 Y-19.222 F1200
G1 X469.892 Y-19.212 F1200
G1 X469.937 Y-19.212 F1200
G1 X470.087 Y-19.212 F1200
G1 X470.330 Y-19.212 F1200
G1 X470.613 Y-19.212 F1200
G1 X470.893 Y-19.212 F1200
G1 X471.157 Y-19.212 F1200
G1 X471.406 Y-19.212 F1200
G1 X471.637 Y-19.212 F1200
G1 X471.843 Y-19.212 F1200
G1 X472.012 Y-19.212 F1200
G1 X472.128 Y-19.212 F1200
G1 X472.172 Y-19.212 F1200
G1 X472.437 Y-19.216 F1200
G1 X472.848 Y-19.230 F1200
G1 X473.231 Y-19.254 F1200
G1 X473.502 Y-19.286 F1200
G1 X473.688 Y-19.323 F1200
G1 X473.842 Y-19.364 F1200
G1 X473.994 Y-19.412 F1200
G1 X474.155 Y-19.466 F1200
G1 X474.325 Y-19.528 F1200
G1 X474.503 Y-19.599 F1200
G1 X474.686 Y-19.679 F1200
G1 X474.869 Y-19.768 F1200
G1 X475.045 Y-19.863 F1200
G1 X475.316 Y-20.015 F1200
G1 X475.563 Y-20.166 F1200
G1 X475.732 Y-20.285 F1200
G1 X475.842 Y-20.378 F1200
G1 X475.928 Y-20.464 F1200
G1 X476.011 Y-20.553 F1200
G1 X476.097 Y-20.651 F1200
G1 X476.185 Y-20.758 F1200
G1 X476.276 Y-20.875 F1200
G1 X476.366 Y-21.001 F1200
G1 X476.453 Y-21.133 F1200
G1 X476.538 Y-21.268 F1200
G1 X476.675 Y-21.485 F1200
G1 X476.810 Y-21.695 F1200
G1 X476.916 Y-21.857 F1200
G1 X477.000 Y-21.980 F1200
G1 X477.076 Y-22.091 F1200
G1 X477.156 Y-22.206 F1200
G1 X477.243 Y-22.331 F1200
G1 X477.339 Y-22.467 F1200
G1 X477.443 Y-22.614 F1200
G1 X477.554 Y-22.771 F1200
G1 X477.672 Y-22.935 F1200
G1 X477.673 Y-22.936 F1200
G1 X477.674 Y-22.938 F1200
G1 X477.675 Y-22.939 F1200
G1 X477.676 Y-22.940 F1200
G1 X477.676 Y-22.941 F1200
G1 X477.677 Y-22.942 F1200
G1 X477.677 Y-22.943 F1200
G1 X477.678 Y-22.944 F1200
G1 X477.678 Y-22.945 F1200
G1 X477.679 Y-22.946 F1200
G1 X477.679 Y-22.948 F1200
G1 X477.680 Y-22.949 F1200
G1 X477.885 Y-23.255 F1200
G1 X478.476 Y-24.140 F1200
G1 X479.384 Y-25.501 F1200
G1 X480.414 Y-27.044 F1200
G1 X481.430 Y-28.568 F1200
G1 X482.406 Y-30.030 F1200
G1 X483.348 Y-31.443 F1200
G1 X484.256 Y-32.804 F1200
G1 X485.110 Y-34.085 F1200
G1 X485.875 Y-35.231 F1200
G1 X486.500 Y-36.168 F1200
G1 X486.923 Y-36.802 F1200
G1 X486.944 Y-36.838 F1200
G1 X486.974 Y-36.895 F1200
G1 X486.998 Y-36.952 F1200
G1 X487.009 Y-36.996 F1200
G1 X487.012 Y-37.030 F1200
G1 X487.009 Y-37.061 F1200
G1 X487.005 Y-37.091 F1200
G1 X486.998 Y-37.123 F1200
G1 X486.989 Y-37.158 F1200
G1 X486.977 Y-37.194 F1200
G1 X486.963 Y-37.231 F1200
G1 X486.945 Y-37.268 F1200
G1 X486.564 Y-37.974 F1200
G1 X485.756 Y-39.473 F1200
G1 X484.726 Y-41.382 F1200
G1 X483.707 Y-43.273 F1200
G1 X482.788 Y-44.977 F1200
G1 X481.954 Y-46.524 F1200
G1 X481.178 Y-47.965 F1200
G1 X480.457 Y-49.301 F1200
G1 X479.815 Y-50.492 F1200
G1 X479.287 Y-51.470 F1200
G1 X478.925 Y-52.143 F1200
G1 X478.788 Y-52.396 F1200
G1 X478.788 Y-52.396 F1200
G1 X478.788 Y-52.396 F1200
G1 X478.788 Y-52.396 F1200
G1 X478.788 Y-52.396 F1200
G1 X478.788 Y-52.396 F1200
G1 X478.788 Y-52.396 F1200
G1 X478.788 Y-52.396 F1200
G1 X478.788 Y-52.397 F1200
G1 X478.788 Y-52.397 F1200
G1 X478.788 Y-52.397 F1200
G1 X478.788 Y-52.398 F1200
G1 X478.788 Y-52.398 F1200
G1 X478.649 Y-52.652 F1200
G1 X478.429 Y-53.039 F1200
G1 X478.218 Y-53.392 F1200
G1 X478.060 Y-53.632 F1200
G1 X477.944 Y-53.787 F1200
G1 X477.842 Y-53.907 F1200
G1 X477.737 Y-54.022 F1200
G1 X477.625 Y-54.139 F1200
G1 X477.504 Y-54.261 F1200
G1 X477.373 Y-54.384 F1200
G1 X477.235 Y-54.507 F1200
G1 X477.093 Y-54.623 F1200
G1 X476.943 Y-54.730 F1200
G1 X476.692 Y-54.889 F1200
G1 X476.432 Y-55.027 F1200
G1 X476.215 Y-55.114 F1200
G1 X476.032 Y-55.161 F1200
G1 X475.855 Y-55.191 F1200
G1 X475.667 Y-55.216 F1200
G1 X475.459 Y-55.239 F1200
G1 X475.228 Y-55.259 F1200
G1 X474.973 Y-55.275 F1200
G1 X474.695 Y-55.287 F1200
G1 X474.397 Y-55.291 F1200
; --- Shape: PATH ---
; Target Depth: 3mm, Steps: 1
; Pass 1/1 at Z-3.000
G0 Z5.000
G0 X537.100 Y-17.018
G1 Z-3.000 F400.0
G1 X537.100 Y-18.771 F1200
G1 X538.007 Y-18.909 F1200
G1 X539.296 Y-19.136 F1200
G1 X540.327 Y-19.368 F1200
G1 X540.859 Y-19.566 F1200
G1 X541.032 Y-19.742 F1200
G1 X541.047 Y-19.927 F1200
G1 X541.006 Y-20.139 F1200
G1 X540.932 Y-20.390 F1200
G1 X540.824 Y-20.686 F1200
G1 X540.675 Y-21.034 F1200
G1 X540.479 Y-21.437 F1200
G1 X540.227 Y-21.897 F1200
G1 X539.846 Y-22.475 F1200
G1 X539.191 Y-23.476 F1200
G1 X538.487 Y-24.563 F1200
G1 X537.868 Y-25.530 F1200
G1 X537.318 Y-26.392 F1200
G1 X536.771 Y-27.250 F1200
G1 X536.176 Y-28.178 F1200
G1 X535.510 Y-29.211 F1200
G1 X534.762 Y-30.366 F1200
G1 X533.928 Y-31.647 F1200
G1 X533.007 Y-33.053 F1200
G1 X532.008 Y-34.570 F1200
G1 X531.228 Y-33.417 F1200
G1 X530.022 Y-31.625 F1200
G1 X528.909 Y-29.953 F1200
G1 X528.129 Y-28.758 F1200
G1 X527.604 Y-27.932 F1200
G1 X527.177 Y-27.243 F1200
G1 X526.759 Y-26.558 F1200
G1 X526.322 Y-25.836 F1200
G1 X525.862 Y-25.069 F1200
G1 X525.384 Y-24.263 F1200
G1 X524.897 Y-23.431 F1200
G1 X524.417 Y-22.596 F1200
G1 X524.070 Y-21.973 F1200
G1 X523.605 Y-21.069 F1200
G1 X523.289 Y-20.316 F1200
G1 X523.220 Y-19.881 F1200
G1 X523.346 Y-19.671 F1200
G1 X523.591 Y-19.548 F1200
G1 X523.927 Y-19.439 F1200
G1 X524.359 Y-19.323 F1200
G1 X524.903 Y-19.197 F1200
G1 X525.577 Y-19.060 F1200
G1 X526.397 Y-18.913 F1200
G1 X527.377 Y-18.758 F1200
G1 X527.377 Y-17.005 F1200
G1 X512.750 Y-17.005 F1200
G1 X512.750 Y-18.758 F1200
G1 X513.607 Y-18.873 F1200
G1 X514.904 Y-19.078 F1200
G1 X516.068 Y-19.312 F1200
G1 X516.844 Y-19.536 F1200
G1 X517.333 Y-19.752 F1200
G1 X517.712 Y-19.983 F1200
G1 X518.080 Y-20.246 F1200
G1 X518.467 Y-20.550 F1200
G1 X518.879 Y-20.904 F1200
G1 X519.313 Y-21.312 F1200
G1 X519.761 Y-21.777 F1200
G1 X520.212 Y-22.300 F1200
G1 X520.665 Y-22.833 F1200
G1 X521.452 Y-23.784 F1200
G1 X522.311 Y-24.856 F1200
G1 X523.082 Y-25.858 F1200
G1 X523.776 Y-26.796 F1200
G1 X524.474 Y-27.763 F1200
G1 X525.235 Y-28.833 F1200
G1 X526.089 Y-30.044 F1200
G1 X527.049 Y-31.419 F1200
G1 X528.122 Y-32.971 F1200
G1 X529.309 Y-34.704 F1200
G1 X530.599 Y-36.607 F1200
G1 X529.792 Y-37.856 F1200
G1 X528.533 Y-39.802 F1200
G1 X527.353 Y-41.624 F1200
G1 X526.504 Y-42.931 F1200
G1 X525.913 Y-43.839 F1200
G1 X525.419 Y-44.596 F1200
G1 X524.929 Y-45.346 F1200
G1 X524.413 Y-46.134 F1200
G1 X523.868 Y-46.968 F1200
G1 X523.298 Y-47.839 F1200
G1 X522.713 Y-48.732 F1200
G1 X522.130 Y-49.622 F1200
G1 X521.485 Y-50.547 F1200
G1 X520.520 Y-51.884 F1200
G1 X519.657 Y-52.994 F1200
G1 X519.064 Y-53.627 F1200
G1 X518.647 Y-53.919 F1200
G1 X518.261 Y-54.075 F1200
G1 X517.819 Y-54.200 F1200
G1 X517.286 Y-54.325 F1200
G1 X516.642 Y-54.454 F1200
G1 X515.874 Y-54.584 F1200
G1 X514.966 Y-54.712 F1200
G1 X513.912 Y-54.833 F1200
G1 X513.912 Y-56.669 F1200
G1 X529.923 Y-56.669 F1200
G1 X529.923 Y-54.833 F1200
G1 X529.063 Y-54.714 F1200
G1 X527.854 Y-54.516 F1200
G1 X526.906 Y-54.311 F1200
G1 X526.440 Y-54.135 F1200
G1 X526.315 Y-53.980 F1200
G1 X526.334 Y-53.822 F1200
G1 X526.400 Y-53.644 F1200
G1 X526.488 Y-53.437 F1200
G1 X526.599 Y-53.198 F1200
G1 X526.735 Y-52.921 F1200
G1 X526.898 Y-52.606 F1200
G1 X527.093 Y-52.251 F1200
G1 X527.589 Y-51.444 F1200
G1 X528.386 Y-50.159 F1200
G1 X529.171 Y-48.914 F1200
G1 X529.783 Y-47.964 F1200
G1 X530.259 Y-47.242 F1200
G1 X530.696 Y-46.590 F1200
G1 X531.154 Y-45.911 F1200
G1 X531.655 Y-45.169 F1200
G1 X532.205 Y-44.354 F1200
G1 X532.806 Y-43.465 F1200
G1 X533.454 Y-42.508 F1200
G1 X534.139 Y-41.497 F1200
G1 X534.788 Y-42.436 F1200
G1 X535.781 Y-43.880 F1200
G1 X536.685 Y-45.209 F1200
G1 X537.306 Y-46.138 F1200
G1 X537.715 Y-46.767 F1200
G1 X538.044 Y-47.289 F1200
G1 X538.370 Y-47.814 F1200
G1 X538.716 Y-48.376 F1200
G1 X539.087 Y-48.985 F1200
G1 X539.481 Y-49.638 F1200
G1 X539.892 Y-50.329 F1200
G1 X540.310 Y-51.043 F1200
G1 X540.638 Y-51.667 F1200
G1 X541.079 Y-52.573 F1200
G1 X541.379 Y-53.330 F1200
G1 X541.443 Y-53.770 F1200
G1 X541.321 Y-53.982 F1200
G1 X541.083 Y-54.105 F1200
G1 X540.755 Y-54.212 F1200
G1 X540.331 Y-54.324 F1200
G1 X539.796 Y-54.442 F1200
G1 X539.132 Y-54.568 F1200
G1 X538.321 Y-54.700 F1200
G1 X537.350 Y-54.833 F1200
G1 X537.350 Y-56.669 F1200
G1 X551.987 Y-56.669 F1200
G1 X551.987 Y-54.833 F1200
G1 X550.895 Y-54.710 F1200
G1 X549.292 Y-54.496 F1200
G1 X547.920 Y-54.252 F1200
G1 X547.072 Y-54.013 F1200
G1 X546.592 Y-53.766 F1200
G1 X546.238 Y-53.484 F1200
G1 X545.879 Y-53.146 F1200
G1 X545.472 Y-52.735 F1200
G1 X545.004 Y-52.237 F1200
G1 X544.468 Y-51.642 F1200
G1 X543.862 Y-50.938 F1200
G1 X543.187 Y-50.120 F1200
G1 X542.807 Y-49.654 F1200
G1 X542.174 Y-48.859 F1200
G1 X541.515 Y-48.008 F1200
G1 X540.953 Y-47.255 F1200
G1 X540.466 Y-46.579 F1200
G1 X539.978 Y-45.892 F1200
G1 X539.441 Y-45.130 F1200
G1 X538.830 Y-44.262 F1200
G1 X538.133 Y-43.271 F1200
G1 X537.343 Y-42.146 F1200
G1 X536.457 Y-40.882 F1200
G1 X535.478 Y-39.484 F1200
G1 X536.353 Y-38.163 F1200
G1 X537.732 Y-36.082 F1200
G1 X539.045 Y-34.103 F1200
G1 X540.014 Y-32.645 F1200
G1 X540.715 Y-31.595 F1200
G1 X541.320 Y-30.692 F1200
G1 X541.930 Y-29.784 F1200
G1 X542.580 Y-28.820 F1200
G1 X543.276 Y-27.791 F1200
G1 X544.014 Y-26.704 F1200
G1 X544.784 Y-25.575 F1200
G1 X545.568 Y-24.432 F1200
G1 X546.251 Y-23.435 F1200
G1 X547.291 Y-21.987 F1200
G1 X548.242 Y-20.779 F1200
G1 X548.917 Y-20.081 F1200
G1 X549.401 Y-19.752 F1200
G1 X549.846 Y-19.571 F1200
G1 X550.339 Y-19.425 F1200
G1 X550.915 Y-19.283 F1200
G1 X551.591 Y-19.141 F1200
G1 X552.379 Y-19.003 F1200
G1 X553.288 Y-18.872 F1200
G1 X554.320 Y-18.758 F1200
G1 X554.320 Y-17.005 F1200
G1 X537.100 Y-17.005 F1200
G1 X537.100 Y-17.018 F1200
; --- Shape: PATH ---
; Target Depth: 3mm, Steps: 1
; Pass 1/1 at Z-3.000
G0 Z5.000
G0 X598.536 Y-17.027
G1 Z-3.000 F400.0
G1 X598.536 Y-18.735 F1200
G1 X599.696 Y-18.869 F1200
G1 X601.353 Y-19.085 F1200
G1 X602.696 Y-19.319 F1200
G1 X603.420 Y-19.549 F1200
G1 X603.703 Y-19.803 F1200
G1 X603.808 Y-20.118 F1200
G1 X603.868 Y-20.525 F1200
G1 X603.918 Y-21.046 F1200
G1 X603.962 Y-21.703 F1200
G1 X603.999 Y-22.520 F1200
G1 X604.024 Y-23.517 F1200
G1 X604.033 Y-24.711 F1200
G1 X604.033 Y-48.922 F1200
G1 X604.020 Y-50.132 F1200
G1 X603.966 Y-51.852 F1200
G1 X603.850 Y-53.236 F1200
G1 X603.667 Y-53.974 F1200
G1 X603.414 Y-54.259 F1200
G1 X603.085 Y-54.368 F1200
G1 X602.665 Y-54.441 F1200
G1 X602.136 Y-54.519 F1200
G1 X601.478 Y-54.609 F1200
G1 X600.670 Y-54.711 F1200
G1 X599.694 Y-54.828 F1200
G1 X598.536 Y-54.959 F1200
G1 X598.536 Y-56.667 F1200
G1 X614.904 Y-56.667 F1200
G1 X614.904 Y-54.959 F1200
G1 X613.730 Y-54.825 F1200
G1 X612.052 Y-54.607 F1200
G1 X610.694 Y-54.373 F1200
G1 X609.962 Y-54.141 F1200
G1 X609.676 Y-53.885 F1200
G1 X609.570 Y-53.567 F1200
G1 X609.510 Y-53.156 F1200
G1 X609.461 Y-52.629 F1200
G1 X609.416 Y-51.964 F1200
G1 X609.380 Y-51.138 F1200
G1 X609.355 Y-50.130 F1200
G1 X609.346 Y-48.922 F1200
G1 X609.346 Y-24.711 F1200
G1 X609.359 Y-23.502 F1200
G1 X609.413 Y-21.786 F1200
G1 X609.530 Y-20.408 F1200
G1 X609.715 Y-19.678 F1200
G1 X609.970 Y-19.400 F1200
G1 X610.303 Y-19.298 F1200
G1 X610.727 Y-19.231 F1200
G1 X611.262 Y-19.160 F1200
G1 X611.927 Y-19.076 F1200
G1 X612.745 Y-18.978 F1200
G1 X613.732 Y-18.864 F1200
G1 X614.904 Y-18.735 F1200
G1 X614.904 Y-17.027 F1200
G1 X598.536 Y-17.027 F1200
; --- Shape: PATH ---
; Target Depth: 3mm, Steps: 1
; Pass 1/1 at Z-3.000
G0 Z5.000
G0 X582.291 Y-17.027
G1 Z-3.000 F400.0
G1 X582.291 Y-18.735 F1200
G1 X583.167 Y-18.846 F1200
G1 X584.415 Y-19.034 F1200
G1 X585.416 Y-19.235 F1200
G1 X585.936 Y-19.416 F1200
G1 X586.107 Y-19.587 F1200
G1 X586.127 Y-19.772 F1200
G1 X586.091 Y-19.986 F1200
G1 X586.024 Y-20.241 F1200
G1 X585.922 Y-20.542 F1200
G1 X585.780 Y-20.898 F1200
G1 X585.590 Y-21.311 F1200
G1 X585.345 Y-21.784 F1200
G1 X584.967 Y-22.424 F1200
G1 X584.318 Y-23.523 F1200
G1 X583.621 Y-24.701 F1200
G1 X583.009 Y-25.730 F1200
G1 X582.471 Y-26.627 F1200
G1 X581.940 Y-27.505 F1200
G1 X581.368 Y-28.444 F1200
G1 X580.733 Y-29.480 F1200
G1 X580.026 Y-30.627 F1200
G1 X579.243 Y-31.886 F1200
G1 X578.387 Y-33.255 F1200
G1 X577.467 Y-34.713 F1200
G1 X576.754 Y-33.606 F1200
G1 X575.637 Y-31.869 F1200
G1 X574.584 Y-30.226 F1200
G1 X573.822 Y-29.027 F1200
G1 X573.287 Y-28.174 F1200
G1 X572.838 Y-27.447 F1200
G1 X572.394 Y-26.719 F1200
G1 X571.928 Y-25.948 F1200
G1 X571.438 Y-25.126 F1200
G1 X570.929 Y-24.260 F1200
G1 X570.409 Y-23.362 F1200
G1 X569.895 Y-22.456 F1200
G1 X569.584 Y-21.854 F1200
G1 X569.178 Y-20.977 F1200
G1 X568.921 Y-20.239 F1200
G1 X568.896 Y-19.805 F1200
G1 X569.050 Y-19.589 F1200
G1 X569.316 Y-19.460 F1200
G1 X569.667 Y-19.348 F1200
G1 X570.108 Y-19.233 F1200
G1 X570.654 Y-19.113 F1200
G1 X571.321 Y-18.988 F1200
G1 X572.123 Y-18.861 F1200
G1 X573.071 Y-18.736 F1200
G1 X573.071 Y-17.029 F1200
G1 X558.840 Y-17.029 F1200
G1 X558.840 Y-18.736 F1200
G1 X559.716 Y-18.839 F1200
G1 X561.026 Y-19.028 F1200
G1 X562.175 Y-19.248 F1200
G1 X562.916 Y-19.465 F1200
G1 X563.357 Y-19.681 F1200
G1 X563.687 Y-19.913 F1200
G1 X564.008 Y-20.178 F1200
G1 X564.351 Y-20.487 F1200
G1 X564.723 Y-20.846 F1200
G1 X565.122 Y-21.262 F1200
G1 X565.546 Y-21.737 F1200
G1 X565.985 Y-22.272 F1200
G1 X566.555 Y-23.019 F1200
G1 X567.473 Y-24.237 F1200
G1 X568.384 Y-25.474 F1200
G1 X569.116 Y-26.500 F1200
G1 X569.721 Y-27.379 F1200
G1 X570.315 Y-28.262 F1200
G1 X570.974 Y-29.250 F1200
G1 X571.730 Y-30.391 F1200
G1 X572.603 Y-31.712 F1200
G1 X573.602 Y-33.234 F1200
G1 X574.736 Y-34.966 F1200
G1 X576.002 Y-36.908 F1200
G1 X575.217 Y-38.172 F1200
G1 X573.997 Y-40.134 F1200
G1 X572.859 Y-41.958 F1200
G1 X572.049 Y-43.252 F1200
G1 X571.492 Y-44.137 F1200
G1 X571.033 Y-44.864 F1200
G1 X570.582 Y-45.579 F1200
G1 X570.110 Y-46.328 F1200
G1 X569.615 Y-47.116 F1200
G1 X569.101 Y-47.935 F1200
G1 X568.578 Y-48.769 F1200
G1 X568.063 Y-49.593 F1200
G1 X567.441 Y-50.547 F1200
G1 X566.517 Y-51.927 F1200
G1 X565.698 Y-53.071 F1200
G1 X565.142 Y-53.722 F1200
G1 X564.756 Y-54.020 F1200
G1 X564.396 Y-54.178 F1200
G1 X563.980 Y-54.305 F1200
G1 X563.473 Y-54.433 F1200
G1 X562.855 Y-54.564 F1200
G1 X562.109 Y-54.698 F1200
G1 X561.222 Y-54.832 F1200
G1 X560.184 Y-54.959 F1200
G1 X560.184 Y-56.667 F1200
G1 X575.392 Y-56.667 F1200
G1 X575.392 Y-54.959 F1200
G1 X574.520 Y-54.861 F1200
G1 X573.287 Y-54.691 F1200
G1 X572.311 Y-54.504 F1200
G1 X571.818 Y-54.332 F1200
G1 X571.672 Y-54.170 F1200
G1 X571.674 Y-53.999 F1200
G1 X571.727 Y-53.805 F1200
G1 X571.808 Y-53.579 F1200
G1 X571.917 Y-53.317 F1200
G1 X572.058 Y-53.013 F1200
G1 X572.237 Y-52.666 F1200
G1 X572.459 Y-52.276 F1200
G1 X572.954 Y-51.419 F1200
G1 X573.750 Y-50.060 F1200
G1 X574.529 Y-48.750 F1200
G1 X575.134 Y-47.757 F1200
G1 X575.602 Y-47.012 F1200
G1 X576.029 Y-46.343 F1200
G1 X576.475 Y-45.649 F1200
G1 X576.962 Y-44.894 F1200
G1 X577.495 Y-44.066 F1200
G1 X578.077 Y-43.164 F1200
G1 X578.702 Y-42.197 F1200
G1 X579.362 Y-41.178 F1200
G1 X579.953 Y-42.089 F1200
G1 X580.877 Y-43.517 F1200
G1 X581.746 Y-44.868 F1200
G1 X582.373 Y-45.852 F1200
G1 X582.810 Y-46.549 F1200
G1 X583.174 Y-47.140 F1200
G1 X583.533 Y-47.729 F1200
G1 X583.908 Y-48.350 F1200
G1 X584.301 Y-49.008 F1200
G1 X584.708 Y-49.698 F1200
G1 X585.122 Y-50.407 F1200
G1 X585.528 Y-51.117 F1200
G1 X585.854 Y-51.734 F1200
G1 X586.285 Y-52.636 F1200
G1 X586.566 Y-53.396 F1200
G1 X586.608 Y-53.846 F1200
G1 X586.466 Y-54.071 F1200
G1 X586.211 Y-54.208 F1200
G1 X585.872 Y-54.327 F1200
G1 X585.443 Y-54.448 F1200
G1 X584.910 Y-54.574 F1200
G1 X584.257 Y-54.703 F1200
G1 X583.470 Y-54.833 F1200
G1 X582.537 Y-54.959 F1200
G1 X582.537 Y-56.667 F1200
G1 X596.460 Y-56.667 F1200
G1 X596.460 Y-54.959 F1200
G1 X595.385 Y-54.807 F1200
G1 X593.815 Y-54.561 F1200
G1 X592.484 Y-54.304 F1200
G1 X591.677 Y-54.071 F1200
G1 X591.237 Y-53.841 F1200
G1 X590.922 Y-53.576 F1200
G1 X590.604 Y-53.250 F1200
G1 X590.241 Y-52.844 F1200
G1 X589.820 Y-52.344 F1200
G1 X589.334 Y-51.735 F1200
G1 X588.779 Y-51.003 F1200
G1 X588.155 Y-50.140 F1200
G1 X587.665 Y-49.443 F1200
G1 X586.912 Y-48.369 F1200
G1 X586.209 Y-47.361 F1200
G1 X585.687 Y-46.607 F1200
G1 X585.285 Y-46.018 F1200
G1 X584.895 Y-45.441 F1200
G1 X584.451 Y-44.780 F1200
G1 X583.923 Y-43.993 F1200
G1 X583.296 Y-43.056 F1200
G1 X582.557 Y-41.947 F1200
G1 X581.694 Y-40.653 F1200
G1 X580.704 Y-39.164 F1200
G1 X581.525 Y-37.871 F1200
G1 X582.812 Y-35.836 F1200
G1 X584.031 Y-33.903 F1200
G1 X584.924 Y-32.480 F1200
G1 X585.564 Y-31.457 F1200
G1 X586.113 Y-30.578 F1200
G1 X586.667 Y-29.693 F1200
G1 X587.258 Y-28.754 F1200
G1 X587.891 Y-27.750 F1200
G1 X588.564 Y-26.689 F1200
G1 X589.268 Y-25.585 F1200
G1 X589.986 Y-24.467 F1200
G1 X590.686 Y-23.389 F1200
G1 X591.737 Y-21.839 F1200
G1 X592.680 Y-20.568 F1200
G1 X593.327 Y-19.861 F1200
G1 X593.777 Y-19.555 F1200
G1 X594.186 Y-19.409 F1200
G1 X594.645 Y-19.299 F1200
G1 X595.190 Y-19.190 F1200
G1 X595.840 Y-19.077 F1200
G1 X596.608 Y-18.961 F1200
G1 X597.505 Y-18.846 F1200
G1 X598.537 Y-18.735 F1200
G1 X598.537 Y-17.027 F1200
G1 X582.291 Y-17.027 F1200
; --- Shape: PATH ---
; Target Depth: 3mm, Steps: 1
; Pass 1/1 at Z-3.000
G0 Z5.000
G0 X659.222 Y-17.423
G1 Z-3.000 F400.0
G1 X659.222 Y-19.130 F1200
G1 X660.385 Y-19.264 F1200
G1 X662.046 Y-19.481 F1200
G1 X663.391 Y-19.715 F1200
G1 X664.116 Y-19.945 F1200
G1 X664.400 Y-20.199 F1200
G1 X664.505 Y-20.515 F1200
G1 X664.565 Y-20.921 F1200
G1 X664.615 Y-21.442 F1200
G1 X664.659 Y-22.100 F1200
G1 X664.696 Y-22.917 F1200
G1 X664.721 Y-23.914 F1200
G1 X664.730 Y-25.108 F1200
G1 X664.730 Y-49.322 F1200
G1 X664.717 Y-50.532 F1200
G1 X664.663 Y-52.253 F1200
G1 X664.547 Y-53.637 F1200
G1 X664.363 Y-54.375 F1200
G1 X664.110 Y-54.661 F1200
G1 X663.781 Y-54.770 F1200
G1 X663.360 Y-54.843 F1200
G1 X662.830 Y-54.921 F1200
G1 X662.170 Y-55.010 F1200
G1 X661.361 Y-55.112 F1200
G1 X660.383 Y-55.229 F1200
G1 X659.222 Y-55.359 F1200
G1 X659.222 Y-57.066 F1200
G1 X675.625 Y-57.066 F1200
G1 X675.625 Y-55.359 F1200
G1 X674.448 Y-55.225 F1200
G1 X672.767 Y-55.007 F1200
G1 X671.405 Y-54.773 F1200
G1 X670.672 Y-54.541 F1200
G1 X670.386 Y-54.285 F1200
G1 X670.280 Y-53.967 F1200
G1 X670.220 Y-53.556 F1200
G1 X670.170 Y-53.029 F1200
G1 X670.126 Y-52.364 F1200
G1 X670.089 Y-51.538 F1200
G1 X670.064 Y-50.530 F1200
G1 X670.055 Y-49.322 F1200
G1 X670.055 Y-25.108 F1200
G1 X670.068 Y-23.899 F1200
G1 X670.122 Y-22.183 F1200
G1 X670.239 Y-20.804 F1200
G1 X670.425 Y-20.074 F1200
G1 X670.680 Y-19.796 F1200
G1 X671.013 Y-19.694 F1200
G1 X671.438 Y-19.627 F1200
G1 X671.974 Y-19.556 F1200
G1 X672.641 Y-19.472 F1200
G1 X673.460 Y-19.373 F1200
G1 X674.450 Y-19.260 F1200
G1 X675.625 Y-19.130 F1200
G1 X675.625 Y-17.423 F1200
G1 X659.222 Y-17.423 F1200
; --- Shape: PATH ---
; Target Depth: 3mm, Steps: 1
; Pass 1/1 at Z-3.000
G0 Z5.000
G0 X675.626 Y-17.423
G1 Z-3.000 F400.0
G1 X675.626 Y-19.130 F1200
G1 X676.789 Y-19.264 F1200
G1 X678.450 Y-19.481 F1200
G1 X679.795 Y-19.715 F1200
G1 X680.520 Y-19.945 F1200
G1 X680.805 Y-20.199 F1200
G1 X680.910 Y-20.515 F1200
G1 X680.970 Y-20.921 F1200
G1 X681.020 Y-21.442 F1200
G1 X681.064 Y-22.100 F1200
G1 X681.101 Y-22.917 F1200
G1 X681.126 Y-23.914 F1200
G1 X681.135 Y-25.108 F1200
G1 X681.135 Y-49.322 F1200
G1 X681.122 Y-50.532 F1200
G1 X681.068 Y-52.253 F1200
G1 X680.952 Y-53.637 F1200
G1 X680.768 Y-54.375 F1200
G1 X680.515 Y-54.661 F1200
G1 X680.185 Y-54.770 F1200
G1 X679.764 Y-54.843 F1200
G1 X679.234 Y-54.921 F1200
G1 X678.574 Y-55.010 F1200
G1 X677.765 Y-55.112 F1200
G1 X676.787 Y-55.229 F1200
G1 X675.626 Y-55.359 F1200
G1 X675.626 Y-57.066 F1200
G1 X692.029 Y-57.066 F1200
G1 X692.029 Y-55.359 F1200
G1 X690.852 Y-55.225 F1200
G1 X689.171 Y-55.007 F1200
G1 X687.809 Y-54.773 F1200
G1 X687.076 Y-54.541 F1200
G1 X686.790 Y-54.285 F1200
G1 X686.684 Y-53.967 F1200
G1 X686.624 Y-53.556 F1200
G1 X686.574 Y-53.029 F1200
G1 X686.530 Y-52.364 F1200
G1 X686.493 Y-51.538 F1200
G1 X686.468 Y-50.530 F1200
G1 X686.459 Y-49.322 F1200
G1 X686.459 Y-25.108 F1200
G1 X686.472 Y-23.899 F1200
G1 X686.526 Y-22.183 F1200
G1 X686.643 Y-20.804 F1200
G1 X686.829 Y-20.074 F1200
G1 X687.084 Y-19.796 F1200
G1 X687.417 Y-19.694 F1200
G1 X687.842 Y-19.627 F1200
G1 X688.378 Y-19.556 F1200
G1 X689.045 Y-19.472 F1200
G1 X689.864 Y-19.373 F1200
G1 X690.854 Y-19.260 F1200
G1 X692.029 Y-19.130 F1200
G1 X692.029 Y-17.423 F1200
G1 X675.626 Y-17.423 F1200
; --- Shape: PATH ---
; Target Depth: 3mm, Steps: 1
; Pass 1/1 at Z-3.000
G0 Z5.000
G0 X642.939 Y-17.423
G1 Z-3.000 F400.0
G1 X642.939 Y-19.130 F1200
G1 X643.818 Y-19.241 F1200
G1 X645.069 Y-19.429 F1200
G1 X646.072 Y-19.630 F1200
G1 X646.593 Y-19.812 F1200
G1 X646.765 Y-19.983 F1200
G1 X646.785 Y-20.168 F1200
G1 X646.749 Y-20.382 F1200
G1 X646.681 Y-20.637 F1200
G1 X646.579 Y-20.938 F1200
G1 X646.436 Y-21.294 F1200
G1 X646.246 Y-21.707 F1200
G1 X646.000 Y-22.180 F1200
G1 X645.621 Y-22.820 F1200
G1 X644.970 Y-23.919 F1200
G1 X644.271 Y-25.096 F1200
G1 X643.658 Y-26.125 F1200
G1 X643.119 Y-27.022 F1200
G1 X642.586 Y-27.900 F1200
G1 X642.013 Y-28.840 F1200
G1 X641.377 Y-29.876 F1200
G1 X640.668 Y-31.022 F1200
G1 X639.883 Y-32.283 F1200
G1 X639.025 Y-33.651 F1200
G1 X638.103 Y-35.110 F1200
G1 X637.388 Y-34.002 F1200
G1 X636.268 Y-32.265 F1200
G1 X635.213 Y-30.622 F1200
G1 X634.449 Y-29.423 F1200
G1 X633.913 Y-28.569 F1200
G1 X633.463 Y-27.843 F1200
G1 X633.018 Y-27.114 F1200
G1 X632.551 Y-26.343 F1200
G1 X632.061 Y-25.521 F1200
G1 X631.550 Y-24.654 F1200
G1 X631.029 Y-23.756 F1200
G1 X630.515 Y-22.850 F1200
G1 X630.203 Y-22.248 F1200
G1 X629.796 Y-21.371 F1200
G1 X629.538 Y-20.633 F1200
G1 X629.513 Y-20.199 F1200
G1 X629.668 Y-19.983 F1200
G1 X629.934 Y-19.854 F1200
G1 X630.286 Y-19.741 F1200
G1 X630.729 Y-19.626 F1200
G1 X631.276 Y-19.506 F1200
G1 X631.944 Y-19.381 F1200
G1 X632.748 Y-19.254 F1200
G1 X633.698 Y-19.129 F1200
G1 X633.698 Y-17.422 F1200
G1 X619.436 Y-17.422 F1200
G1 X619.436 Y-19.129 F1200
G1 X620.315 Y-19.232 F1200
G1 X621.627 Y-19.421 F1200
G1 X622.779 Y-19.642 F1200
G1 X623.521 Y-19.860 F1200
G1 X623.964 Y-20.075 F1200
G1 X624.294 Y-20.307 F1200
G1 X624.616 Y-20.573 F1200
G1 X624.960 Y-20.882 F1200
G1 X625.332 Y-21.241 F1200
G1 X625.733 Y-21.656 F1200
G1 X626.157 Y-22.131 F1200
G1 X626.597 Y-22.666 F1200
G1 X627.169 Y-23.413 F1200
G1 X628.088 Y-24.631 F1200
G1 X629.001 Y-25.868 F1200
G1 X629.735 Y-26.895 F1200
G1 X630.341 Y-27.774 F1200
G1 X630.937 Y-28.657 F1200
G1 X631.596 Y-29.644 F1200
G1 X632.355 Y-30.786 F1200
G1 X633.229 Y-32.108 F1200
G1 X634.231 Y-33.629 F1200
G1 X635.367 Y-35.362 F1200
G1 X636.636 Y-37.304 F1200
G1 X635.849 Y-38.568 F1200
G1 X634.626 Y-40.530 F1200
G1 X633.486 Y-42.354 F1200
G1 X632.674 Y-43.648 F1200
G1 X632.116 Y-44.532 F1200
G1 X631.656 Y-45.259 F1200
G1 X631.204 Y-45.975 F1200
G1 X630.731 Y-46.724 F1200
G1 X630.235 Y-47.511 F1200
G1 X629.719 Y-48.331 F1200
G1 X629.195 Y-49.165 F1200
G1 X628.679 Y-49.990 F1200
G1 X628.056 Y-50.945 F1200
G1 X627.130 Y-52.325 F1200
G1 X626.310 Y-53.470 F1200
G1 X625.753 Y-54.121 F1200
G1 X625.366 Y-54.419 F1200
G1 X625.006 Y-54.577 F1200
G1 X624.589 Y-54.705 F1200
G1 X624.080 Y-54.832 F1200
G1 X623.461 Y-54.964 F1200
G1 X622.713 Y-55.098 F1200
G1 X621.824 Y-55.231 F1200
G1 X620.784 Y-55.358 F1200
G1 X620.784 Y-57.065 F1200
G1 X636.024 Y-57.065 F1200
G1 X636.024 Y-55.358 F1200
G1 X635.150 Y-55.260 F1200
G1 X633.914 Y-55.090 F1200
G1 X632.935 Y-54.902 F1200
G1 X632.442 Y-54.730 F1200
G1 X632.295 Y-54.568 F1200
G1 X632.298 Y-54.397 F1200
G1 X632.351 Y-54.203 F1200
G1 X632.432 Y-53.978 F1200
G1 X632.542 Y-53.715 F1200
G1 X632.684 Y-53.412 F1200
G1 X632.863 Y-53.065 F1200
G1 X633.086 Y-52.675 F1200
G1 X633.582 Y-51.818 F1200
G1 X634.379 Y-50.458 F1200
G1 X635.161 Y-49.147 F1200
G1 X635.767 Y-48.155 F1200
G1 X636.236 Y-47.409 F1200
G1 X636.663 Y-46.740 F1200
G1 X637.110 Y-46.047 F1200
G1 X637.598 Y-45.291 F1200
G1 X638.133 Y-44.463 F1200
G1 X638.716 Y-43.561 F1200
G1 X639.343 Y-42.593 F1200
G1 X640.004 Y-41.574 F1200
G1 X640.596 Y-42.485 F1200
G1 X641.523 Y-43.913 F1200
G1 X642.393 Y-45.263 F1200
G1 X643.021 Y-46.247 F1200
G1 X643.460 Y-46.945 F1200
G1 X643.825 Y-47.536 F1200
G1 X644.185 Y-48.126 F1200
G1 X644.561 Y-48.747 F1200
G1 X644.955 Y-49.405 F1200
G1 X645.364 Y-50.096 F1200
G1 X645.779 Y-50.806 F1200
G1 X646.186 Y-51.516 F1200
G1 X646.513 Y-52.133 F1200
G1 X646.943 Y-53.034 F1200
G1 X647.225 Y-53.794 F1200
G1 X647.267 Y-54.244 F1200
G1 X647.124 Y-54.470 F1200
G1 X646.869 Y-54.606 F1200
G1 X646.529 Y-54.725 F1200
G1 X646.099 Y-54.847 F1200
G1 X645.565 Y-54.973 F1200
G1 X644.911 Y-55.102 F1200
G1 X644.122 Y-55.232 F1200
G1 X643.187 Y-55.358 F1200
G1 X643.187 Y-57.065 F1200
G1 X657.142 Y-57.065 F1200
G1 X657.142 Y-55.358 F1200
G1 X656.064 Y-55.206 F1200
G1 X654.490 Y-54.959 F1200
G1 X653.156 Y-54.702 F1200
G1 X652.347 Y-54.469 F1200
G1 X651.906 Y-54.239 F1200
G1 X651.591 Y-53.975 F1200
G1 X651.272 Y-53.648 F1200
G1 X650.909 Y-53.243 F1200
G1 X650.486 Y-52.743 F1200
G1 X649.999 Y-52.134 F1200
G1 X649.444 Y-51.403 F1200
G1 X648.819 Y-50.540 F1200
G1 X648.328 Y-49.843 F1200
G1 X647.574 Y-48.768 F1200
G1 X646.868 Y-47.759 F1200
G1 X646.346 Y-47.005 F1200
G1 X645.943 Y-46.416 F1200
G1 X645.552 Y-45.838 F1200
G1 X645.106 Y-45.178 F1200
G1 X644.578 Y-44.391 F1200
G1 X643.949 Y-43.453 F1200
G1 X643.208 Y-42.345 F1200
G1 X642.343 Y-41.051 F1200
G1 X641.351 Y-39.562 F1200
G1 X642.174 Y-38.269 F1200
G1 X643.464 Y-36.234 F1200
G1 X644.687 Y-34.300 F1200
G1 X645.582 Y-32.877 F1200
G1 X646.223 Y-31.854 F1200
G1 X646.773 Y-30.974 F1200
G1 X647.329 Y-30.090 F1200
G1 X647.921 Y-29.150 F1200
G1 X648.555 Y-28.146 F1200
G1 X649.230 Y-27.085 F1200
G1 X649.935 Y-25.981 F1200
G1 X650.655 Y-24.863 F1200
G1 X651.357 Y-23.784 F1200
G1 X652.410 Y-22.234 F1200
G1 X653.354 Y-20.963 F1200
G1 X654.003 Y-20.256 F1200
G1 X654.454 Y-19.950 F1200
G1 X654.864 Y-19.804 F1200
G1 X655.324 Y-19.694 F1200
G1 X655.870 Y-19.585 F1200
G1 X656.521 Y-19.472 F1200
G1 X657.291 Y-19.356 F1200
G1 X658.191 Y-19.241 F1200
G1 X659.225 Y-19.130 F1200
G1 X659.225 Y-17.423 F1200
G1 X642.939 Y-17.423 F1200
; --- Shape: PATH ---
; Target Depth: 3mm, Steps: 1
; Pass 1/1 at Z-3.000
G0 Z5.000
G0 X413.841 Y-55.291
G1 Z-3.000 F400.0
G1 X411.336 Y-55.291 F1200
G1 X410.793 Y-55.263 F1200
G1 X409.964 Y-55.162 F1200
G1 X409.212 Y-54.983 F1200
G1 X408.702 Y-54.748 F1200
G1 X408.377 Y-54.478 F1200
G1 X408.126 Y-54.174 F1200
G1 X407.888 Y-53.828 F1200
G1 X407.645 Y-53.431 F1200
G1 X407.394 Y-52.977 F1200
G1 X407.142 Y-52.459 F1200
G1 X406.893 Y-51.875 F1200
G1 X406.659 Y-51.228 F1200
G1 X406.659 Y-51.228 F1200
G1 X406.659 Y-51.228 F1200
G1 X406.659 Y-51.228 F1200
G1 X406.659 Y-51.227 F1200
G1 X406.659 Y-51.227 F1200
G1 X406.659 Y-51.227 F1200
G1 X406.659 Y-51.227 F1200
G1 X406.659 Y-51.226 F1200
G1 X406.659 Y-51.226 F1200
G1 X406.659 Y-51.226 F1200
G1 X406.659 Y-51.226 F1200
G1 X406.659 Y-51.226 F1200
G1 X406.448 Y-50.597 F1200
G1 X405.766 Y-48.563 F1200
G1 X404.666 Y-45.284 F1200
G1 X403.389 Y-41.475 F1200
G1 X402.113 Y-37.670 F1200
G1 X400.889 Y-34.018 F1200
G1 X399.713 Y-30.507 F1200
G1 X398.589 Y-27.149 F1200
G1 X397.546 Y-24.027 F1200
G1 X396.629 Y-21.281 F1200
G1 X395.906 Y-19.103 F1200
G1 X395.457 Y-17.741 F1200
G1 X395.439 Y-17.696 F1200
G1 X395.407 Y-17.627 F1200
G1 X395.371 Y-17.566 F1200
G1 X395.336 Y-17.526 F1200
G1 X395.305 Y-17.502 F1200
G1 X395.274 Y-17.486 F1200
G1 X395.241 Y-17.472 F1200
G1 X395.204 Y-17.459 F1200
G1 X395.165 Y-17.448 F1200
G1 X395.122 Y-17.439 F1200
G1 X395.076 Y-17.432 F1200
G1 X395.028 Y-17.430 F1200
G1 X394.970 Y-17.430 F1200
G1 X394.876 Y-17.430 F1200
G1 X394.783 Y-17.430 F1200
G1 X394.711 Y-17.430 F1200
G1 X394.656 Y-17.430 F1200
G1 X394.607 Y-17.430 F1200
G1 X394.558 Y-17.430 F1200
G1 X394.507 Y-17.430 F1200
G1 X394.453 Y-17.430 F1200
G1 X394.396 Y-17.430 F1200
G1 X394.339 Y-17.430 F1200
G1 X394.282 Y-17.430 F1200
G1 X394.235 Y-17.432 F1200
G1 X394.161 Y-17.441 F1200
G1 X394.093 Y-17.456 F1200
G1 X394.045 Y-17.476 F1200
G1 X394.013 Y-17.497 F1200
G1 X393.988 Y-17.521 F1200
G1 X393.965 Y-17.547 F1200
G1 X393.941 Y-17.576 F1200
G1 X393.918 Y-17.609 F1200
G1 X393.896 Y-17.646 F1200
G1 X393.875 Y-17.686 F1200
G1 X393.857 Y-17.729 F1200
G1 X393.343 Y-19.151 F1200
G1 X392.176 Y-22.361 F1200
G1 X390.615 Y-26.637 F1200
G1 X389.010 Y-31.018 F1200
G1 X387.528 Y-35.053 F1200
G1 X386.168 Y-38.754 F1200
G1 X384.898 Y-42.210 F1200
G1 X383.719 Y-45.416 F1200
G1 X382.669 Y-48.275 F1200
G1 X381.806 Y-50.622 F1200
G1 X381.213 Y-52.235 F1200
G1 X380.990 Y-52.841 F1200
G1 X380.990 Y-52.841 F1200
G1 X380.990 Y-52.842 F1200
G1 X380.990 Y-52.843 F1200
G1 X380.990 Y-52.843 F1200
G1 X380.990 Y-52.843 F1200
G1 X380.990 Y-52.843 F1200
G1 X380.990 Y-52.843 F1200
G1 X380.990 Y-52.843 F1200
G1 X380.990 Y-52.843 F1200
G1 X380.990 Y-52.843 F1200
G1 X380.990 Y-52.843 F1200
G1 X380.990 Y-52.843 F1200
G1 X380.905 Y-53.069 F1200
G1 X380.766 Y-53.413 F1200
G1 X380.628 Y-53.725 F1200
G1 X380.518 Y-53.935 F1200
G1 X380.431 Y-54.069 F1200
G1 X380.350 Y-54.171 F1200
G1 X380.265 Y-54.268 F1200
G1 X380.172 Y-54.366 F1200
G1 X380.070 Y-54.467 F1200
G1 X379.958 Y-54.569 F1200
G1 X379.837 Y-54.669 F1200
G1 X379.710 Y-54.762 F1200
G1 X379.577 Y-54.847 F1200
G1 X379.361 Y-54.973 F1200
G1 X379.145 Y-55.082 F1200
G1 X378.974 Y-55.151 F1200
G1 X378.837 Y-55.188 F1200
G1 X378.710 Y-55.212 F1200
G1 X378.577 Y-55.232 F1200
G1 X378.431 Y-55.250 F1200
G1 X378.270 Y-55.266 F1200
G1 X378.094 Y-55.279 F1200
G1 X377.905 Y-55.288 F1200
G1 X377.705 Y-55.291 F1200
G1 X377.663 Y-55.291 F1200
G1 X377.520 Y-55.291 F1200
G1 X377.282 Y-55.291 F1200
G1 X376.998 Y-55.291 F1200
G1 X376.702 Y-55.291 F1200
G1 X376.406 Y-55.291 F1200
G1 X376.107 Y-55.291 F1200
G1 X375.803 Y-55.291 F1200
G1 X375.496 Y-55.291 F1200
G1 X375.194 Y-55.291 F1200
G1 X374.906 Y-55.291 F1200
G1 X374.649 Y-55.291 F1200
G1 X374.619 Y-55.292 F1200
G1 X374.572 Y-55.296 F1200
G1 X374.528 Y-55.302 F1200
G1 X374.496 Y-55.310 F1200
G1 X374.473 Y-55.319 F1200
G1 X374.454 Y-55.330 F1200
G1 X374.435 Y-55.341 F1200
G1 X374.415 Y-55.354 F1200
G1 X374.395 Y-55.369 F1200
G1 X374.373 Y-55.385 F1200
G1 X374.351 Y-55.404 F1200
G1 X374.330 Y-55.424 F1200
G1 X374.310 Y-55.446 F1200
G1 X374.279 Y-55.481 F1200
G1 X374.252 Y-55.517 F1200
G1 X374.235 Y-55.545 F1200
G1 X374.225 Y-55.568 F1200
G1 X374.219 Y-55.588 F1200
G1 X374.214 Y-55.610 F1200
G1 X374.209 Y-55.633 F1200
G1 X374.205 Y-55.658 F1200
G1 X374.201 Y-55.684 F1200
G1 X374.199 Y-55.713 F1200
G1 X374.198 Y-55.742 F1200
G1 X374.198 Y-55.811 F1200
G1 X374.198 Y-55.922 F1200
G1 X374.198 Y-56.032 F1200
G1 X374.198 Y-56.116 F1200
G1 X374.198 Y-56.180 F1200
G1 X374.198 Y-56.237 F1200
G1 X374.198 Y-56.295 F1200
G1 X374.198 Y-56.355 F1200
G1 X374.198 Y-56.419 F1200
G1 X374.198 Y-56.486 F1200
G1 X374.198 Y-56.555 F1200
G1 X374.198 Y-56.623 F1200
G1 X374.199 Y-56.652 F1200
G1 X374.202 Y-56.699 F1200
G1 X374.209 Y-56.743 F1200
G1 X374.216 Y-56.775 F1200
G1 X374.225 Y-56.797 F1200
G1 X374.236 Y-56.817 F1200
G1 X374.247 Y-56.836 F1200
G1 X374.260 Y-56.855 F1200
G1 X374.274 Y-56.876 F1200
G1 X374.291 Y-56.898 F1200
G1 X374.310 Y-56.920 F1200
G1 X374.330 Y-56.941 F1200
G1 X374.352 Y-56.961 F1200
G1 X374.387 Y-56.992 F1200
G1 X374.422 Y-57.019 F1200
G1 X374.451 Y-57.036 F1200
G1 X374.473 Y-57.046 F1200
G1 X374.494 Y-57.052 F1200
G1 X374.515 Y-57.057 F1200
G1 X374.538 Y-57.062 F1200
G1 X374.564 Y-57.066 F1200
G1 X374.591 Y-57.070 F1200
G1 X374.619 Y-57.072 F1200
G1 X374.649 Y-57.073 F1200
G1 X375.455 Y-57.073 F1200
G1 X377.058 Y-57.073 F1200
G1 X379.006 Y-57.073 F1200
G1 X380.876 Y-57.073 F1200
G1 X382.549 Y-57.073 F1200
G1 X384.094 Y-57.073 F1200
G1 X385.583 Y-57.073 F1200
G1 X387.032 Y-57.073 F1200
G1 X388.417 Y-57.073 F1200
G1 X389.686 Y-57.073 F1200
G1 X390.766 Y-57.073 F1200
G1 X391.564 Y-57.073 F1200
G1 X391.594 Y-57.072 F1200
G1 X391.641 Y-57.069 F1200
G1 X391.685 Y-57.062 F1200
G1 X391.717 Y-57.055 F1200
G1 X391.739 Y-57.046 F1200
G1 X391.758 Y-57.035 F1200
G1 X391.777 Y-57.024 F1200
G1 X391.797 Y-57.011 F1200
G1 X391.817 Y-56.997 F1200
G1 X391.839 Y-56.980 F1200
G1 X391.861 Y-56.961 F1200
G1 X391.882 Y-56.941 F1200
G1 X391.903 Y-56.919 F1200
G1 X391.934 Y-56.884 F1200
G1 X391.961 Y-56.848 F1200
G1 X391.978 Y-56.820 F1200
G1 X391.988 Y-56.797 F1200
G1 X391.994 Y-56.777 F1200
G1 X391.999 Y-56.755 F1200
G1 X392.004 Y-56.732 F1200
G1 X392.008 Y-56.707 F1200
G1 X392.012 Y-56.681 F1200
G1 X392.014 Y-56.652 F1200
G1 X392.015 Y-56.623 F1200
G1 X392.015 Y-56.554 F1200
G1 X392.015 Y-56.443 F1200
G1 X392.015 Y-56.333 F1200
G1 X392.015 Y-56.249 F1200
G1 X392.015 Y-56.185 F1200
G1 X392.015 Y-56.128 F1200
G1 X392.015 Y-56.070 F1200
G1 X392.015 Y-56.010 F1200
G1 X392.015 Y-55.946 F1200
G1 X392.015 Y-55.879 F1200
G1 X392.015 Y-55.810 F1200
G1 X392.015 Y-55.742 F1200
G1 X392.011 Y-55.681 F1200
G1 X391.997 Y-55.587 F1200
G1 X391.972 Y-55.502 F1200
G1 X391.941 Y-55.444 F1200
G1 X391.907 Y-55.408 F1200
G1 X391.870 Y-55.382 F1200
G1 X391.829 Y-55.359 F1200
G1 X391.785 Y-55.339 F1200
G1 X391.736 Y-55.320 F1200
G1 X391.683 Y-55.305 F1200
G1 X391.625 Y-55.295 F1200
G1 X391.564 Y-55.291 F1200
G1 X391.295 Y-55.291 F1200
G1 X390.829 Y-55.291 F1200
G1 X390.336 Y-55.291 F1200
G1 X389.929 Y-55.291 F1200
G1 X389.610 Y-55.291 F1200
G1 X389.340 Y-55.291 F1200
G1 X389.094 Y-55.291 F1200
G1 X388.867 Y-55.291 F1200
G1 X388.665 Y-55.291 F1200
G1 X388.498 Y-55.291 F1200
G1 X388.384 Y-55.291 F1200
G1 X388.341 Y-55.291 F1200
G1 X388.212 Y-55.288 F1200
G1 X388.012 Y-55.278 F1200
G1 X387.826 Y-55.259 F1200
G1 X387.693 Y-55.235 F1200
G1 X387.600 Y-55.208 F1200
G1 X387.524 Y-55.176 F1200
G1 X387.447 Y-55.141 F1200
G1 X387.367 Y-55.100 F1200
G1 X387.281 Y-55.053 F1200
G1 X387.191 Y-55.000 F1200
G1 X387.098 Y-54.940 F1200
G1 X387.004 Y-54.874 F1200
G1 X386.915 Y-54.804 F1200
G1 X386.782 Y-54.690 F1200
G1 X386.666 Y-54.579 F1200
G1 X386.594 Y-54.493 F1200
G1 X386.555 Y-54.426 F1200
G1 X386.530 Y-54.366 F1200
G1 X386.509 Y-54.303 F1200
G1 X386.490 Y-54.234 F1200
G1 X386.474 Y-54.159 F1200
G1 X386.460 Y-54.078 F1200
G1 X386.451 Y-53.991 F1200
G1 X386.447 Y-53.900 F1200
G1 X386.449 Y-53.798 F1200
G1 X386.454 Y-53.637 F1200
G1 X386.464 Y-53.483 F1200
G1 X386.476 Y-53.368 F1200
G1 X386.491 Y-53.284 F1200
G1 X386.508 Y-53.211 F1200
G1 X386.527 Y-53.136 F1200
G1 X386.548 Y-53.056 F1200
G1 X386.573 Y-52.969 F1200
G1 X386.601 Y-52.876 F1200
G1 X386.633 Y-52.777 F1200
G1 X386.669 Y-52.676 F1200
G1 X386.669 Y-52.676 F1200
G1 X386.669 Y-52.676 F1200
G1 X386.669 Y-52.676 F1200
G1 X386.669 Y-52.676 F1200
G1 X386.669 Y-52.676 F1200
G1 X386.669 Y-52.676 F1200
G1 X386.669 Y-52.676 F1200
G1 X386.669 Y-52.676 F1200
G1 X386.669 Y-52.676 F1200
G1 X386.669 Y-52.675 F1200
G1 X386.669 Y-52.675 F1200
G1 X386.669 Y-52.675 F1200
G1 X386.812 Y-52.272 F1200
G1 X387.295 Y-50.916 F1200
G1 X388.089 Y-48.684 F1200
G1 X389.027 Y-46.045 F1200
G1 X389.982 Y-43.358 F1200
G1 X390.919 Y-40.723 F1200
G1 X391.841 Y-38.128 F1200
G1 X392.750 Y-35.570 F1200
G1 X393.631 Y-33.093 F1200
G1 X394.454 Y-30.777 F1200
G1 X395.177 Y-28.742 F1200
G1 X395.746 Y-27.142 F1200
G1 X395.764 Y-27.098 F1200
G1 X395.798 Y-27.031 F1200
G1 X395.836 Y-26.971 F1200
G1 X395.871 Y-26.932 F1200
G1 X395.902 Y-26.909 F1200
G1 X395.934 Y-26.894 F1200
G1 X395.967 Y-26.880 F1200
G1 X396.003 Y-26.868 F1200
G1 X396.042 Y-26.858 F1200
G1 X396.085 Y-26.849 F1200
G1 X396.130 Y-26.844 F1200
G1 X396.178 Y-26.842 F1200
G1 X396.226 Y-26.845 F1200
G1 X396.300 Y-26.855 F1200
G1 X396.369 Y-26.872 F1200
G1 X396.417 Y-26.892 F1200
G1 X396.449 Y-26.915 F1200
G1 X396.474 Y-26.939 F1200
G1 X396.497 Y-26.966 F1200
G1 X396.520 Y-26.996 F1200
G1 X396.542 Y-27.030 F1200
G1 X396.564 Y-27.068 F1200
G1 X396.584 Y-27.109 F1200
G1 X396.601 Y-27.153 F1200
G1 X397.062 Y-28.571 F1200
G1 X397.918 Y-31.204 F1200
G1 X398.892 Y-34.200 F1200
G1 X399.765 Y-36.883 F1200
G1 X400.495 Y-39.129 F1200
G1 X401.135 Y-41.097 F1200
G1 X401.725 Y-42.913 F1200
G1 X402.272 Y-44.595 F1200
G1 X402.760 Y-46.095 F1200
G1 X403.160 Y-47.328 F1200
G1 X403.436 Y-48.177 F1200
G1 X403.541 Y-48.499 F1200
G1 X403.648 Y-48.841 F1200
G1 X403.807 Y-49.377 F1200
G1 X403.945 Y-49.885 F1200
G1 X404.032 Y-50.258 F1200
G1 X404.079 Y-50.526 F1200
G1 X404.109 Y-50.756 F1200
G1 X404.134 Y-50.990 F1200
G1 X404.157 Y-51.239 F1200
G1 X404.177 Y-51.506 F1200
G1 X404.193 Y-51.791 F1200
G1 X404.205 Y-52.090 F1200
G1 X404.209 Y-52.396 F1200
G1 X404.204 Y-52.589 F1200
G1 X404.187 Y-52.889 F1200
G1 X404.156 Y-53.170 F1200
G1 X404.116 Y-53.371 F1200
G1 X404.069 Y-53.511 F1200
G1 X404.017 Y-53.628 F1200
G1 X403.958 Y-53.745 F1200
G1 X403.890 Y-53.869 F1200
G1 X403.812 Y-54.001 F1200
G1 X403.723 Y-54.140 F1200
G1 X403.624 Y-54.284 F1200
G1 X403.513 Y-54.429 F1200
G1 X403.392 Y-54.567 F1200
G1 X403.190 Y-54.772 F1200
G1 X402.982 Y-54.950 F1200
G1 X402.808 Y-55.062 F1200
G1 X402.663 Y-55.123 F1200
G1 X402.523 Y-55.162 F1200
G1 X402.374 Y-55.194 F1200
G1 X402.209 Y-55.223 F1200
G1 X402.026 Y-55.249 F1200
G1 X401.824 Y-55.271 F1200
G1 X401.604 Y-55.285 F1200
G1 X401.369 Y-55.291 F1200
G1 X401.335 Y-55.291 F1200
G1 X401.218 Y-55.291 F1200
G1 X401.024 Y-55.291 F1200
G1 X400.791 Y-55.291 F1200
G1 X400.548 Y-55.291 F1200
G1 X400.303 Y-55.291 F1200
G1 X400.054 Y-55.291 F1200
G1 X399.800 Y-55.291 F1200
G1 X399.542 Y-55.291 F1200
G1 X399.286 Y-55.291 F1200
G1 X399.039 Y-55.291 F1200
G1 X398.814 Y-55.291 F1200
G1 X398.784 Y-55.292 F1200
G1 X398.737 Y-55.296 F1200
G1 X398.693 Y-55.302 F1200
G1 X398.661 Y-55.310 F1200
G1 X398.638 Y-55.319 F1200
G1 X398.619 Y-55.330 F1200
G1 X398.600 Y-55.341 F1200
G1 X398.581 Y-55.354 F1200
G1 X398.560 Y-55.369 F1200
G1 X398.538 Y-55.385 F1200
G1 X398.516 Y-55.404 F1200
G1 X398.494 Y-55.424 F1200
G1 X398.474 Y-55.446 F1200
G1 X398.443 Y-55.481 F1200
G1 X398.417 Y-55.517 F1200
G1 X398.400 Y-55.545 F1200
G1 X398.390 Y-55.568 F1200
G1 X398.383 Y-55.588 F1200
G1 X398.378 Y-55.610 F1200
G1 X398.373 Y-55.633 F1200
G1 X398.369 Y-55.658 F1200
G1 X398.365 Y-55.684 F1200
G1 X398.363 Y-55.713 F1200
G1 X398.362 Y-55.742 F1200
G1 X398.362 Y-55.811 F1200
G1 X398.362 Y-55.922 F1200
G1 X398.362 Y-56.032 F1200
G1 X398.362 Y-56.116 F1200
G1 X398.362 Y-56.180 F1200
G1 X398.362 Y-56.237 F1200
G1 X398.362 Y-56.295 F1200
G1 X398.362 Y-56.355 F1200
G1 X398.362 Y-56.419 F1200
G1 X398.362 Y-56.486 F1200
G1 X398.362 Y-56.555 F1200
G1 X398.362 Y-56.623 F1200
G1 X398.363 Y-56.652 F1200
G1 X398.367 Y-56.699 F1200
G1 X398.373 Y-56.743 F1200
G1 X398.381 Y-56.775 F1200
G1 X398.390 Y-56.797 F1200
G1 X398.400 Y-56.817 F1200
G1 X398.411 Y-56.836 F1200
G1 X398.424 Y-56.855 F1200
G1 X398.439 Y-56.876 F1200
G1 X398.455 Y-56.898 F1200
G1 X398.474 Y-56.920 F1200
G1 X398.494 Y-56.941 F1200
G1 X398.516 Y-56.961 F1200
G1 X398.552 Y-56.992 F1200
G1 X398.588 Y-57.019 F1200
G1 X398.616 Y-57.036 F1200
G1 X398.639 Y-57.046 F1200
G1 X398.659 Y-57.052 F1200
G1 X398.681 Y-57.057 F1200
G1 X398.704 Y-57.062 F1200
G1 X398.729 Y-57.066 F1200
G1 X398.756 Y-57.070 F1200
G1 X398.784 Y-57.072 F1200
G1 X398.814 Y-57.073 F1200
G1 X400.818 Y-57.073 F1200
G1 X405.338 Y-57.073 F1200
G1 X411.376 Y-57.073 F1200
G1 X417.605 Y-57.073 F1200
G1 X423.414 Y-57.073 F1200
G1 X428.831 Y-57.073 F1200
G1 X434.000 Y-57.073 F1200
G1 X438.934 Y-57.073 F1200
G1 X443.516 Y-57.073 F1200
G1 X447.541 Y-57.073 F1200
G1 X450.723 Y-57.073 F1200
G1 X452.699 Y-57.073 F1200
G1 X452.729 Y-57.072 F1200
G1 X452.776 Y-57.069 F1200
G1 X452.820 Y-57.062 F1200
G1 X452.853 Y-57.055 F1200
G1 X452.875 Y-57.046 F1200
G1 X452.895 Y-57.035 F1200
G1 X452.914 Y-57.024 F1200
G1 X452.933 Y-57.011 F1200
G1 X452.954 Y-56.997 F1200
G1 X452.976 Y-56.980 F1200
G1 X452.998 Y-56.961 F1200
G1 X453.019 Y-56.941 F1200
G1 X453.039 Y-56.919 F1200
G1 X453.070 Y-56.884 F1200
G1 X453.096 Y-56.848 F1200
G1 X453.113 Y-56.820 F1200
G1 X453.123 Y-56.797 F1200
G1 X453.130 Y-56.777 F1200
G1 X453.135 Y-56.755 F1200
G1 X453.140 Y-56.732 F1200
G1 X453.144 Y-56.707 F1200
G1 X453.148 Y-56.681 F1200
G1 X453.150 Y-56.652 F1200
G1 X453.151 Y-56.623 F1200
G1 X453.151 Y-56.554 F1200
G1 X453.151 Y-56.443 F1200
G1 X453.151 Y-56.333 F1200
G1 X453.151 Y-56.249 F1200
G1 X453.151 Y-56.185 F1200
G1 X453.151 Y-56.128 F1200
G1 X453.151 Y-56.070 F1200
G1 X453.151 Y-56.010 F1200
G1 X453.151 Y-55.946 F1200
G1 X453.151 Y-55.879 F1200
G1 X453.151 Y-55.810 F1200
G1 X453.151 Y-55.742 F1200
G1 X453.150 Y-55.713 F1200
G1 X453.146 Y-55.666 F1200
G1 X453.140 Y-55.622 F1200
G1 X453.132 Y-55.590 F1200
G1 X453.123 Y-55.568 F1200
G1 X453.113 Y-55.548 F1200
G1 X453.102 Y-55.529 F1200
G1 X453.089 Y-55.510 F1200
G1 X453.074 Y-55.489 F1200
G1 X453.058 Y-55.467 F1200
G1 X453.039 Y-55.445 F1200
G1 X453.019 Y-55.424 F1200
G1 X452.997 Y-55.404 F1200
G1 X452.962 Y-55.373 F1200
G1 X452.926 Y-55.346 F1200
G1 X452.898 Y-55.329 F1200
G1 X452.875 Y-55.319 F1200
G1 X452.855 Y-55.313 F1200
G1 X452.833 Y-55.307 F1200
G1 X452.810 Y-55.302 F1200
G1 X452.785 Y-55.298 F1200
G1 X452.757 Y-55.294 F1200
G1 X452.729 Y-55.292 F1200
G1 X452.699 Y-55.291 F1200
G1 X452.409 Y-55.291 F1200
G1 X451.904 Y-55.291 F1200
G1 X451.366 Y-55.291 F1200
G1 X450.917 Y-55.291 F1200
G1 X450.562 Y-55.291 F1200
G1 X450.261 Y-55.291 F1200
G1 X449.986 Y-55.291 F1200
G1 X449.732 Y-55.291 F1200
G1 X449.505 Y-55.291 F1200
G1 X449.319 Y-55.291 F1200
G1 X449.191 Y-55.291 F1200
G1 X449.143 Y-55.291 F1200
G1 X448.902 Y-55.281 F1200
G1 X448.544 Y-55.243 F1200
G1 X448.232 Y-55.177 F1200
G1 X448.037 Y-55.090 F1200
G1 X447.931 Y-54.990 F1200
G1 X447.863 Y-54.878 F1200
G1 X447.807 Y-54.750 F1200
G1 X447.756 Y-54.603 F1200
G1 X447.711 Y-54.435 F1200
G1 X447.674 Y-54.243 F1200
G1 X447.649 Y-54.027 F1200
G1 X447.639 Y-53.788 F1200
G1 X447.639 Y-20.715 F1200
G1 X447.649 Y-20.475 F1200
G1 X447.687 Y-20.116 F1200
G1 X447.753 Y-19.804 F1200
G1 X447.840 Y-19.610 F1200
G1 X447.940 Y-19.504 F1200
G1 X448.052 Y-19.436 F1200
G1 X448.180 Y-19.380 F1200
G1 X448.327 Y-19.329 F1200
G1 X448.495 Y-19.284 F1200
G1 X448.687 Y-19.247 F1200
G1 X448.903 Y-19.222 F1200
G1 X449.143 Y-19.212 F1200
G1 X449.193 Y-19.212 F1200
G1 X449.363 Y-19.212 F1200
G1 X449.644 Y-19.212 F1200
G1 X449.981 Y-19.212 F1200
G1 X450.329 Y-19.212 F1200
G1 X450.677 Y-19.212 F1200
G1 X451.027 Y-19.212 F1200
G1 X451.382 Y-19.212 F1200
G1 X451.737 Y-19.212 F1200
G1 X452.084 Y-19.212 F1200
G1 X452.411 Y-19.212 F1200
G1 X452.699 Y-19.212 F1200
G1 X452.729 Y-19.211 F1200
G1 X452.776 Y-19.207 F1200
G1 X452.820 Y-19.201 F1200
G1 X452.853 Y-19.193 F1200
G1 X452.875 Y-19.184 F1200
G1 X452.895 Y-19.173 F1200
G1 X452.914 Y-19.162 F1200
G1 X452.933 Y-19.149 F1200
G1 X452.954 Y-19.134 F1200
G1 X452.976 Y-19.118 F1200
G1 X452.998 Y-19.099 F1200
G1 X453.019 Y-19.079 F1200
G1 X453.039 Y-19.057 F1200
G1 X453.070 Y-19.022 F1200
G1 X453.096 Y-18.986 F1200
G1 X453.113 Y-18.958 F1200
G1 X453.123 Y-18.935 F1200
G1 X453.130 Y-18.915 F1200
G1 X453.135 Y-18.893 F1200
G1 X453.140 Y-18.870 F1200
G1 X453.144 Y-18.845 F1200
G1 X453.148 Y-18.818 F1200
G1 X453.150 Y-18.790 F1200
G1 X453.151 Y-18.760 F1200
G1 X453.151 Y-18.691 F1200
G1 X453.151 Y-18.580 F1200
G1 X453.151 Y-18.471 F1200
G1 X453.151 Y-18.386 F1200
G1 X453.151 Y-18.322 F1200
G1 X453.151 Y-18.265 F1200
G1 X453.151 Y-18.208 F1200
G1 X453.151 Y-18.147 F1200
G1 X453.151 Y-18.084 F1200
G1 X453.151 Y-18.017 F1200
G1 X453.151 Y-17.948 F1200
G1 X453.151 Y-17.880 F1200
G1 X453.150 Y-17.850 F1200
G1 X453.146 Y-17.804 F1200
G1 X453.140 Y-17.760 F1200
G1 X453.132 Y-17.728 F1200
G1 X453.123 Y-17.705 F1200
G1 X453.113 Y-17.686 F1200
G1 X453.102 Y-17.667 F1200
G1 X453.089 Y-17.647 F1200
G1 X453.074 Y-17.626 F1200
G1 X453.058 Y-17.605 F1200
G1 X453.039 Y-17.583 F1200
G1 X453.019 Y-17.561 F1200
G1 X452.997 Y-17.541 F1200
G1 X452.962 Y-17.510 F1200
G1 X452.926 Y-17.484 F1200
G1 X452.898 Y-17.467 F1200
G1 X452.875 Y-17.457 F1200
G1 X452.855 Y-17.451 F1200
G1 X452.833 Y-17.446 F1200
G1 X452.810 Y-17.441 F1200
G1 X452.785 Y-17.437 F1200
G1 X452.757 Y-17.433 F1200
G1 X452.729 Y-17.431 F1200
G1 X452.699 Y-17.430 F1200
G1 X451.042 Y-17.430 F1200
G1 X447.402 Y-17.430 F1200
G1 X442.626 Y-17.430 F1200
G1 X437.761 Y-17.430 F1200
G1 X433.256 Y-17.430 F1200
G1 X429.061 Y-17.430 F1200
G1 X425.052 Y-17.430 F1200
G1 X421.213 Y-17.430 F1200
G1 X417.630 Y-17.430 F1200
G1 X414.459 Y-17.430 F1200
G1 X411.918 Y-17.430 F1200
G1 X410.283 Y-17.430 F1200
G1 X410.253 Y-17.431 F1200
G1 X410.206 Y-17.434 F1200
G1 X410.162 Y-17.441 F1200
G1 X410.130 Y-17.448 F1200
G1 X410.108 Y-17.457 F1200
G1 X410.089 Y-17.467 F1200
G1 X410.070 Y-17.479 F1200
G1 X410.050 Y-17.492 F1200
G1 X410.030 Y-17.506 F1200
G1 X410.008 Y-17.522 F1200
G1 X409.986 Y-17.541 F1200
G1 X409.965 Y-17.561 F1200
G1 X409.945 Y-17.583 F1200
G1 X409.914 Y-17.619 F1200
G1 X409.887 Y-17.654 F1200
G1 X409.870 Y-17.683 F1200
G1 X409.860 Y-17.705 F1200
G1 X409.854 Y-17.726 F1200
G1 X409.849 Y-17.747 F1200
G1 X409.844 Y-17.770 F1200
G1 X409.840 Y-17.795 F1200
G1 X409.836 Y-17.822 F1200
G1 X409.834 Y-17.850 F1200
G1 X409.833 Y-17.880 F1200
G1 X409.833 Y-17.949 F1200
G1 X409.833 Y-18.060 F1200
G1 X409.833 Y-18.169 F1200
G1 X409.833 Y-18.254 F1200
G1 X409.833 Y-18.318 F1200
G1 X409.833 Y-18.375 F1200
G1 X409.833 Y-18.432 F1200
G1 X409.833 Y-18.493 F1200
G1 X409.833 Y-18.556 F1200
G1 X409.833 Y-18.623 F1200
G1 X409.833 Y-18.692 F1200
G1 X409.833 Y-18.760 F1200
G1 X409.834 Y-18.790 F1200
G1 X409.837 Y-18.837 F1200
G1 X409.844 Y-18.881 F1200
G1 X409.851 Y-18.913 F1200
G1 X409.860 Y-18.936 F1200
G1 X409.871 Y-18.955 F1200
G1 X409.882 Y-18.973 F1200
G1 X409.895 Y-18.993 F1200
G1 X409.909 Y-19.014 F1200
G1 X409.926 Y-19.035 F1200
G1 X409.945 Y-19.057 F1200
G1 X409.965 Y-19.079 F1200
G1 X409.987 Y-19.099 F1200
G1 X410.022 Y-19.130 F1200
G1 X410.057 Y-19.157 F1200
G1 X410.085 Y-19.174 F1200
G1 X410.108 Y-19.184 F1200
G1 X410.128 Y-19.190 F1200
G1 X410.150 Y-19.196 F1200
G1 X410.173 Y-19.201 F1200
G1 X410.198 Y-19.205 F1200
G1 X410.225 Y-19.209 F1200
G1 X410.253 Y-19.211 F1200
G1 X410.283 Y-19.212 F1200
G1 X410.573 Y-19.212 F1200
G1 X411.078 Y-19.212 F1200
G1 X411.617 Y-19.212 F1200
G1 X412.066 Y-19.212 F1200
G1 X412.421 Y-19.212 F1200
G1 X412.722 Y-19.212 F1200
G1 X412.997 Y-19.212 F1200
G1 X413.252 Y-19.212 F1200
G1 X413.479 Y-19.212 F1200
G1 X413.665 Y-19.212 F1200
G1 X413.793 Y-19.212 F1200
G1 X413.841 Y-19.212 F1200
G1 X414.081 Y-19.222 F1200
G1 X414.439 Y-19.260 F1200
G1 X414.751 Y-19.326 F1200
G1 X414.946 Y-19.413 F1200
G1 X415.052 Y-19.512 F1200
G1 X415.120 Y-19.625 F1200
G1 X415.176 Y-19.753 F1200
G1 X415.227 Y-19.900 F1200
G1 X415.273 Y-20.068 F1200
G1 X415.310 Y-20.259 F1200
G1 X415.335 Y-20.475 F1200
G1 X415.345 Y-20.715 F1200
G1 X415.345 Y-53.788 F1200
G1 X415.335 Y-54.028 F1200
G1 X415.297 Y-54.386 F1200
G1 X415.231 Y-54.698 F1200
G1 X415.144 Y-54.893 F1200
G1 X415.044 Y-54.999 F1200
G1 X414.931 Y-55.067 F1200
G1 X414.803 Y-55.123 F1200
G1 X414.656 Y-55.173 F1200
G1 X414.488 Y-55.219 F1200
G1 X414.296 Y-55.256 F1200
G1 X414.080 Y-55.281 F1200
G1 X413.841 Y-55.291 F1200
G1 X413.841 Y-55.291 F1200
G0 Z5.000
G0 X427.428 Y-55.291
G1 Z-3.000 F400.0
G1 X421.971 Y-55.291 F1200
G1 X421.731 Y-55.281 F1200
G1 X421.373 Y-55.243 F1200
G1 X421.061 Y-55.177 F1200
G1 X420.866 Y-55.090 F1200
G1 X420.760 Y-54.990 F1200
G1 X420.692 Y-54.878 F1200
G1 X420.636 Y-54.750 F1200
G1 X420.585 Y-54.603 F1200
G1 X420.539 Y-54.435 F1200
G1 X420.502 Y-54.243 F1200
G1 X420.477 Y-54.027 F1200
G1 X420.467 Y-53.788 F1200
G1 X420.467 Y-20.715 F1200
G1 X420.477 Y-20.475 F1200
G1 X420.515 Y-20.116 F1200
G1 X420.581 Y-19.804 F1200
G1 X420.668 Y-19.610 F1200
G1 X420.768 Y-19.504 F1200
G1 X420.881 Y-19.436 F1200
G1 X421.009 Y-19.380 F1200
G1 X421.156 Y-19.329 F1200
G1 X421.324 Y-19.284 F1200
G1 X421.516 Y-19.247 F1200
G1 X421.732 Y-19.222 F1200
G1 X421.971 Y-19.212 F1200
G1 X427.428 Y-19.212 F1200
G1 X427.668 Y-19.222 F1200
G1 X428.026 Y-19.260 F1200
G1 X428.337 Y-19.326 F1200
G1 X428.532 Y-19.413 F1200
G1 X428.638 Y-19.512 F1200
G1 X428.706 Y-19.625 F1200
G1 X428.762 Y-19.753 F1200
G1 X428.813 Y-19.900 F1200
G1 X428.859 Y-20.068 F1200
G1 X428.896 Y-20.259 F1200
G1 X428.921 Y-20.475 F1200
G1 X428.931 Y-20.715 F1200
G1 X428.931 Y-53.788 F1200
G1 X428.921 Y-54.028 F1200
G1 X428.883 Y-54.386 F1200
G1 X428.817 Y-54.698 F1200
G1 X428.730 Y-54.893 F1200
G1 X428.630 Y-54.999 F1200
G1 X428.517 Y-55.067 F1200
G1 X428.389 Y-55.123 F1200
G1 X428.242 Y-55.173 F1200
G1 X428.074 Y-55.219 F1200
G1 X427.883 Y-55.256 F1200
G1 X427.667 Y-55.281 F1200
G1 X427.428 Y-55.291 F1200
G1 X427.428 Y-55.291 F1200
G0 Z5.000
G0 X441.014 Y-55.291
G1 Z-3.000 F400.0
G1 X435.557 Y-55.291 F1200
G1 X435.316 Y-55.281 F1200
G1 X434.958 Y-55.243 F1200
G1 X434.646 Y-55.177 F1200
G1 X434.451 Y-55.090 F1200
G1 X434.345 Y-54.990 F1200
G1 X434.277 Y-54.878 F1200
G1 X434.221 Y-54.750 F1200
G1 X434.170 Y-54.603 F1200
G1 X434.125 Y-54.435 F1200
G1 X434.088 Y-54.243 F1200
G1 X434.063 Y-54.027 F1200
G1 X434.053 Y-53.788 F1200
G1 X434.053 Y-20.715 F1200
G1 X434.063 Y-20.475 F1200
G1 X434.101 Y-20.116 F1200
G1 X434.167 Y-19.804 F1200
G1 X434.254 Y-19.610 F1200
G1 X434.354 Y-19.504 F1200
G1 X434.466 Y-19.436 F1200
G1 X434.594 Y-19.380 F1200
G1 X434.741 Y-19.329 F1200
G1 X434.909 Y-19.284 F1200
G1 X435.101 Y-19.247 F1200
G1 X435.317 Y-19.222 F1200
G1 X435.557 Y-19.212 F1200
G1 X441.014 Y-19.212 F1200
G1 X441.254 Y-19.222 F1200
G1 X441.612 Y-19.260 F1200
G1 X441.923 Y-19.326 F1200
G1 X442.118 Y-19.413 F1200
G1 X442.224 Y-19.512 F1200
G1 X442.292 Y-19.625 F1200
G1 X442.348 Y-19.753 F1200
G1 X442.399 Y-19.900 F1200
G1 X442.445 Y-20.068 F1200
G1 X442.482 Y-20.259 F1200
G1 X442.507 Y-20.475 F1200
G1 X442.517 Y-20.715 F1200
G1 X442.517 Y-53.788 F1200
G1 X442.507 Y-54.028 F1200
G1 X442.469 Y-54.386 F1200
G1 X442.403 Y-54.698 F1200
G1 X442.316 Y-54.893 F1200
G1 X442.216 Y-54.999 F1200
G1 X442.103 Y-55.067 F1200
G1 X441.975 Y-55.123 F1200
G1 X441.828 Y-55.173 F1200
G1 X441.660 Y-55.219 F1200
G1 X441.469 Y-55.256 F1200
G1 X441.253 Y-55.281 F1200
G1 X441.014 Y-55.291 F1200
G0 Z5.000

M5
G0 X0 Y0
M30
