(Exported by FreeCAD)
(Post Processor: grbl_post)
(Output Time:2025-09-01 21:48:33.262851)
(Begin preamble)
G17 G90
G21
(Begin operation: Fixture)
(Path: Fixture)
G54
(Finish operation: Fixture)
(Begin operation: 5mm Drill001)
(Path: 5mm Drill001)
(5mm Drill001)
(Begin toolchange)
( M6 T2 )
(Finish operation: 5mm Drill001)
(Begin operation: Profile)
(Path: Profile)
(Profile)
(Uncompensated Tool Path)
G0 Z7.000
G0 X0.000 Y0.000
G0 X-487.785 Y160.721
G0 X-487.785 Y160.721 Z0.000
G1 X-487.785 Y160.721 Z-3.000 F400.000
G3 X-487.838 Y161.748 Z-3.000 I-1.350 J0.445 K0.000 F400.000
G1 X-496.611 Y183.786 Z-3.000 F400.000
G3 X-510.137 Y192.147 Z-3.000 I-12.370 J-4.890 K0.000 F400.000
G1 X-535.169 Y190.022 Z-3.000 F400.000
G3 X-536.497 Y187.821 Z-3.000 I0.071 J-1.544 K0.000 F400.000
G1 X-526.642 Y164.520 Z-3.000 F400.000
G3 X-512.530 Y156.502 Z-3.000 I12.262 J5.153 K0.000 F400.000
G1 X-489.001 Y159.751 Z-3.000 F400.000
G3 X-487.785 Y160.721 Z-3.000 I-0.134 J1.415 K0.000 F400.000
G1 X-487.785 Y160.721 Z-6.000 F400.000
G3 X-487.838 Y161.748 Z-6.000 I-1.350 J0.445 K0.000 F400.000
G1 X-496.611 Y183.786 Z-6.000 F400.000
G3 X-510.137 Y192.147 Z-6.000 I-12.370 J-4.890 K0.000 F400.000
G1 X-535.169 Y190.022 Z-6.000 F400.000
G3 X-536.497 Y187.821 Z-6.000 I0.071 J-1.544 K0.000 F400.000
G1 X-526.642 Y164.520 Z-6.000 F400.000
G3 X-512.530 Y156.502 Z-6.000 I12.262 J5.153 K0.000 F400.000
G1 X-489.001 Y159.751 Z-6.000 F400.000
G3 X-487.785 Y160.721 Z-6.000 I-0.134 J1.415 K0.000 F400.000
G0 Z7.000
G0 Z7.000
G0 X-487.785 Y160.721
G0 X-555.833 Y175.298
G0 X-555.833 Y175.298 Z0.000
G1 X-555.833 Y175.298 Z-3.000 F400.000
G1 X-560.111 Y186.044 Z-3.000 F400.000
G3 X-565.945 Y189.650 Z-3.000 I-5.311 J-2.070 K0.000 F400.000
G1 X-578.228 Y188.608 Z-3.000 F400.000
G1 X-573.392 Y177.173 Z-3.000 F400.000
G3 X-567.304 Y173.714 Z-3.000 I5.266 J2.181 K0.000 F400.000
G1 X-555.833 Y175.298 Z-3.000 F400.000
G1 X-555.833 Y175.298 Z-6.000 F400.000
G1 X-560.111 Y186.044 Z-6.000 F400.000
G3 X-565.945 Y189.650 Z-6.000 I-5.311 J-2.070 K0.000 F400.000
G1 X-578.228 Y188.608 Z-6.000 F400.000
G1 X-573.392 Y177.173 Z-6.000 F400.000
G3 X-567.304 Y173.714 Z-6.000 I5.266 J2.181 K0.000 F400.000
G1 X-555.833 Y175.298 Z-6.000 F400.000
G0 Z7.000
G0 Z7.000
G0 X-555.833 Y175.298
G0 X-583.976 Y214.906
G0 X-583.976 Y214.906 Z0.000
G1 X-583.976 Y214.906 Z-3.000 F400.000
G1 X-587.266 Y217.929 Z-3.000 F400.000
G3 X-589.571 Y218.172 Z-3.000 I-1.306 J-1.343 K0.000 F400.000
G1 X-593.658 Y215.758 Z-3.000 F400.000
G1 X-590.058 Y212.588 Z-3.000 F400.000
G3 X-588.199 Y212.184 Z-3.000 I1.270 J1.364 K0.000 F400.000
G3 X-587.710 Y212.428 Z-3.000 I-0.684 J1.981 K0.000 F400.000
G1 X-583.976 Y214.906 Z-3.000 F400.000
G1 X-583.976 Y214.906 Z-6.000 F400.000
G1 X-587.266 Y217.929 Z-6.000 F400.000
G3 X-589.571 Y218.172 Z-6.000 I-1.306 J-1.343 K0.000 F400.000
G1 X-593.658 Y215.758 Z-6.000 F400.000
G1 X-590.058 Y212.588 Z-6.000 F400.000
G3 X-588.199 Y212.184 Z-6.000 I1.270 J1.364 K0.000 F400.000
G3 X-587.710 Y212.428 Z-6.000 I-0.684 J1.981 K0.000 F400.000
G1 X-583.976 Y214.906 Z-6.000 F400.000
G0 Z7.000
G0 Z7.000
G0 X-583.976 Y214.906
G0 X-602.646 Y207.551
G0 X-602.646 Y207.551 Z0.000
G1 X-602.646 Y207.551 Z-3.000 F400.000
G3 X-603.162 Y208.569 Z-3.000 I-5.803 J-2.297 K0.000 F400.000
G1 X-603.248 Y208.562 Z-3.000 F400.000
G1 X-604.348 Y208.370 Z-3.000 F400.000
G1 X-603.812 Y207.390 Z-3.000 F400.000
G3 X-603.679 Y207.329 Z-3.000 I0.082 J0.004 K0.000 F400.000
G1 X-602.646 Y207.551 Z-3.000 F400.000
G1 X-602.646 Y207.551 Z-6.000 F400.000
G3 X-603.162 Y208.569 Z-6.000 I-5.803 J-2.297 K0.000 F400.000
G1 X-603.248 Y208.562 Z-6.000 F400.000
G1 X-604.348 Y208.370 Z-6.000 F400.000
G1 X-603.812 Y207.390 Z-6.000 F400.000
G3 X-603.679 Y207.329 Z-6.000 I0.082 J0.004 K0.000 F400.000
G1 X-602.646 Y207.551 Z-6.000 F400.000
G0 Z7.000
G0 Z7.000
G0 X-602.646 Y207.551
G0 X-601.165 Y188.290
G0 X-601.165 Y188.290 Z0.000
G1 X-601.165 Y188.290 Z-3.000 F400.000
G3 X-601.233 Y188.283 Z-3.000 I0.144 J-1.868 K0.000 F400.000
G1 X-605.963 Y187.882 Z-3.000 F400.000
G1 X-604.094 Y183.463 Z-3.000 F400.000
G3 X-602.048 Y182.301 Z-3.000 I1.740 J0.681 K0.000 F400.000
G1 X-597.609 Y182.914 Z-3.000 F400.000
G1 X-599.262 Y187.065 Z-3.000 F400.000
G3 X-601.165 Y188.290 Z-3.000 I-1.760 J-0.643 K0.000 F400.000
G1 X-601.165 Y188.290 Z-6.000 F400.000
G3 X-601.233 Y188.283 Z-6.000 I0.144 J-1.868 K0.000 F400.000
G1 X-605.963 Y187.882 Z-6.000 F400.000
G1 X-604.094 Y183.463 Z-6.000 F400.000
G3 X-602.048 Y182.301 Z-6.000 I1.740 J0.681 K0.000 F400.000
G1 X-597.609 Y182.914 Z-6.000 F400.000
G1 X-599.262 Y187.065 Z-6.000 F400.000
G3 X-601.165 Y188.290 Z-6.000 I-1.760 J-0.643 K0.000 F400.000
G0 Z7.000
G0 Z7.000
G0 X-601.165 Y188.290
G0 X-617.644 Y185.528
G0 X-617.644 Y185.528 Z0.000
G1 X-617.644 Y185.528 Z-3.000 F400.000
G1 X-617.725 Y185.559 Z-3.000 F400.000
G1 X-618.799 Y185.864 Z-3.000 F400.000
G1 X-618.742 Y184.749 Z-3.000 F400.000
G3 X-618.648 Y184.635 Z-3.000 I0.076 J-0.033 K0.000 F400.000
G1 X-617.622 Y184.387 Z-3.000 F400.000
G3 X-617.644 Y185.528 Z-3.000 I-6.225 J0.448 K0.000 F400.000
G1 X-617.644 Y185.528 Z-6.000 F400.000
G1 X-617.725 Y185.559 Z-6.000 F400.000
G1 X-618.799 Y185.864 Z-6.000 F400.000
G1 X-618.742 Y184.749 Z-6.000 F400.000
G3 X-618.648 Y184.635 Z-6.000 I0.076 J-0.033 K0.000 F400.000
G1 X-617.622 Y184.387 Z-6.000 F400.000
G3 X-617.644 Y185.528 Z-6.000 I-6.225 J0.448 K0.000 F400.000
G0 Z7.000
G0 Z7.000
G0 X-617.644 Y185.528
G0 X-624.901 Y166.488
G0 X-624.901 Y166.488 Z0.000
G1 X-624.901 Y166.488 Z-3.000 F400.000
G1 X-629.144 Y168.105 Z-3.000 F400.000
G1 X-629.377 Y163.313 Z-3.000 F400.000
G3 X-628.038 Y161.378 Z-3.000 I1.863 J-0.142 K0.000 F400.000
G1 X-623.773 Y160.004 Z-3.000 F400.000
G1 X-623.461 Y164.461 Z-3.000 F400.000
G3 X-624.708 Y166.414 Z-3.000 I-1.865 J0.184 K0.000 F400.000
G1 X-624.901 Y166.488 Z-3.000 F400.000
G1 X-624.901 Y166.488 Z-6.000 F400.000
G1 X-629.144 Y168.105 Z-6.000 F400.000
G1 X-629.377 Y163.313 Z-6.000 F400.000
G3 X-628.038 Y161.378 Z-6.000 I1.863 J-0.142 K0.000 F400.000
G1 X-623.773 Y160.004 Z-6.000 F400.000
G1 X-623.461 Y164.461 Z-6.000 F400.000
G3 X-624.708 Y166.414 Z-6.000 I-1.865 J0.184 K0.000 F400.000
G1 X-624.901 Y166.488 Z-6.000 F400.000
G0 Z7.000
G0 Z7.000
G0 X-624.901 Y166.488
G0 X-640.690 Y171.053
G0 X-640.690 Y171.053 Z0.000
G1 X-640.690 Y171.053 Z-3.000 F400.000
G1 X-640.748 Y171.116 Z-3.000 F400.000
G1 X-641.584 Y171.856 Z-3.000 F400.000
G1 X-642.016 Y170.827 Z-3.000 F400.000
G3 X-641.981 Y170.684 Z-3.000 I0.054 J-0.062 K0.000 F400.000
G1 X-641.164 Y170.015 Z-3.000 F400.000
G3 X-640.690 Y171.053 Z-3.000 I-5.414 J3.104 K0.000 F400.000
G1 X-640.690 Y171.053 Z-6.000 F400.000
G1 X-640.748 Y171.116 Z-6.000 F400.000
G1 X-641.584 Y171.856 Z-6.000 F400.000
G1 X-642.016 Y170.827 Z-6.000 F400.000
G3 X-641.981 Y170.684 Z-6.000 I0.054 J-0.062 K0.000 F400.000
G1 X-641.164 Y170.015 Z-6.000 F400.000
G3 X-640.690 Y171.053 Z-6.000 I-5.414 J3.104 K0.000 F400.000
G0 Z7.000
G0 Z7.000
G0 X-640.690 Y171.053
G0 X-655.489 Y157.047
G0 X-655.489 Y157.047 Z0.000
G1 X-655.489 Y157.047 Z-3.000 F400.000
G1 X-658.610 Y160.345 Z-3.000 F400.000
G1 X-660.899 Y156.129 Z-3.000 F400.000
G3 X-660.533 Y153.804 Z-3.000 I1.617 J-0.936 K0.000 F400.000
G1 X-657.286 Y150.716 Z-3.000 F400.000
G1 X-655.070 Y154.596 Z-3.000 F400.000
G3 X-655.347 Y156.897 Z-3.000 I-1.600 J0.975 K0.000 F400.000
G1 X-655.489 Y157.047 Z-3.000 F400.000
G1 X-655.489 Y157.047 Z-6.000 F400.000
G1 X-658.610 Y160.345 Z-6.000 F400.000
G1 X-660.899 Y156.129 Z-6.000 F400.000
G3 X-660.533 Y153.804 Z-6.000 I1.617 J-0.936 K0.000 F400.000
G1 X-657.286 Y150.716 Z-6.000 F400.000
G1 X-655.070 Y154.596 Z-6.000 F400.000
G3 X-655.347 Y156.897 Z-6.000 I-1.600 J0.975 K0.000 F400.000
G1 X-655.489 Y157.047 Z-6.000 F400.000
G0 Z7.000
G0 Z7.000
G0 X-655.489 Y157.047
G0 X-667.733 Y168.011
G0 X-667.733 Y168.011 Z0.000
G1 X-667.733 Y168.011 Z-3.000 F400.000
G1 X-667.759 Y168.093 Z-3.000 F400.000
G1 X-668.191 Y169.122 Z-3.000 F400.000
G1 X-669.027 Y168.382 Z-3.000 F400.000
G3 X-669.057 Y168.238 Z-3.000 I0.022 J-0.080 K0.000 F400.000
G1 X-668.611 Y167.281 Z-3.000 F400.000
G3 X-667.733 Y168.011 Z-3.000 I-3.531 J5.146 K0.000 F400.000
G1 X-667.733 Y168.011 Z-6.000 F400.000
G1 X-667.759 Y168.093 Z-6.000 F400.000
G1 X-668.191 Y169.122 Z-6.000 F400.000
G1 X-669.027 Y168.382 Z-6.000 F400.000
G3 X-669.057 Y168.238 Z-6.000 I0.022 J-0.080 K0.000 F400.000
G1 X-668.611 Y167.281 Z-6.000 F400.000
G3 X-667.733 Y168.011 Z-6.000 I-3.531 J5.146 K0.000 F400.000
G0 Z7.000
G0 Z7.000
G0 X-667.733 Y168.011
G0 X-687.144 Y161.813
G0 X-687.144 Y161.813 Z0.000
G1 X-687.144 Y161.813 Z-3.000 F400.000
G1 X-688.525 Y166.138 Z-3.000 F400.000
G1 X-692.417 Y163.333 Z-3.000 F400.000
G3 X-693.095 Y161.079 Z-3.000 I1.051 J-1.545 K0.000 F400.000
G1 X-691.510 Y156.888 Z-3.000 F400.000
G1 X-687.830 Y159.423 Z-3.000 F400.000
G3 X-687.081 Y161.616 Z-3.000 I-1.019 J1.572 K0.000 F400.000
G1 X-687.144 Y161.813 Z-3.000 F400.000
G1 X-687.144 Y161.813 Z-6.000 F400.000
G1 X-688.525 Y166.138 Z-6.000 F400.000
G1 X-692.417 Y163.333 Z-6.000 F400.000
G3 X-693.095 Y161.079 Z-6.000 I1.051 J-1.545 K0.000 F400.000
G1 X-691.510 Y156.888 Z-6.000 F400.000
G1 X-687.830 Y159.423 Z-6.000 F400.000
G3 X-687.081 Y161.616 Z-6.000 I-1.019 J1.572 K0.000 F400.000
G1 X-687.144 Y161.813 Z-6.000 F400.000
G0 Z7.000
G0 Z7.000
G0 X-687.144 Y161.813
G0 X-693.419 Y177.003
G0 X-693.419 Y177.003 Z0.000
G1 X-693.419 Y177.003 Z-3.000 F400.000
G1 X-693.406 Y177.088 Z-3.000 F400.000
G1 X-693.349 Y178.203 Z-3.000 F400.000
G1 X-694.423 Y177.899 Z-3.000 F400.000
G3 X-694.513 Y177.782 Z-3.000 I-0.015 J-0.081 K0.000 F400.000
G1 X-694.526 Y176.727 Z-3.000 F400.000
G3 X-693.419 Y177.003 Z-3.000 I-0.949 J6.168 K0.000 F400.000
G1 X-693.419 Y177.003 Z-6.000 F400.000
G1 X-693.406 Y177.088 Z-6.000 F400.000
G1 X-693.349 Y178.203 Z-6.000 F400.000
G1 X-694.423 Y177.899 Z-6.000 F400.000
G3 X-694.513 Y177.782 Z-6.000 I-0.015 J-0.081 K0.000 F400.000
G1 X-694.526 Y176.727 Z-6.000 F400.000
G3 X-693.419 Y177.003 Z-6.000 I-0.949 J6.168 K0.000 F400.000
G0 Z7.000
G0 Z7.000
G0 X-693.419 Y177.003
G0 X-713.596 Y179.841
G0 X-713.596 Y179.841 Z0.000
G1 X-713.596 Y179.841 Z-3.000 F400.000
G1 X-712.964 Y184.337 Z-3.000 F400.000
G1 X-717.688 Y183.498 Z-3.000 F400.000
G3 X-719.276 Y181.762 Z-3.000 I0.277 J-1.848 K0.000 F400.000
G1 X-719.666 Y177.298 Z-3.000 F400.000
G1 X-715.252 Y177.985 Z-3.000 F400.000
G3 X-713.625 Y179.636 Z-3.000 I-0.236 J1.859 K0.000 F400.000
G1 X-713.596 Y179.841 Z-3.000 F400.000
G1 X-713.596 Y179.841 Z-6.000 F400.000
G1 X-712.964 Y184.337 Z-6.000 F400.000
G1 X-717.688 Y183.498 Z-6.000 F400.000
G3 X-719.276 Y181.762 Z-6.000 I0.277 J-1.848 K0.000 F400.000
G1 X-719.666 Y177.298 Z-6.000 F400.000
G1 X-715.252 Y177.985 Z-6.000 F400.000
G3 X-713.625 Y179.636 Z-6.000 I-0.236 J1.859 K0.000 F400.000
G1 X-713.596 Y179.841 Z-6.000 F400.000
G0 Z7.000
G0 Z7.000
G0 X-713.596 Y179.841
G0 X-712.659 Y196.249
G0 X-712.659 Y196.249 Z0.000
G1 X-712.659 Y196.249 Z-3.000 F400.000
G1 X-712.611 Y196.321 Z-3.000 F400.000
G1 X-712.075 Y197.300 Z-3.000 F400.000
G1 X-713.175 Y197.492 Z-3.000 F400.000
G3 X-713.306 Y197.426 Z-3.000 I-0.049 J-0.067 K0.000 F400.000
G1 X-713.776 Y196.481 Z-3.000 F400.000
G3 X-712.659 Y196.249 Z-3.000 I1.822 J5.969 K0.000 F400.000
G1 X-712.659 Y196.249 Z-6.000 F400.000
G1 X-712.611 Y196.321 Z-6.000 F400.000
G1 X-712.075 Y197.300 Z-6.000 F400.000
G1 X-713.175 Y197.492 Z-6.000 F400.000
G3 X-713.306 Y197.426 Z-6.000 I-0.049 J-0.067 K0.000 F400.000
G1 X-713.776 Y196.481 Z-6.000 F400.000
G3 X-712.659 Y196.249 Z-6.000 I1.822 J5.969 K0.000 F400.000
G0 Z7.000
G0 Z7.000
G0 X-712.659 Y196.249
G0 X-729.607 Y207.561
G0 X-729.607 Y207.561 Z0.000
G1 X-729.607 Y207.561 Z-3.000 F400.000
G1 X-727.086 Y211.338 Z-3.000 F400.000
G1 X-731.706 Y212.631 Z-3.000 F400.000
G3 X-733.891 Y211.756 Z-3.000 I-0.553 J-1.785 K0.000 F400.000
G1 X-736.179 Y207.904 Z-3.000 F400.000
G1 X-731.904 Y206.607 Z-3.000 F400.000
G3 X-730.802 Y206.581 Z-3.000 I0.595 J1.818 K0.000 F400.000
G3 X-729.722 Y207.389 Z-3.000 I-0.523 J1.825 K0.000 F400.000
G1 X-729.607 Y207.561 Z-3.000 F400.000
G1 X-729.607 Y207.561 Z-6.000 F400.000
G1 X-727.086 Y211.338 Z-6.000 F400.000
G1 X-731.706 Y212.631 Z-6.000 F400.000
G3 X-733.891 Y211.756 Z-6.000 I-0.553 J-1.785 K0.000 F400.000
G1 X-736.179 Y207.904 Z-6.000 F400.000
G1 X-731.904 Y206.607 Z-6.000 F400.000
G3 X-730.802 Y206.581 Z-6.000 I0.595 J1.818 K0.000 F400.000
G3 X-729.722 Y207.389 Z-6.000 I-0.523 J1.825 K0.000 F400.000
G1 X-729.607 Y207.561 Z-6.000 F400.000
G0 Z7.000
G0 Z7.000
G0 X-729.607 Y207.561
G0 X-721.643 Y221.938
G0 X-721.643 Y221.938 Z0.000
G1 X-721.643 Y221.938 Z-3.000 F400.000
G1 X-721.569 Y221.981 Z-3.000 F400.000
G1 X-720.661 Y222.631 Z-3.000 F400.000
G1 X-721.569 Y223.282 Z-3.000 F400.000
G3 X-721.716 Y223.279 Z-3.000 I-0.073 J-0.039 K0.000 F400.000
G1 X-722.549 Y222.631 Z-3.000 F400.000
G3 X-721.643 Y221.938 Z-3.000 I4.231 J4.587 K0.000 F400.000
G1 X-721.643 Y221.938 Z-6.000 F400.000
G1 X-721.569 Y221.981 Z-6.000 F400.000
G1 X-720.661 Y222.631 Z-6.000 F400.000
G1 X-721.569 Y223.282 Z-6.000 F400.000
G3 X-721.716 Y223.279 Z-6.000 I-0.073 J-0.039 K0.000 F400.000
G1 X-722.549 Y222.631 Z-6.000 F400.000
G3 X-721.643 Y221.938 Z-6.000 I4.231 J4.587 K0.000 F400.000
G0 Z7.000
G0 Z7.000
G0 X-721.643 Y221.938
G0 X-732.005 Y239.483
G0 X-732.005 Y239.483 Z0.000
G1 X-732.005 Y239.483 Z-3.000 F400.000
G1 X-728.095 Y241.792 Z-3.000 F400.000
G1 X-731.696 Y244.962 Z-3.000 F400.000
G3 X-734.044 Y245.121 Z-3.000 I-1.272 J-1.369 K0.000 F400.000
G1 X-737.777 Y242.643 Z-3.000 F400.000
G1 X-734.488 Y239.620 Z-3.000 F400.000
G3 X-732.729 Y239.147 Z-3.000 I1.302 J1.335 K0.000 F400.000
G3 X-732.183 Y239.378 Z-3.000 I-0.535 J2.025 K0.000 F400.000
G1 X-732.005 Y239.483 Z-3.000 F400.000
G1 X-732.005 Y239.483 Z-6.000 F400.000
G1 X-728.095 Y241.792 Z-6.000 F400.000
G1 X-731.696 Y244.962 Z-6.000 F400.000
G3 X-734.044 Y245.121 Z-6.000 I-1.272 J-1.369 K0.000 F400.000
G1 X-737.777 Y242.643 Z-6.000 F400.000
G1 X-734.488 Y239.620 Z-6.000 F400.000
G3 X-732.729 Y239.147 Z-6.000 I1.302 J1.335 K0.000 F400.000
G3 X-732.183 Y239.378 Z-6.000 I-0.535 J2.025 K0.000 F400.000
G1 X-732.005 Y239.483 Z-6.000 F400.000
G0 Z7.000
G0 Z7.000
G0 X-732.005 Y239.483
G0 X-718.592 Y248.980
G0 X-718.592 Y248.980 Z0.000
G1 X-718.592 Y248.980 Z-3.000 F400.000
G1 X-718.506 Y248.987 Z-3.000 F400.000
G1 X-717.406 Y249.179 Z-3.000 F400.000
G1 X-717.942 Y250.159 Z-3.000 F400.000
G3 X-718.075 Y250.220 Z-3.000 I-0.082 J-0.004 K0.000 F400.000
G1 X-719.107 Y249.998 Z-3.000 F400.000
G3 X-718.592 Y248.980 Z-3.000 I5.803 J2.297 K0.000 F400.000
G1 X-718.592 Y248.980 Z-6.000 F400.000
G1 X-718.506 Y248.987 Z-6.000 F400.000
G1 X-717.406 Y249.179 Z-6.000 F400.000
G1 X-717.942 Y250.159 Z-6.000 F400.000
G3 X-718.075 Y250.220 Z-6.000 I-0.082 J-0.004 K0.000 F400.000
G1 X-719.107 Y249.998 Z-6.000 F400.000
G3 X-718.592 Y248.980 Z-6.000 I5.803 J2.297 K0.000 F400.000
G0 Z7.000
G0 Z7.000
G0 X-718.592 Y248.980
G0 X-720.315 Y269.284
G0 X-720.315 Y269.284 Z0.000
G1 X-720.315 Y269.284 Z-3.000 F400.000
G1 X-715.791 Y269.668 Z-3.000 F400.000
G1 X-717.660 Y274.086 Z-3.000 F400.000
G3 X-719.706 Y275.249 Z-3.000 I-1.740 J-0.681 K0.000 F400.000
G1 X-724.145 Y274.636 Z-3.000 F400.000
G1 X-722.492 Y270.485 Z-3.000 F400.000
G3 X-720.521 Y269.266 Z-3.000 I1.760 J0.643 K0.000 F400.000
G1 X-720.315 Y269.284 Z-3.000 F400.000
G1 X-720.315 Y269.284 Z-6.000 F400.000
G1 X-715.791 Y269.668 Z-6.000 F400.000
G1 X-717.660 Y274.086 Z-6.000 F400.000
G3 X-719.706 Y275.249 Z-6.000 I-1.740 J-0.681 K0.000 F400.000
G1 X-724.145 Y274.636 Z-6.000 F400.000
G1 X-722.492 Y270.485 Z-6.000 F400.000
G3 X-720.521 Y269.266 Z-6.000 I1.760 J0.643 K0.000 F400.000
G1 X-720.315 Y269.284 Z-6.000 F400.000
G0 Z7.000
G0 Z7.000
G0 X-720.315 Y269.284
G0 X-704.109 Y272.021
G0 X-704.109 Y272.021 Z0.000
G1 X-704.109 Y272.021 Z-3.000 F400.000
G1 X-704.029 Y271.990 Z-3.000 F400.000
G1 X-702.955 Y271.686 Z-3.000 F400.000
G1 X-703.012 Y272.801 Z-3.000 F400.000
G3 X-703.106 Y272.914 Z-3.000 I-0.076 J0.033 K0.000 F400.000
G1 X-704.132 Y273.162 Z-3.000 F400.000
G3 X-704.109 Y272.021 Z-3.000 I6.225 J-0.448 K0.000 F400.000
G1 X-704.109 Y272.021 Z-6.000 F400.000
G1 X-704.029 Y271.990 Z-6.000 F400.000
G1 X-702.955 Y271.686 Z-6.000 F400.000
G1 X-703.012 Y272.801 Z-6.000 F400.000
G3 X-703.106 Y272.914 Z-6.000 I-0.076 J0.033 K0.000 F400.000
G1 X-704.132 Y273.162 Z-6.000 F400.000
G3 X-704.109 Y272.021 Z-6.000 I6.225 J-0.448 K0.000 F400.000
G0 Z7.000
G0 Z7.000
G0 X-704.109 Y272.021
G0 X-696.853 Y291.061
G0 X-696.853 Y291.061 Z0.000
G1 X-696.853 Y291.061 Z-3.000 F400.000
G1 X-692.610 Y289.444 Z-3.000 F400.000
G1 X-692.376 Y294.236 Z-3.000 F400.000
G3 X-693.715 Y296.171 Z-3.000 I-1.863 J0.142 K0.000 F400.000
G1 X-697.981 Y297.545 Z-3.000 F400.000
G1 X-698.293 Y293.088 Z-3.000 F400.000
G3 X-697.046 Y291.135 Z-3.000 I1.865 J-0.184 K0.000 F400.000
G1 X-696.853 Y291.061 Z-3.000 F400.000
G1 X-696.853 Y291.061 Z-6.000 F400.000
G1 X-692.610 Y289.444 Z-6.000 F400.000
G1 X-692.376 Y294.236 Z-6.000 F400.000
G3 X-693.715 Y296.171 Z-6.000 I-1.863 J0.142 K0.000 F400.000
G1 X-697.981 Y297.545 Z-6.000 F400.000
G1 X-698.293 Y293.088 Z-6.000 F400.000
G3 X-697.046 Y291.135 Z-6.000 I1.865 J-0.184 K0.000 F400.000
G1 X-696.853 Y291.061 Z-6.000 F400.000
G0 Z7.000
G0 Z7.000
G0 X-696.853 Y291.061
G0 X-681.064 Y286.496
G0 X-681.064 Y286.496 Z0.000
G1 X-681.064 Y286.496 Z-3.000 F400.000
G1 X-681.005 Y286.433 Z-3.000 F400.000
G1 X-680.169 Y285.693 Z-3.000 F400.000
G1 X-679.737 Y286.723 Z-3.000 F400.000
G3 X-679.773 Y286.865 Z-3.000 I-0.054 J0.062 K0.000 F400.000
G1 X-680.589 Y287.534 Z-3.000 F400.000
G3 X-681.064 Y286.496 Z-3.000 I5.414 J-3.104 K0.000 F400.000
G1 X-681.064 Y286.496 Z-6.000 F400.000
G1 X-681.005 Y286.433 Z-6.000 F400.000
G1 X-680.169 Y285.693 Z-6.000 F400.000
G1 X-679.737 Y286.723 Z-6.000 F400.000
G3 X-679.773 Y286.865 Z-6.000 I-0.054 J0.062 K0.000 F400.000
G1 X-680.589 Y287.534 Z-6.000 F400.000
G3 X-681.064 Y286.496 Z-6.000 I5.414 J-3.104 K0.000 F400.000
G0 Z7.000
G0 Z7.000
G0 X-681.064 Y286.496
G0 X-666.265 Y300.502
G0 X-666.265 Y300.502 Z0.000
G1 X-666.265 Y300.502 Z-3.000 F400.000
G1 X-663.144 Y297.204 Z-3.000 F400.000
G1 X-660.854 Y301.420 Z-3.000 F400.000
G3 X-661.221 Y303.745 Z-3.000 I-1.617 J0.936 K0.000 F400.000
G1 X-664.468 Y306.833 Z-3.000 F400.000
G1 X-666.683 Y302.953 Z-3.000 F400.000
G3 X-666.407 Y300.652 Z-3.000 I1.600 J-0.975 K0.000 F400.000
G1 X-666.265 Y300.502 Z-3.000 F400.000
G1 X-666.265 Y300.502 Z-6.000 F400.000
G1 X-663.144 Y297.204 Z-6.000 F400.000
G1 X-660.854 Y301.420 Z-6.000 F400.000
G3 X-661.221 Y303.745 Z-6.000 I-1.617 J0.936 K0.000 F400.000
G1 X-664.468 Y306.833 Z-6.000 F400.000
G1 X-666.683 Y302.953 Z-6.000 F400.000
G3 X-666.407 Y300.652 Z-6.000 I1.600 J-0.975 K0.000 F400.000
G1 X-666.265 Y300.502 Z-6.000 F400.000
G0 Z7.000
G0 Z7.000
G0 X-666.265 Y300.502
G0 X-654.021 Y289.539
G0 X-654.021 Y289.539 Z0.000
G1 X-654.021 Y289.539 Z-3.000 F400.000
G1 X-653.995 Y289.457 Z-3.000 F400.000
G1 X-653.563 Y288.427 Z-3.000 F400.000
G1 X-652.727 Y289.167 Z-3.000 F400.000
G3 X-652.697 Y289.311 Z-3.000 I-0.022 J0.080 K0.000 F400.000
G1 X-653.143 Y290.268 Z-3.000 F400.000
G3 X-654.021 Y289.539 Z-3.000 I3.531 J-5.146 K0.000 F400.000
G1 X-654.021 Y289.539 Z-6.000 F400.000
G1 X-653.995 Y289.457 Z-6.000 F400.000
G1 X-653.563 Y288.427 Z-6.000 F400.000
G1 X-652.727 Y289.167 Z-6.000 F400.000
G3 X-652.697 Y289.311 Z-6.000 I-0.022 J0.080 K0.000 F400.000
G1 X-653.143 Y290.268 Z-6.000 F400.000
G3 X-654.021 Y289.539 Z-6.000 I3.531 J-5.146 K0.000 F400.000
G0 Z7.000
G0 Z7.000
G0 X-654.021 Y289.539
G0 X-634.610 Y295.737
G0 X-634.610 Y295.737 Z0.000
G1 X-634.610 Y295.737 Z-3.000 F400.000
G1 X-633.229 Y291.411 Z-3.000 F400.000
G1 X-629.337 Y294.216 Z-3.000 F400.000
G3 X-628.659 Y296.470 Z-3.000 I-1.051 J1.545 K0.000 F400.000
G1 X-630.244 Y300.661 Z-3.000 F400.000
G1 X-633.923 Y298.126 Z-3.000 F400.000
G3 X-634.673 Y295.934 Z-3.000 I1.019 J-1.572 K0.000 F400.000
G1 X-634.610 Y295.737 Z-3.000 F400.000
G1 X-634.610 Y295.737 Z-6.000 F400.000
G1 X-633.229 Y291.411 Z-6.000 F400.000
G1 X-629.337 Y294.216 Z-6.000 F400.000
G3 X-628.659 Y296.470 Z-6.000 I-1.051 J1.545 K0.000 F400.000
G1 X-630.244 Y300.661 Z-6.000 F400.000
G1 X-633.923 Y298.126 Z-6.000 F400.000
G3 X-634.673 Y295.934 Z-6.000 I1.019 J-1.572 K0.000 F400.000
G1 X-634.610 Y295.737 Z-6.000 F400.000
G0 Z7.000
G0 Z7.000
G0 X-634.610 Y295.737
G0 X-628.335 Y280.546
G0 X-628.335 Y280.546 Z0.000
G1 X-628.335 Y280.546 Z-3.000 F400.000
G1 X-628.347 Y280.461 Z-3.000 F400.000
G1 X-628.405 Y279.346 Z-3.000 F400.000
G1 X-627.331 Y279.650 Z-3.000 F400.000
G3 X-627.241 Y279.767 Z-3.000 I0.015 J0.081 K0.000 F400.000
G1 X-627.228 Y280.822 Z-3.000 F400.000
G3 X-628.335 Y280.546 Z-3.000 I0.949 J-6.168 K0.000 F400.000
G1 X-628.335 Y280.546 Z-6.000 F400.000
G1 X-628.347 Y280.461 Z-6.000 F400.000
G1 X-628.405 Y279.346 Z-6.000 F400.000
G1 X-627.331 Y279.650 Z-6.000 F400.000
G3 X-627.241 Y279.767 Z-6.000 I0.015 J0.081 K0.000 F400.000
G1 X-627.228 Y280.822 Z-6.000 F400.000
G3 X-628.335 Y280.546 Z-6.000 I0.949 J-6.168 K0.000 F400.000
G0 Z7.000
G0 Z7.000
G0 X-628.335 Y280.546
G0 X-608.157 Y277.708
G0 X-608.157 Y277.708 Z0.000
G1 X-608.157 Y277.708 Z-3.000 F400.000
G1 X-608.790 Y273.212 Z-3.000 F400.000
G1 X-604.066 Y274.051 Z-3.000 F400.000
G3 X-602.477 Y275.787 Z-3.000 I-0.277 J1.848 K0.000 F400.000
G1 X-602.087 Y280.251 Z-3.000 F400.000
G1 X-606.502 Y279.564 Z-3.000 F400.000
G3 X-608.129 Y277.913 Z-3.000 I0.236 J-1.859 K0.000 F400.000
G1 X-608.157 Y277.708 Z-3.000 F400.000
G1 X-608.157 Y277.708 Z-6.000 F400.000
G1 X-608.790 Y273.212 Z-6.000 F400.000
G1 X-604.066 Y274.051 Z-6.000 F400.000
G3 X-602.477 Y275.787 Z-6.000 I-0.277 J1.848 K0.000 F400.000
G1 X-602.087 Y280.251 Z-6.000 F400.000
G1 X-606.502 Y279.564 Z-6.000 F400.000
G3 X-608.129 Y277.913 Z-6.000 I0.236 J-1.859 K0.000 F400.000
G1 X-608.157 Y277.708 Z-6.000 F400.000
G0 Z7.000
G0 Z7.000
G0 X-608.157 Y277.708
G0 X-609.095 Y261.300
G0 X-609.095 Y261.300 Z0.000
G1 X-609.095 Y261.300 Z-3.000 F400.000
G1 X-609.143 Y261.229 Z-3.000 F400.000
G1 X-609.679 Y260.249 Z-3.000 F400.000
G1 X-608.579 Y260.057 Z-3.000 F400.000
G3 X-608.448 Y260.123 Z-3.000 I0.049 J0.067 K0.000 F400.000
G1 X-607.977 Y261.068 Z-3.000 F400.000
G3 X-609.095 Y261.300 Z-3.000 I-1.822 J-5.969 K0.000 F400.000
G1 X-609.095 Y261.300 Z-6.000 F400.000
G1 X-609.143 Y261.229 Z-6.000 F400.000
G1 X-609.679 Y260.249 Z-6.000 F400.000
G1 X-608.579 Y260.057 Z-6.000 F400.000
G3 X-608.448 Y260.123 Z-6.000 I0.049 J0.067 K0.000 F400.000
G1 X-607.977 Y261.068 Z-6.000 F400.000
G3 X-609.095 Y261.300 Z-6.000 I-1.822 J-5.969 K0.000 F400.000
G0 Z7.000
G0 Z7.000
G0 X-609.095 Y261.300
G0 X-592.978 Y250.543
G0 X-592.978 Y250.543 Z0.000
G1 X-592.978 Y250.543 Z-3.000 F400.000
G1 X-596.264 Y245.620 Z-3.000 F400.000
G1 X-590.312 Y243.953 Z-3.000 F400.000
G3 X-588.914 Y243.894 Z-3.000 I0.820 J2.794 K0.000 F400.000
G3 X-587.006 Y245.277 Z-3.000 I-0.584 J2.812 K0.000 F400.000
G1 X-584.063 Y250.232 Z-3.000 F400.000
G1 X-589.567 Y251.901 Z-3.000 F400.000
G3 X-592.860 Y250.721 Z-3.000 I-0.880 J-2.729 K0.000 F400.000
G1 X-592.978 Y250.543 Z-3.000 F400.000
G1 X-592.978 Y250.543 Z-6.000 F400.000
G1 X-596.264 Y245.620 Z-6.000 F400.000
G1 X-590.312 Y243.953 Z-6.000 F400.000
G3 X-588.914 Y243.894 Z-6.000 I0.820 J2.794 K0.000 F400.000
G3 X-587.006 Y245.277 Z-6.000 I-0.584 J2.812 K0.000 F400.000
G1 X-584.063 Y250.232 Z-6.000 F400.000
G1 X-589.567 Y251.901 Z-6.000 F400.000
G3 X-592.860 Y250.721 Z-6.000 I-0.880 J-2.729 K0.000 F400.000
G1 X-592.978 Y250.543 Z-6.000 F400.000
G0 Z7.000
G0 Z7.000
G0 X-592.978 Y250.543
G0 X-599.666 Y236.514
G0 X-599.666 Y236.514 Z0.000
G1 X-599.666 Y236.514 Z-3.000 F400.000
G3 X-600.758 Y236.388 Z-3.000 I-0.445 J-0.933 K0.000 F400.000
G1 X-602.733 Y234.973 Z-3.000 F400.000
G1 X-602.796 Y234.918 Z-3.000 F400.000
G1 X-602.733 Y234.862 Z-3.000 F400.000
G1 X-600.758 Y233.448 Z-3.000 F400.000
G3 X-599.779 Y233.277 Z-3.000 I0.644 J0.802 K0.000 F400.000
G3 X-599.434 Y233.474 Z-3.000 I-0.434 J1.167 K0.000 F400.000
G1 X-597.646 Y234.862 Z-3.000 F400.000
G1 X-597.586 Y234.918 Z-3.000 F400.000
G1 X-597.646 Y234.974 Z-3.000 F400.000
G1 X-599.434 Y236.362 Z-3.000 F400.000
G3 X-599.666 Y236.514 Z-3.000 I-0.677 J-0.781 K0.000 F400.000
G1 X-599.666 Y236.514 Z-6.000 F400.000
G3 X-600.758 Y236.388 Z-6.000 I-0.445 J-0.933 K0.000 F400.000
G1 X-602.733 Y234.973 Z-6.000 F400.000
G1 X-602.796 Y234.918 Z-6.000 F400.000
G1 X-602.733 Y234.862 Z-6.000 F400.000
G1 X-600.758 Y233.448 Z-6.000 F400.000
G3 X-599.779 Y233.277 Z-6.000 I0.644 J0.802 K0.000 F400.000
G3 X-599.434 Y233.474 Z-6.000 I-0.434 J1.167 K0.000 F400.000
G1 X-597.646 Y234.862 Z-6.000 F400.000
G1 X-597.586 Y234.918 Z-6.000 F400.000
G1 X-597.646 Y234.974 Z-6.000 F400.000
G1 X-599.434 Y236.362 Z-6.000 F400.000
G3 X-599.666 Y236.514 Z-6.000 I-0.677 J-0.781 K0.000 F400.000
G0 Z7.000
G0 Z7.000
G0 X-599.666 Y236.514
G0 X-568.985 Y228.445
G0 X-568.985 Y228.445 Z0.000
G1 X-568.985 Y228.445 Z-3.000 F400.000
G1 X-559.667 Y220.242 Z-3.000 F400.000
G3 X-554.831 Y218.888 Z-3.000 I3.797 J4.249 K0.000 F400.000
G3 X-552.681 Y219.767 Z-3.000 I-1.056 J5.654 K0.000 F400.000
G1 X-543.034 Y226.171 Z-3.000 F400.000
G1 X-551.550 Y233.996 Z-3.000 F400.000
G3 X-558.371 Y234.714 Z-3.000 I-3.887 J-4.169 K0.000 F400.000
G1 X-568.985 Y228.445 Z-3.000 F400.000
G1 X-568.985 Y228.445 Z-6.000 F400.000
G1 X-559.667 Y220.242 Z-6.000 F400.000
G3 X-554.831 Y218.888 Z-6.000 I3.797 J4.249 K0.000 F400.000
G3 X-552.681 Y219.767 Z-6.000 I-1.056 J5.654 K0.000 F400.000
G1 X-543.034 Y226.171 Z-6.000 F400.000
G1 X-551.550 Y233.996 Z-6.000 F400.000
G3 X-558.371 Y234.714 Z-6.000 I-3.887 J-4.169 K0.000 F400.000
G1 X-568.985 Y228.445 Z-6.000 F400.000
G0 Z7.000
G0 Z7.000
G0 X-568.985 Y228.445
G0 X-565.135 Y263.818
G0 X-565.135 Y263.818 Z0.000
G1 X-565.135 Y263.818 Z-3.000 F400.000
G3 X-563.115 Y263.904 Z-3.000 I0.727 J6.683 K0.000 F400.000
G3 X-558.630 Y267.089 Z-3.000 I-1.296 J6.575 K0.000 F400.000
G1 X-552.570 Y277.292 Z-3.000 F400.000
G3 X-553.013 Y278.434 Z-3.000 I-0.595 J0.426 K0.000 F400.000
G1 X-564.355 Y281.872 Z-3.000 F400.000
G3 X-571.929 Y279.160 Z-3.000 I-1.981 J-6.399 K0.000 F400.000
G1 X-578.901 Y268.714 Z-3.000 F400.000
G3 X-578.432 Y267.447 Z-3.000 I0.622 J-0.490 K0.000 F400.000
G1 X-566.254 Y264.036 Z-3.000 F400.000
G3 X-565.135 Y263.818 Z-3.000 I1.845 J6.464 K0.000 F400.000
G1 X-565.135 Y263.818 Z-6.000 F400.000
G3 X-563.115 Y263.904 Z-6.000 I0.727 J6.683 K0.000 F400.000
G3 X-558.630 Y267.089 Z-6.000 I-1.296 J6.575 K0.000 F400.000
G1 X-552.570 Y277.292 Z-6.000 F400.000
G3 X-553.013 Y278.434 Z-6.000 I-0.595 J0.426 K0.000 F400.000
G1 X-564.355 Y281.872 Z-6.000 F400.000
G3 X-571.929 Y279.160 Z-6.000 I-1.981 J-6.399 K0.000 F400.000
G1 X-578.901 Y268.714 Z-6.000 F400.000
G3 X-578.432 Y267.447 Z-6.000 I0.622 J-0.490 K0.000 F400.000
G1 X-566.254 Y264.036 Z-6.000 F400.000
G3 X-565.135 Y263.818 Z-6.000 I1.845 J6.464 K0.000 F400.000
G0 Z7.000
G0 Z7.000
G0 X-565.135 Y263.818
G0 X-589.101 Y303.330
G0 X-589.101 Y303.330 Z0.000
G1 X-589.101 Y303.330 Z-3.000 F400.000
G3 X-586.375 Y307.749 Z-3.000 I-2.956 J4.873 K0.000 F400.000
G1 X-585.367 Y319.285 Z-3.000 F400.000
G1 X-596.795 Y317.506 Z-3.000 F400.000
G3 X-601.609 Y312.620 Z-3.000 I0.836 J-5.638 K0.000 F400.000
G1 X-603.326 Y300.413 Z-3.000 F400.000
G1 X-591.102 Y302.584 Z-3.000 F400.000
G3 X-589.101 Y303.330 Z-3.000 I-0.955 J5.619 K0.000 F400.000
G1 X-589.101 Y303.330 Z-6.000 F400.000
G3 X-586.375 Y307.749 Z-6.000 I-2.956 J4.873 K0.000 F400.000
G1 X-585.367 Y319.285 Z-6.000 F400.000
G1 X-596.795 Y317.506 Z-6.000 F400.000
G3 X-601.609 Y312.620 Z-6.000 I0.836 J-5.638 K0.000 F400.000
G1 X-603.326 Y300.413 Z-6.000 F400.000
G1 X-591.102 Y302.584 Z-6.000 F400.000
G3 X-589.101 Y303.330 Z-6.000 I-0.955 J5.619 K0.000 F400.000
G0 Z7.000
G0 Z7.000
G0 X-589.101 Y303.330
G0 X-628.464 Y327.238
G0 X-628.464 Y327.238 Z0.000
G1 X-628.464 Y327.238 Z-3.000 F400.000
G3 X-628.019 Y332.253 Z-3.000 I-4.872 J2.959 K0.000 F400.000
G1 X-632.116 Y343.084 Z-3.000 F400.000
G1 X-641.640 Y336.523 Z-3.000 F400.000
G3 X-643.858 Y330.032 Z-3.000 I3.200 J-4.717 K0.000 F400.000
G1 X-640.108 Y318.289 Z-3.000 F400.000
G1 X-630.037 Y325.549 Z-3.000 F400.000
G3 X-628.464 Y327.238 Z-3.000 I-3.298 J4.649 K0.000 F400.000
G1 X-628.464 Y327.238 Z-6.000 F400.000
G3 X-628.019 Y332.253 Z-6.000 I-4.872 J2.959 K0.000 F400.000
G1 X-632.116 Y343.084 Z-6.000 F400.000
G1 X-641.640 Y336.523 Z-6.000 F400.000
G3 X-643.858 Y330.032 Z-6.000 I3.200 J-4.717 K0.000 F400.000
G1 X-640.108 Y318.289 Z-6.000 F400.000
G1 X-630.037 Y325.549 Z-6.000 F400.000
G3 X-628.464 Y327.238 Z-6.000 I-3.298 J4.649 K0.000 F400.000
G0 Z7.000
G0 Z7.000
G0 X-628.464 Y327.238
G0 X-674.393 Y331.568
G0 X-674.393 Y331.568 Z0.000
G1 X-674.393 Y331.568 Z-3.000 F400.000
G3 X-676.171 Y336.262 Z-3.000 I-5.675 J0.535 K0.000 F400.000
G1 X-684.561 Y344.243 Z-3.000 F400.000
G1 X-690.295 Y334.199 Z-3.000 F400.000
G3 X-689.477 Y327.389 Z-3.000 I4.929 J-2.862 K0.000 F400.000
G1 X-681.004 Y318.436 Z-3.000 F400.000
G1 X-675.080 Y329.346 Z-3.000 F400.000
G3 X-674.393 Y331.568 Z-3.000 I-4.989 J2.757 K0.000 F400.000
G1 X-674.393 Y331.568 Z-6.000 F400.000
G3 X-676.171 Y336.262 Z-6.000 I-5.675 J0.535 K0.000 F400.000
G1 X-684.561 Y344.243 Z-6.000 F400.000
G1 X-690.295 Y334.199 Z-6.000 F400.000
G3 X-689.477 Y327.389 Z-6.000 I4.929 J-2.862 K0.000 F400.000
G1 X-681.004 Y318.436 Z-6.000 F400.000
G1 X-675.080 Y329.346 Z-6.000 F400.000
G3 X-674.393 Y331.568 Z-6.000 I-4.989 J2.757 K0.000 F400.000
G0 Z7.000
G0 Z7.000
G0 X-674.393 Y331.568
G0 X-717.656 Y315.525
G0 X-717.656 Y315.525 Z0.000
G1 X-717.656 Y315.525 Z-3.000 F400.000
G3 X-721.293 Y318.982 Z-3.000 I-5.344 J-1.982 K0.000 F400.000
G1 X-732.315 Y322.532 Z-3.000 F400.000
G1 X-733.124 Y310.994 Z-3.000 F400.000
G3 X-729.432 Y305.214 Z-3.000 I5.683 J-0.440 K0.000 F400.000
G1 X-717.913 Y300.824 Z-3.000 F400.000
G1 X-717.309 Y313.224 Z-3.000 F400.000
G3 X-717.656 Y315.525 Z-3.000 I-5.691 J0.319 K0.000 F400.000
G1 X-717.656 Y315.525 Z-6.000 F400.000
G3 X-721.293 Y318.982 Z-6.000 I-5.344 J-1.982 K0.000 F400.000
G1 X-732.315 Y322.532 Z-6.000 F400.000
G1 X-733.124 Y310.994 Z-6.000 F400.000
G3 X-729.432 Y305.214 Z-6.000 I5.683 J-0.440 K0.000 F400.000
G1 X-717.913 Y300.824 Z-6.000 F400.000
G1 X-717.309 Y313.224 Z-6.000 F400.000
G3 X-717.656 Y315.525 Z-6.000 I-5.691 J0.319 K0.000 F400.000
G0 Z7.000
G0 Z7.000
G0 X-717.656 Y315.525
G0 X-749.673 Y282.299
G0 X-749.673 Y282.299 Z0.000
G1 X-749.673 Y282.299 Z-3.000 F400.000
G3 X-754.450 Y283.835 Z-3.000 I-3.955 J-4.104 K0.000 F400.000
G1 X-765.920 Y282.251 Z-3.000 F400.000
G1 X-761.643 Y271.505 Z-3.000 F400.000
G3 X-755.809 Y267.899 Z-3.000 I5.311 J2.070 K0.000 F400.000
G1 X-743.526 Y268.942 Z-3.000 F400.000
G1 X-748.362 Y280.376 Z-3.000 F400.000
G3 X-749.673 Y282.299 Z-3.000 I-5.266 J-2.181 K0.000 F400.000
G1 X-749.673 Y282.299 Z-6.000 F400.000
G3 X-754.450 Y283.835 Z-6.000 I-3.955 J-4.104 K0.000 F400.000
G1 X-765.920 Y282.251 Z-6.000 F400.000
G1 X-761.643 Y271.505 Z-6.000 F400.000
G3 X-755.809 Y267.899 Z-6.000 I5.311 J2.070 K0.000 F400.000
G1 X-743.526 Y268.942 Z-6.000 F400.000
G1 X-748.362 Y280.376 Z-6.000 F400.000
G3 X-749.673 Y282.299 Z-6.000 I-5.266 J-2.181 K0.000 F400.000
G0 Z7.000
G0 Z7.000
G0 X-749.673 Y282.299
G0 X-785.200 Y269.592
G0 X-785.200 Y269.592 Z0.000
G1 X-785.200 Y269.592 Z-3.000 F400.000
G3 X-785.256 Y269.728 Z-3.000 I-1.456 J-0.521 K0.000 F400.000
G1 X-795.112 Y293.029 Z-3.000 F400.000
G3 X-809.224 Y301.048 Z-3.000 I-12.262 J-5.153 K0.000 F400.000
G1 X-832.753 Y297.799 Z-3.000 F400.000
G3 X-833.916 Y295.802 Z-3.000 I0.134 J-1.415 K0.000 F400.000
G1 X-825.143 Y273.763 Z-3.000 F400.000
G3 X-811.617 Y265.402 Z-3.000 I12.370 J4.890 K0.000 F400.000
G1 X-786.585 Y267.527 Z-3.000 F400.000
G3 X-785.200 Y269.592 Z-3.000 I-0.071 J1.544 K0.000 F400.000
G1 X-785.200 Y269.592 Z-6.000 F400.000
G3 X-785.256 Y269.728 Z-6.000 I-1.456 J-0.521 K0.000 F400.000
G1 X-795.112 Y293.029 Z-6.000 F400.000
G3 X-809.224 Y301.048 Z-6.000 I-12.262 J-5.153 K0.000 F400.000
G1 X-832.753 Y297.799 Z-6.000 F400.000
G3 X-833.916 Y295.802 Z-6.000 I0.134 J-1.415 K0.000 F400.000
G1 X-825.143 Y273.763 Z-6.000 F400.000
G3 X-811.617 Y265.402 Z-6.000 I12.370 J4.890 K0.000 F400.000
G1 X-786.585 Y267.527 Z-6.000 F400.000
G3 X-785.200 Y269.592 Z-6.000 I-0.071 J1.544 K0.000 F400.000
G0 Z7.000
G0 Z7.000
G0 X-785.200 Y269.592
G0 X-811.249 Y229.605
G0 X-811.249 Y229.605 Z0.000
G1 X-811.249 Y229.605 Z-3.000 F400.000
G3 X-825.891 Y229.525 Z-3.000 I-7.260 J-11.144 K0.000 F400.000
G1 X-845.680 Y216.389 Z-3.000 F400.000
(center top)
G3 X-845.861 Y214.085 Z-3.000 I0.734 J-1.217 K0.000 F400.000
G1 X-828.395 Y198.036 Z-3.000 F400.000
G3 X-817.941 Y194.585 Z-3.000 I9.023 J9.774 K0.000 F400.000
G3 X-812.581 Y196.371 Z-3.000 I-1.438 J13.245 K0.000 F400.000
G1 X-790.950 Y209.146 Z-3.000 F400.000
G3 X-790.708 Y211.706 Z-3.000 I-0.734 J1.361 K0.000 F400.000
G1 X-809.698 Y228.424 Z-3.000 F400.000
G3 X-811.249 Y229.605 Z-3.000 I-8.812 J-9.963 K0.000 F400.000
G1 X-811.249 Y229.605 Z-6.000 F400.000
G3 X-825.891 Y229.525 Z-6.000 I-7.260 J-11.144 K0.000 F400.000
G1 X-845.680 Y216.389 Z-6.000 F400.000
G3 X-845.861 Y214.085 Z-6.000 I0.734 J-1.217 K0.000 F400.000
G1 X-828.395 Y198.036 Z-6.000 F400.000
G3 X-817.941 Y194.585 Z-6.000 I9.023 J9.774 K0.000 F400.000
G3 X-812.581 Y196.371 Z-6.000 I-1.438 J13.245 K0.000 F400.000
G1 X-790.950 Y209.146 Z-6.000 F400.000
G3 X-790.708 Y211.706 Z-6.000 I-0.734 J1.361 K0.000 F400.000
G1 X-809.698 Y228.424 Z-6.000 F400.000
G3 X-811.249 Y229.605 Z-6.000 I-8.812 J-9.963 K0.000 F400.000
G0 Z7.000
G0 Z7.000
G0 X-811.249 Y229.605
G0 X-778.720 Y231.378
G0 X-778.720 Y231.378 Z0.000
G1 X-778.720 Y231.378 Z-3.000 F400.000
G1 X-770.204 Y223.553 Z-3.000 F400.000
G3 X-764.973 Y222.184 Z-3.000 I3.886 J4.167 K0.000 F400.000
G3 X-763.383 Y222.835 Z-3.000 I-1.401 J5.684 K0.000 F400.000
G1 X-752.769 Y229.104 Z-3.000 F400.000
G1 X-762.087 Y237.307 Z-3.000 F400.000
G3 X-769.073 Y237.782 Z-3.000 I-3.798 J-4.250 K0.000 F400.000
G1 X-778.720 Y231.378 Z-3.000 F400.000
G1 X-778.720 Y231.378 Z-6.000 F400.000
G1 X-770.204 Y223.553 Z-6.000 F400.000
G3 X-764.973 Y222.184 Z-6.000 I3.886 J4.167 K0.000 F400.000
G3 X-763.383 Y222.835 Z-6.000 I-1.401 J5.684 K0.000 F400.000
G1 X-752.769 Y229.104 Z-6.000 F400.000
G1 X-762.087 Y237.307 Z-6.000 F400.000
G3 X-769.073 Y237.782 Z-6.000 I-3.798 J-4.250 K0.000 F400.000
G1 X-778.720 Y231.378 Z-6.000 F400.000
G0 Z7.000
G0 Z7.000
G0 X-778.720 Y231.378
G0 X-759.821 Y192.205
G0 X-759.821 Y192.205 Z0.000
G1 X-759.821 Y192.205 Z-3.000 F400.000
G3 X-762.266 Y189.946 Z-3.000 I2.477 J-5.134 K0.000 F400.000
G1 X-768.180 Y179.990 Z-3.000 F400.000
G1 X-757.112 Y176.635 Z-3.000 F400.000
G3 X-754.303 Y176.488 Z-3.000 I1.694 J5.466 K0.000 F400.000
G3 X-750.655 Y178.948 Z-3.000 I-1.118 J5.593 K0.000 F400.000
G1 X-743.811 Y189.201 Z-3.000 F400.000
G1 X-755.766 Y192.549 Z-3.000 F400.000
G3 X-759.821 Y192.205 Z-3.000 I-1.578 J-5.477 K0.000 F400.000
G1 X-759.821 Y192.205 Z-6.000 F400.000
G3 X-762.266 Y189.946 Z-6.000 I2.477 J-5.134 K0.000 F400.000
G1 X-768.180 Y179.990 Z-6.000 F400.000
G1 X-757.112 Y176.635 Z-6.000 F400.000
G3 X-754.303 Y176.488 Z-6.000 I1.694 J5.466 K0.000 F400.000
G3 X-750.655 Y178.948 Z-6.000 I-1.118 J5.593 K0.000 F400.000
G1 X-743.811 Y189.201 Z-6.000 F400.000
G1 X-755.766 Y192.549 Z-6.000 F400.000
G3 X-759.821 Y192.205 Z-6.000 I-1.578 J-5.477 K0.000 F400.000
G0 Z7.000
G0 Z7.000
G0 X-759.821 Y192.205
G0 X-770.360 Y157.042
G0 X-770.360 Y157.042 Z0.000
G1 X-770.360 Y157.042 Z-3.000 F400.000
G3 X-770.445 Y157.065 Z-3.000 I-0.444 J-1.481 K0.000 F400.000
G1 X-794.807 Y163.888 Z-3.000 F400.000
G3 X-809.875 Y157.854 Z-3.000 I-3.617 J-12.800 K0.000 F400.000
G1 X-822.005 Y137.432 Z-3.000 F400.000
G3 X-821.169 Y135.278 Z-3.000 I1.190 J-0.778 K0.000 F400.000
G1 X-798.468 Y128.396 Z-3.000 F400.000
G3 X-792.838 Y127.930 Z-3.000 I3.891 J12.742 K0.000 F400.000
G3 X-783.498 Y133.758 Z-3.000 I-1.742 J13.187 K0.000 F400.000
G1 X-769.552 Y154.654 Z-3.000 F400.000
G3 X-770.360 Y157.042 Z-3.000 I-1.252 J0.907 K0.000 F400.000
G1 X-770.360 Y157.042 Z-6.000 F400.000
G3 X-770.445 Y157.065 Z-6.000 I-0.444 J-1.481 K0.000 F400.000
G1 X-794.807 Y163.888 Z-6.000 F400.000
G3 X-809.875 Y157.854 Z-6.000 I-3.617 J-12.800 K0.000 F400.000
G1 X-822.005 Y137.432 Z-6.000 F400.000
G3 X-821.169 Y135.278 Z-6.000 I1.190 J-0.778 K0.000 F400.000
G1 X-798.468 Y128.396 Z-6.000 F400.000
G3 X-792.838 Y127.930 Z-6.000 I3.891 J12.742 K0.000 F400.000
G3 X-783.498 Y133.758 Z-6.000 I-1.742 J13.187 K0.000 F400.000
G1 X-769.552 Y154.654 Z-6.000 F400.000
G3 X-770.360 Y157.042 Z-6.000 I-1.252 J0.907 K0.000 F400.000
G0 Z7.000
G0 Z7.000
G0 X-770.360 Y157.042
G0 X-735.297 Y150.406
G0 X-735.297 Y150.406 Z0.000
G1 X-735.297 Y150.406 Z-3.000 F400.000
G3 X-735.378 Y149.800 Z-3.000 I5.600 J-1.060 K0.000 F400.000
G1 X-736.387 Y138.264 Z-3.000 F400.000
G1 X-724.959 Y140.044 Z-3.000 F400.000
G3 X-720.145 Y144.929 Z-3.000 I-0.836 J5.638 K0.000 F400.000
G1 X-718.428 Y157.136 Z-3.000 F400.000
G1 X-730.652 Y154.965 Z-3.000 F400.000
G3 X-735.297 Y150.406 Z-3.000 I0.955 J-5.619 K0.000 F400.000
G1 X-735.297 Y150.406 Z-6.000 F400.000
G3 X-735.378 Y149.800 Z-6.000 I5.600 J-1.060 K0.000 F400.000
G1 X-736.387 Y138.264 Z-6.000 F400.000
G1 X-724.959 Y140.044 Z-6.000 F400.000
G3 X-720.145 Y144.929 Z-6.000 I-0.836 J5.638 K0.000 F400.000
G1 X-718.428 Y157.136 Z-6.000 F400.000
G1 X-730.652 Y154.965 Z-6.000 F400.000
G3 X-735.297 Y150.406 Z-6.000 I0.955 J-5.619 K0.000 F400.000
G0 Z7.000
G0 Z7.000
G0 X-735.297 Y150.406
G0 X-729.274 Y116.486
G0 X-729.274 Y116.486 Z0.000
G1 X-729.274 Y116.486 Z-3.000 F400.000
G1 X-753.391 Y112.203 Z-3.000 F400.000
G3 X-764.348 Y100.229 Z-3.000 I2.295 J-13.101 K0.000 F400.000
G1 X-766.416 Y76.567 Z-3.000 F400.000
G3 X-764.728 Y74.989 Z-3.000 I1.409 J-0.185 K0.000 F400.000
G1 X-741.290 Y78.638 Z-3.000 F400.000
G3 X-730.129 Y89.964 Z-3.000 I-2.015 J13.148 K0.000 F400.000
G1 X-726.630 Y114.842 Z-3.000 F400.000
G3 X-728.481 Y116.627 Z-3.000 I-1.521 J0.274 K0.000 F400.000
G1 X-729.274 Y116.486 Z-3.000 F400.000
G1 X-729.274 Y116.486 Z-6.000 F400.000
G1 X-753.391 Y112.203 Z-6.000 F400.000
G3 X-764.348 Y100.229 Z-6.000 I2.295 J-13.101 K0.000 F400.000
G1 X-766.416 Y76.567 Z-6.000 F400.000
G3 X-764.728 Y74.989 Z-6.000 I1.409 J-0.185 K0.000 F400.000
G1 X-741.290 Y78.638 Z-6.000 F400.000
G3 X-730.129 Y89.964 Z-6.000 I-2.015 J13.148 K0.000 F400.000
G1 X-726.630 Y114.842 Z-6.000 F400.000
G3 X-728.481 Y116.627 Z-6.000 I-1.521 J0.274 K0.000 F400.000
G1 X-729.274 Y116.486 Z-6.000 F400.000
G0 Z7.000
G0 Z7.000
G0 X-729.274 Y116.486
G0 X-693.927 Y125.887
G0 X-693.927 Y125.887 Z0.000
G1 X-693.927 Y125.887 Z-3.000 F400.000
G3 X-693.735 Y125.296 Z-3.000 I5.508 J1.465 K0.000 F400.000
G1 X-689.638 Y114.465 Z-3.000 F400.000
G1 X-680.114 Y121.027 Z-3.000 F400.000
G3 X-677.896 Y127.517 Z-3.000 I-3.200 J4.717 K0.000 F400.000
G1 X-681.646 Y139.260 Z-3.000 F400.000
G1 X-691.717 Y132.001 Z-3.000 F400.000
G3 X-693.927 Y125.887 Z-3.000 I3.298 J-4.649 K0.000 F400.000
G1 X-693.927 Y125.887 Z-6.000 F400.000
G3 X-693.735 Y125.296 Z-6.000 I5.508 J1.465 K0.000 F400.000
G1 X-689.638 Y114.465 Z-6.000 F400.000
G1 X-680.114 Y121.027 Z-6.000 F400.000
G3 X-677.896 Y127.517 Z-6.000 I-3.200 J4.717 K0.000 F400.000
G1 X-681.646 Y139.260 Z-6.000 F400.000
G1 X-691.717 Y132.001 Z-6.000 F400.000
G3 X-693.927 Y125.887 Z-6.000 I3.298 J-4.649 K0.000 F400.000
G0 Z7.000
G0 Z7.000
G0 X-693.927 Y125.887
G0 X-673.777 Y97.932
G0 X-673.777 Y97.932 Z0.000
G1 X-673.777 Y97.932 Z-3.000 F400.000
G1 X-693.650 Y83.607 Z-3.000 F400.000
G3 X-698.328 Y68.065 Z-3.000 I7.752 J-10.808 K0.000 F400.000
G1 X-689.924 Y45.849 Z-3.000 F400.000
G3 X-688.164 Y44.937 Z-3.000 I1.345 J0.442 K0.000 F400.000
G3 X-687.719 Y45.159 Z-3.000 I-0.509 J1.574 K0.000 F400.000
G1 X-668.185 Y58.616 Z-3.000 F400.000
G3 X-663.043 Y73.664 Z-3.000 I-7.520 J10.971 K0.000 F400.000
G1 X-670.685 Y97.595 Z-3.000 F400.000
G3 X-673.126 Y98.401 Z-3.000 I-1.490 J-0.413 K0.000 F400.000
G1 X-673.777 Y97.932 Z-3.000 F400.000
G1 X-673.777 Y97.932 Z-6.000 F400.000
G1 X-693.650 Y83.607 Z-6.000 F400.000
G3 X-698.328 Y68.065 Z-6.000 I7.752 J-10.808 K0.000 F400.000
G1 X-689.924 Y45.849 Z-6.000 F400.000
G3 X-688.164 Y44.937 Z-6.000 I1.345 J0.442 K0.000 F400.000
G3 X-687.719 Y45.159 Z-6.000 I-0.509 J1.574 K0.000 F400.000
G1 X-668.185 Y58.616 Z-6.000 F400.000
G3 X-663.043 Y73.664 Z-6.000 I-7.520 J10.971 K0.000 F400.000
G1 X-670.685 Y97.595 Z-6.000 F400.000
G3 X-673.126 Y98.401 Z-6.000 I-1.490 J-0.413 K0.000 F400.000
G1 X-673.777 Y97.932 Z-6.000 F400.000
G0 Z7.000
G0 Z7.000
G0 X-673.777 Y97.932
G0 X-646.013 Y121.736
G0 X-646.013 Y121.736 Z0.000
G1 X-646.013 Y121.736 Z-3.000 F400.000
G3 X-645.583 Y121.287 Z-3.000 I4.327 J3.710 K0.000 F400.000
G1 X-637.193 Y113.307 Z-3.000 F400.000
G1 X-631.459 Y123.350 Z-3.000 F400.000
G3 X-632.277 Y130.160 Z-3.000 I-4.929 J2.862 K0.000 F400.000
G1 X-640.750 Y139.113 Z-3.000 F400.000
G1 X-646.674 Y128.203 Z-3.000 F400.000
G3 X-646.013 Y121.736 Z-3.000 I4.989 J-2.757 K0.000 F400.000
G1 X-646.013 Y121.736 Z-6.000 F400.000
G3 X-645.583 Y121.287 Z-6.000 I4.327 J3.710 K0.000 F400.000
G1 X-637.193 Y113.307 Z-6.000 F400.000
G1 X-631.459 Y123.350 Z-6.000 F400.000
G3 X-632.277 Y130.160 Z-6.000 I-4.929 J2.862 K0.000 F400.000
G1 X-640.750 Y139.113 Z-6.000 F400.000
G1 X-646.674 Y128.203 Z-6.000 F400.000
G3 X-646.013 Y121.736 Z-6.000 I4.989 J-2.757 K0.000 F400.000
G0 Z7.000
G0 Z7.000
G0 X-646.013 Y121.736
G0 X-603.910 Y141.576
G0 X-603.910 Y141.576 Z0.000
G1 X-603.910 Y141.576 Z-3.000 F400.000
G3 X-600.461 Y138.567 Z-3.000 I5.156 J2.430 K0.000 F400.000
G1 X-589.438 Y135.018 Z-3.000 F400.000
G1 X-588.630 Y146.555 Z-3.000 F400.000
G3 X-592.322 Y152.335 Z-3.000 I-5.683 J0.440 K0.000 F400.000
G1 X-603.841 Y156.725 Z-3.000 F400.000
G1 X-604.444 Y144.325 Z-3.000 F400.000
G3 X-603.910 Y141.576 Z-3.000 I5.691 J-0.319 K0.000 F400.000
G1 X-603.910 Y141.576 Z-6.000 F400.000
G3 X-600.461 Y138.567 Z-6.000 I5.156 J2.430 K0.000 F400.000
G1 X-589.438 Y135.018 Z-6.000 F400.000
G1 X-588.630 Y146.555 Z-6.000 F400.000
G3 X-592.322 Y152.335 Z-6.000 I-5.683 J0.440 K0.000 F400.000
G1 X-603.841 Y156.725 Z-6.000 F400.000
G1 X-604.444 Y144.325 Z-6.000 F400.000
G3 X-603.910 Y141.576 Z-6.000 I5.691 J-0.319 K0.000 F400.000
G0 Z7.000
G0 Z7.000
G0 X-603.910 Y141.576
G0 X-613.547 Y106.802
G0 X-613.547 Y106.802 Z0.000
G1 X-613.547 Y106.802 Z-3.000 F400.000
G3 X-615.346 Y105.997 Z-3.000 I-0.413 J-1.490 K0.000 F400.000
G1 X-627.419 Y83.763 Z-3.000 F400.000
G3 X-624.889 Y67.731 Z-3.000 I11.674 J-6.374 K0.000 F400.000
G1 X-607.679 Y51.361 Z-3.000 F400.000
G3 X-606.243 Y50.988 Z-3.000 I1.024 J0.992 K0.000 F400.000
G3 X-605.393 Y51.697 Z-3.000 I-0.439 J1.391 K0.000 F400.000
G1 X-593.632 Y72.296 Z-3.000 F400.000
G3 X-595.529 Y88.084 Z-3.000 I-11.536 J6.622 K0.000 F400.000
G1 X-612.797 Y106.331 Z-3.000 F400.000
G3 X-613.547 Y106.802 Z-3.000 I-1.163 J-1.018 K0.000 F400.000
G1 X-613.547 Y106.802 Z-6.000 F400.000
G3 X-615.346 Y105.997 Z-6.000 I-0.413 J-1.490 K0.000 F400.000
G1 X-627.419 Y83.763 Z-6.000 F400.000
G3 X-624.889 Y67.731 Z-6.000 I11.674 J-6.374 K0.000 F400.000
G1 X-607.679 Y51.361 Z-6.000 F400.000
G3 X-606.243 Y50.988 Z-6.000 I1.024 J0.992 K0.000 F400.000
G3 X-605.393 Y51.697 Z-6.000 I-0.439 J1.391 K0.000 F400.000
G1 X-593.632 Y72.296 Z-6.000 F400.000
G3 X-595.529 Y88.084 Z-6.000 I-11.536 J6.622 K0.000 F400.000
G1 X-612.797 Y106.331 Z-6.000 F400.000
G3 X-613.547 Y106.802 Z-6.000 I-1.163 J-1.018 K0.000 F400.000
G0 Z7.000
G0 Z7.000
G0 X-613.547 Y106.802
G0 X-567.781 Y110.804
G0 X-567.781 Y110.804 Z0.000
G1 X-567.781 Y110.804 Z-3.000 F400.000
G3 X-558.579 Y99.293 Z-3.000 I13.250 J1.159 K0.000 F400.000
G1 X-535.970 Y92.012 Z-3.000 F400.000
G3 X-535.062 Y91.986 Z-3.000 I0.494 J1.388 K0.000 F400.000
G3 X-534.056 Y93.307 Z-3.000 I-0.416 J1.360 K0.000 F400.000
G1 X-532.398 Y116.969 Z-3.000 F400.000
G3 X-540.957 Y130.371 Z-3.000 I-13.266 J0.961 K0.000 F400.000
G1 X-564.432 Y139.317 Z-3.000 F400.000
G3 X-566.584 Y137.911 Z-3.000 I-0.606 J-1.422 K0.000 F400.000
G1 X-567.814 Y112.641 Z-3.000 F400.000
G3 X-567.781 Y110.804 Z-3.000 I13.283 J-0.678 K0.000 F400.000
G1 X-567.781 Y110.804 Z-6.000 F400.000
G3 X-558.579 Y99.293 Z-6.000 I13.250 J1.159 K0.000 F400.000
G1 X-535.970 Y92.012 Z-6.000 F400.000
G3 X-535.062 Y91.986 Z-6.000 I0.494 J1.388 K0.000 F400.000
G3 X-534.056 Y93.307 Z-6.000 I-0.416 J1.360 K0.000 F400.000
G1 X-532.398 Y116.969 Z-6.000 F400.000
G3 X-540.957 Y130.371 Z-6.000 I-13.266 J0.961 K0.000 F400.000
G1 X-564.432 Y139.317 Z-6.000 F400.000
G3 X-566.584 Y137.911 Z-6.000 I-0.606 J-1.422 K0.000 F400.000
G1 X-567.814 Y112.641 Z-6.000 F400.000
G3 X-567.781 Y110.804 Z-6.000 I13.283 J-0.678 K0.000 F400.000
G0 Z7.000
G0 Z7.000
G0 X-567.781 Y110.804
G0 X-509.222 Y227.207
G0 X-509.222 Y227.207 Z0.000
G1 X-509.222 Y227.207 Z-3.000 F400.000
G3 X-501.862 Y225.860 Z-3.000 I5.978 J11.883 K0.000 F400.000
G3 X-495.863 Y228.024 Z-3.000 I-1.388 J13.247 K0.000 F400.000
G1 X-476.074 Y241.160 Z-3.000 F400.000
(center bottom)
G3 X-475.892 Y243.464 Z-3.000 I-0.734 J1.217 K0.000 F400.000
G1 X-493.359 Y259.514 Z-3.000 F400.000
G3 X-509.173 Y261.178 Z-3.000 I-9.023 J-9.773 K0.000 F400.000
G1 X-530.804 Y248.403 Z-3.000 F400.000
G3 X-531.046 Y245.843 Z-3.000 I0.734 J-1.361 K0.000 F400.000
G1 X-512.056 Y229.126 Z-3.000 F400.000
G3 X-509.222 Y227.207 Z-3.000 I8.812 J9.964 K0.000 F400.000
G1 X-509.222 Y227.207 Z-6.000 F400.000
G3 X-501.862 Y225.860 Z-6.000 I5.978 J11.883 K0.000 F400.000
G3 X-495.863 Y228.024 Z-6.000 I-1.388 J13.247 K0.000 F400.000
G1 X-476.074 Y241.160 Z-6.000 F400.000
G3 X-475.892 Y243.464 Z-6.000 I-0.734 J1.217 K0.000 F400.000
G1 X-493.359 Y259.514 Z-6.000 F400.000
G3 X-509.173 Y261.178 Z-6.000 I-9.023 J-9.773 K0.000 F400.000
G1 X-530.804 Y248.403 Z-6.000 F400.000
G3 X-531.046 Y245.843 Z-6.000 I0.734 J-1.361 K0.000 F400.000
G1 X-512.056 Y229.126 Z-6.000 F400.000
G3 X-509.222 Y227.207 Z-6.000 I8.812 J9.964 K0.000 F400.000
G0 Z7.000
G0 Z7.000
G0 X-509.222 Y227.207
G0 X-520.824 Y292.382
G0 X-520.824 Y292.382 Z0.000
G1 X-520.824 Y292.382 Z-3.000 F400.000
G3 X-511.019 Y299.185 Z-3.000 I-2.506 J14.080 K0.000 F400.000
G1 X-498.884 Y319.615 Z-3.000 F400.000
G3 X-500.285 Y323.225 Z-3.000 I-2.050 J1.281 K0.000 F400.000
G1 X-522.997 Y330.111 Z-3.000 F400.000
G3 X-539.086 Y324.348 Z-3.000 I-4.178 J-13.677 K0.000 F400.000
G1 X-553.039 Y303.443 Z-3.000 F400.000
G3 X-551.588 Y299.524 Z-3.000 I2.084 J-1.456 K0.000 F400.000
G1 X-527.216 Y292.699 Z-3.000 F400.000
G3 X-521.334 Y292.301 Z-3.000 I3.887 J13.786 K0.000 F400.000
G3 X-520.824 Y292.382 Z-3.000 I-1.997 J14.161 K0.000 F400.000
G1 X-520.824 Y292.382 Z-6.000 F400.000
G3 X-511.019 Y299.185 Z-6.000 I-2.506 J14.080 K0.000 F400.000
G1 X-498.884 Y319.615 Z-6.000 F400.000
G3 X-500.285 Y323.225 Z-6.000 I-2.050 J1.281 K0.000 F400.000
G1 X-522.997 Y330.111 Z-6.000 F400.000
G3 X-539.086 Y324.348 Z-6.000 I-4.178 J-13.677 K0.000 F400.000
G1 X-553.039 Y303.443 Z-6.000 F400.000
G3 X-551.588 Y299.524 Z-6.000 I2.084 J-1.456 K0.000 F400.000
G1 X-527.216 Y292.699 Z-6.000 F400.000
G3 X-521.334 Y292.301 Z-6.000 I3.887 J13.786 K0.000 F400.000
G3 X-520.824 Y292.382 Z-6.000 I-1.997 J14.161 K0.000 F400.000
G0 Z7.000
G0 Z7.000
G0 X-520.824 Y292.382
G0 X-562.649 Y347.829
G0 X-562.649 Y347.829 Z0.000
G1 X-562.649 Y347.829 Z-3.000 F400.000
G3 X-557.406 Y357.320 Z-3.000 I-8.010 J10.618 K0.000 F400.000
G1 X-555.338 Y380.982 Z-3.000 F400.000
G3 X-557.026 Y382.560 Z-3.000 I-1.409 J0.185 K0.000 F400.000
G1 X-580.464 Y378.911 Z-3.000 F400.000
G3 X-591.625 Y367.585 Z-3.000 I2.015 J-13.148 K0.000 F400.000
G1 X-595.124 Y342.708 Z-3.000 F400.000
G3 X-593.273 Y340.923 Z-3.000 I1.521 J-0.274 K0.000 F400.000
G1 X-568.363 Y345.346 Z-3.000 F400.000
G3 X-562.649 Y347.829 Z-3.000 I-2.295 J13.101 K0.000 F400.000
G1 X-562.649 Y347.829 Z-6.000 F400.000
G3 X-557.406 Y357.320 Z-6.000 I-8.010 J10.618 K0.000 F400.000
G1 X-555.338 Y380.982 Z-6.000 F400.000
G3 X-557.026 Y382.560 Z-6.000 I-1.409 J0.185 K0.000 F400.000
G1 X-580.464 Y378.911 Z-6.000 F400.000
G3 X-591.625 Y367.585 Z-6.000 I2.015 J-13.148 K0.000 F400.000
G1 X-595.124 Y342.708 Z-6.000 F400.000
G3 X-593.273 Y340.923 Z-6.000 I1.521 J-0.274 K0.000 F400.000
G1 X-568.363 Y345.346 Z-6.000 F400.000
G3 X-562.649 Y347.829 Z-6.000 I-2.295 J13.101 K0.000 F400.000
G0 Z7.000
G0 Z7.000
G0 X-562.649 Y347.829
G0 X-623.980 Y378.761
G0 X-623.980 Y378.761 Z0.000
G1 X-623.980 Y378.761 Z-3.000 F400.000
G3 X-623.426 Y389.485 Z-3.000 I-11.876 J5.989 K0.000 F400.000
G1 X-631.830 Y411.700 Z-3.000 F400.000
G3 X-634.035 Y412.390 Z-3.000 I-1.350 J-0.445 K0.000 F400.000
G1 X-653.569 Y398.933 Z-3.000 F400.000
G3 X-658.710 Y383.886 Z-3.000 I7.520 J-10.971 K0.000 F400.000
G1 X-651.069 Y359.954 Z-3.000 F400.000
G3 X-649.082 Y358.906 Z-3.000 I1.485 J0.409 K0.000 F400.000
G3 X-648.627 Y359.149 Z-3.000 I-0.602 J1.677 K0.000 F400.000
G1 X-628.103 Y373.942 Z-3.000 F400.000
G3 X-623.980 Y378.761 Z-3.000 I-7.752 J10.808 K0.000 F400.000
G1 X-623.980 Y378.761 Z-6.000 F400.000
G3 X-623.426 Y389.485 Z-6.000 I-11.876 J5.989 K0.000 F400.000
G1 X-631.830 Y411.700 Z-6.000 F400.000
G3 X-634.035 Y412.390 Z-6.000 I-1.350 J-0.445 K0.000 F400.000
G1 X-653.569 Y398.933 Z-6.000 F400.000
G3 X-658.710 Y383.886 Z-6.000 I7.520 J-10.971 K0.000 F400.000
G1 X-651.069 Y359.954 Z-6.000 F400.000
G3 X-649.082 Y358.906 Z-6.000 I1.485 J0.409 K0.000 F400.000
G3 X-648.627 Y359.149 Z-6.000 I-0.602 J1.677 K0.000 F400.000
G1 X-628.103 Y373.942 Z-6.000 F400.000
G3 X-623.980 Y378.761 Z-6.000 I-7.752 J10.808 K0.000 F400.000
G0 Z7.000
G0 Z7.000
G0 X-623.980 Y378.761
G0 X-692.710 Y379.933
G0 X-692.710 Y379.933 Z0.000
G1 X-692.710 Y379.933 Z-3.000 F400.000
G3 X-696.864 Y389.818 Z-3.000 I-13.299 J0.227 K0.000 F400.000
G1 X-714.075 Y406.188 Z-3.000 F400.000
G3 X-716.361 Y405.852 Z-3.000 I-1.023 J-0.987 K0.000 F400.000
G1 X-728.122 Y385.253 Z-3.000 F400.000
G3 X-726.225 Y369.465 Z-3.000 I11.536 J-6.622 K0.000 F400.000
G1 X-708.957 Y351.219 Z-3.000 F400.000
G3 X-707.270 Y350.783 Z-3.000 I1.164 J1.023 K0.000 F400.000
G3 X-706.408 Y351.553 Z-3.000 I-0.552 J1.487 K0.000 F400.000
G1 X-694.335 Y373.786 Z-3.000 F400.000
G3 X-692.710 Y379.933 Z-3.000 I-11.674 J6.374 K0.000 F400.000
G1 X-692.710 Y379.933 Z-6.000 F400.000
G3 X-696.864 Y389.818 Z-6.000 I-13.299 J0.227 K0.000 F400.000
G1 X-714.075 Y406.188 Z-6.000 F400.000
G3 X-716.361 Y405.852 Z-6.000 I-1.023 J-0.987 K0.000 F400.000
G1 X-728.122 Y385.253 Z-6.000 F400.000
G3 X-726.225 Y369.465 Z-6.000 I11.536 J-6.622 K0.000 F400.000
G1 X-708.957 Y351.219 Z-6.000 F400.000
G3 X-707.270 Y350.783 Z-6.000 I1.164 J1.023 K0.000 F400.000
G3 X-706.408 Y351.553 Z-6.000 I-0.552 J1.487 K0.000 F400.000
G1 X-694.335 Y373.786 Z-6.000 F400.000
G3 X-692.710 Y379.933 Z-6.000 I-11.674 J6.374 K0.000 F400.000
G0 Z7.000
G0 Z7.000
G0 X-692.710 Y379.933
G0 X-755.144 Y351.154
G0 X-755.144 Y351.154 Z0.000
G1 X-755.144 Y351.154 Z-3.000 F400.000
G3 X-763.175 Y358.256 Z-3.000 I-12.079 J-5.568 K0.000 F400.000
G1 X-785.783 Y365.537 Z-3.000 F400.000
G3 X-787.697 Y364.243 Z-3.000 I-0.493 J-1.333 K0.000 F400.000
G1 X-789.356 Y340.580 Z-3.000 F400.000
G3 X-780.797 Y327.179 Z-3.000 I13.266 J-0.961 K0.000 F400.000
G1 X-757.322 Y318.232 Z-3.000 F400.000
G3 X-756.166 Y318.209 Z-3.000 I0.606 J1.448 K0.000 F400.000
G3 X-755.170 Y319.639 Z-3.000 I-0.553 J1.448 K0.000 F400.000
G1 X-753.939 Y344.908 Z-3.000 F400.000
G3 X-755.144 Y351.154 Z-3.000 I-13.283 J0.678 K0.000 F400.000
G1 X-755.144 Y351.154 Z-6.000 F400.000
G3 X-763.175 Y358.256 Z-6.000 I-12.079 J-5.568 K0.000 F400.000
G1 X-785.783 Y365.537 Z-6.000 F400.000
G3 X-787.697 Y364.243 Z-6.000 I-0.493 J-1.333 K0.000 F400.000
G1 X-789.356 Y340.580 Z-6.000 F400.000
G3 X-780.797 Y327.179 Z-6.000 I13.266 J-0.961 K0.000 F400.000
G1 X-757.322 Y318.232 Z-6.000 F400.000
G3 X-756.166 Y318.209 Z-6.000 I0.606 J1.448 K0.000 F400.000
G3 X-755.170 Y319.639 Z-6.000 I-0.553 J1.448 K0.000 F400.000
G1 X-753.939 Y344.908 Z-6.000 F400.000
G3 X-755.144 Y351.154 Z-6.000 I-13.283 J0.678 K0.000 F400.000
G0 Z7.000
G0 Z7.000
(Finish operation: Profile)
(Begin operation: Profile001)
(Path: Profile001)
(Profile001)
(Uncompensated Tool Path)
G0 Z7.000
G0 X0.000 Y0.000
G0 X-636.185 Y213.565
G0 X-636.185 Y213.565 Z0.000
G1 X-636.185 Y213.565 Z-3.000 F400.000
G2 X-638.343 Y209.233 Z-3.000 I-16.630 J5.583 K0.000 F400.000
G3 X-637.158 Y219.391 Z-3.000 I-16.182 J7.036 K0.000 F400.000
G3 X-652.473 Y226.368 Z-3.000 I-9.955 J-1.555 K0.000 F400.000
G3 X-656.896 Y217.980 Z-3.000 I4.820 J-7.902 K0.000 F400.000
G1 X-657.297 Y215.088 Z-3.000 F400.000
G1 X-658.939 Y215.194 Z-3.000 F400.000
G2 X-659.151 Y215.260 Z-3.000 I-0.023 J0.297 K0.000 F400.000
G1 X-657.933 Y223.127 Z-3.000 F400.000
G2 X-636.766 Y226.230 Z-3.000 I11.056 J-1.673 K0.000 F400.000
G2 X-636.185 Y213.565 Z-3.000 I-16.049 J-7.082 K0.000 F400.000
G1 X-636.185 Y213.565 Z-6.000 F400.000
G2 X-638.343 Y209.233 Z-6.000 I-16.630 J5.583 K0.000 F400.000
G3 X-637.158 Y219.391 Z-6.000 I-16.182 J7.036 K0.000 F400.000
G3 X-652.473 Y226.368 Z-6.000 I-9.955 J-1.555 K0.000 F400.000
G3 X-656.896 Y217.980 Z-6.000 I4.820 J-7.902 K0.000 F400.000
G1 X-657.297 Y215.088 Z-6.000 F400.000
G1 X-658.939 Y215.194 Z-6.000 F400.000
G2 X-659.151 Y215.260 Z-6.000 I-0.023 J0.297 K0.000 F400.000
G1 X-657.933 Y223.127 Z-6.000 F400.000
G2 X-636.766 Y226.230 Z-6.000 I11.056 J-1.673 K0.000 F400.000
G2 X-636.185 Y213.565 Z-6.000 I-16.049 J-7.082 K0.000 F400.000
G0 Z7.000
G0 Z7.000
G0 X-636.185 Y213.565
G0 X-640.050 Y242.145
G0 X-640.050 Y242.145 Z0.000
G1 X-640.050 Y242.145 Z-3.000 F400.000
G1 X-641.685 Y243.071 Z-3.000 F400.000
G3 X-641.254 Y244.295 Z-3.000 I-1.473 J1.206 K0.000 F400.000
G1 X-641.254 Y246.688 Z-3.000 F400.000
G3 X-650.146 Y254.874 Z-3.000 I-8.217 J-0.003 K0.000 F400.000
G1 X-658.084 Y254.874 Z-3.000 F400.000
G3 X-663.179 Y237.702 Z-3.000 I-0.002 J-9.342 K0.000 F400.000
G1 X-664.067 Y236.871 Z-3.000 F400.000
G2 X-670.597 Y245.722 Z-3.000 I47.779 J42.088 K0.000 F400.000
G2 X-669.995 Y251.675 Z-3.000 I4.167 J2.585 K0.000 F400.000
G2 X-657.846 Y258.882 Z-3.000 I24.197 J-26.942 K0.000 F400.000
G1 X-651.746 Y258.882 Z-3.000 F400.000
G2 X-638.569 Y247.366 Z-3.000 I0.045 J-13.245 K0.000 F400.000
G2 X-640.050 Y242.145 Z-3.000 I-6.325 J-1.026 K0.000 F400.000
G1 X-640.050 Y242.145 Z-6.000 F400.000
G1 X-641.685 Y243.071 Z-6.000 F400.000
G3 X-641.254 Y244.295 Z-6.000 I-1.473 J1.206 K0.000 F400.000
G1 X-641.254 Y246.688 Z-6.000 F400.000
G3 X-650.146 Y254.874 Z-6.000 I-8.217 J-0.003 K0.000 F400.000
G1 X-658.084 Y254.874 Z-6.000 F400.000
G3 X-663.179 Y237.702 Z-6.000 I-0.002 J-9.342 K0.000 F400.000
G1 X-664.067 Y236.871 Z-6.000 F400.000
G2 X-670.597 Y245.722 Z-6.000 I47.779 J42.088 K0.000 F400.000
G2 X-669.995 Y251.675 Z-6.000 I4.167 J2.585 K0.000 F400.000
G2 X-657.846 Y258.882 Z-6.000 I24.197 J-26.942 K0.000 F400.000
G1 X-651.746 Y258.882 Z-6.000 F400.000
G2 X-638.569 Y247.366 Z-6.000 I0.045 J-13.245 K0.000 F400.000
G2 X-640.050 Y242.145 Z-6.000 I-6.325 J-1.026 K0.000 F400.000
G0 Z7.000
G0 Z7.000
G0 X-640.050 Y242.145
G0 X-679.878 Y242.953
G0 X-679.878 Y242.953 Z0.000
G1 X-679.878 Y242.953 Z-3.000 F400.000
G2 X-681.337 Y236.936 Z-3.000 I-14.334 J0.290 K0.000 F400.000
G3 X-681.298 Y235.250 Z-3.000 I1.787 J-0.802 K0.000 F400.000
G3 X-682.706 Y234.134 Z-3.000 I0.376 J-1.920 K0.000 F400.000
G2 X-684.112 Y231.489 Z-3.000 I-15.501 J6.543 K0.000 F400.000
G2 X-688.282 Y227.071 Z-3.000 I-14.883 J9.873 K0.000 F400.000
G1 X-689.159 Y227.862 Z-3.000 F400.000
G3 X-683.419 Y249.689 Z-3.000 I-13.717 J15.275 K0.000 F400.000
G1 X-681.406 Y249.689 Z-3.000 F400.000
G2 X-679.878 Y242.953 Z-3.000 I-12.806 J-6.446 K0.000 F400.000
G1 X-679.878 Y242.953 Z-6.000 F400.000
G2 X-681.337 Y236.936 Z-6.000 I-14.334 J0.290 K0.000 F400.000
G3 X-681.298 Y235.250 Z-6.000 I1.787 J-0.802 K0.000 F400.000
G3 X-682.706 Y234.134 Z-6.000 I0.376 J-1.920 K0.000 F400.000
G2 X-684.112 Y231.489 Z-6.000 I-15.501 J6.543 K0.000 F400.000
G2 X-688.282 Y227.071 Z-6.000 I-14.883 J9.873 K0.000 F400.000
G1 X-689.159 Y227.862 Z-6.000 F400.000
G3 X-683.419 Y249.689 Z-6.000 I-13.717 J15.275 K0.000 F400.000
G1 X-681.406 Y249.689 Z-6.000 F400.000
G2 X-679.878 Y242.953 Z-6.000 I-12.806 J-6.446 K0.000 F400.000
G0 Z7.000
G0 Z7.000
G0 X-679.878 Y242.953
G0 X-693.521 Y240.754
G0 X-693.521 Y240.754 Z0.000
G1 X-693.521 Y240.754 Z-3.000 F400.000
G2 X-694.195 Y239.651 Z-3.000 I-0.981 J-0.158 K0.000 F400.000
G2 X-694.809 Y241.541 Z-3.000 I-0.307 J0.945 K0.000 F400.000
G2 X-693.521 Y240.754 Z-3.000 I0.307 J-0.945 K0.000 F400.000
G1 X-693.521 Y240.754 Z-6.000 F400.000
G2 X-694.195 Y239.651 Z-6.000 I-0.981 J-0.158 K0.000 F400.000
G2 X-694.809 Y241.541 Z-6.000 I-0.307 J0.945 K0.000 F400.000
G2 X-693.521 Y240.754 Z-6.000 I0.307 J-0.945 K0.000 F400.000
G0 Z7.000
G0 Z7.000
G0 X-693.521 Y240.754
G0 X-676.885 Y224.011
G0 X-676.885 Y224.011 Z0.000
G1 X-676.885 Y224.011 Z-3.000 F400.000
G2 X-673.345 Y225.661 Z-3.000 I4.059 J-4.085 K0.000 F400.000
G1 X-665.815 Y225.661 Z-3.000 F400.000
G1 X-665.815 Y222.669 Z-3.000 F400.000
G1 X-671.774 Y222.669 Z-3.000 F400.000
G3 X-674.915 Y221.192 Z-3.000 I0.011 J-4.104 K0.000 F400.000
G3 X-670.496 Y206.675 Z-3.000 I7.735 J-5.576 K0.000 F400.000
G1 X-673.544 Y204.348 Z-3.000 F400.000
G1 X-673.601 Y204.312 Z-3.000 F400.000
G1 X-677.998 Y210.675 Z-3.000 F400.000
G2 X-678.627 Y212.220 Z-3.000 I3.023 J2.131 K0.000 F400.000
G2 X-678.585 Y213.791 Z-3.000 I5.282 J0.644 K0.000 F400.000
G1 X-678.585 Y219.880 Z-3.000 F400.000
G2 X-676.885 Y224.011 Z-3.000 I5.758 J0.046 K0.000 F400.000
G1 X-676.885 Y224.011 Z-6.000 F400.000
G2 X-673.345 Y225.661 Z-6.000 I4.059 J-4.085 K0.000 F400.000
G1 X-665.815 Y225.661 Z-6.000 F400.000
G1 X-665.815 Y222.669 Z-6.000 F400.000
G1 X-671.774 Y222.669 Z-6.000 F400.000
G3 X-674.915 Y221.192 Z-6.000 I0.011 J-4.104 K0.000 F400.000
G3 X-670.496 Y206.675 Z-6.000 I7.735 J-5.576 K0.000 F400.000
G1 X-673.544 Y204.348 Z-6.000 F400.000
G1 X-673.601 Y204.312 Z-6.000 F400.000
G1 X-677.998 Y210.675 Z-6.000 F400.000
G2 X-678.627 Y212.220 Z-6.000 I3.023 J2.131 K0.000 F400.000
G2 X-678.585 Y213.791 Z-6.000 I5.282 J0.644 K0.000 F400.000
G1 X-678.585 Y219.880 Z-6.000 F400.000
G2 X-676.885 Y224.011 Z-6.000 I5.758 J0.046 K0.000 F400.000
G0 Z7.000
G0 Z7.000
(center finished)
G0 X0.000 Y0.000
G0 X-38.327 Y99.680
G0 X-38.327 Y99.680 Z0.000
G1 X-38.327 Y99.680 Z-3.000 F400.000
G3 X-36.400 Y102.513 Z-3.000 I-1.078 J2.805 K0.000 F400.000
G1 X-36.400 Y142.445 Z-3.000 F400.000
G3 X-42.370 Y142.887 Z-3.000 I-2.999 J0.033 K0.000 F400.000
G1 X-42.400 Y142.445 Z-3.000 F400.000
G1 X-42.400 Y102.513 Z-3.000 F400.000
G3 X-38.396 Y99.654 Z-3.000 I3.000 J-0.031 K0.000 F400.000
G3 X-38.327 Y99.680 Z-3.000 I-1.009 J2.831 K0.000 F400.000
G1 X-38.327 Y99.680 Z-6.000 F400.000
G3 X-36.400 Y102.513 Z-6.000 I-1.078 J2.805 K0.000 F400.000
G1 X-36.400 Y142.445 Z-6.000 F400.000
G3 X-42.370 Y142.887 Z-6.000 I-2.999 J0.033 K0.000 F400.000
G1 X-42.400 Y142.445 Z-6.000 F400.000
G1 X-42.400 Y102.513 Z-6.000 F400.000
G3 X-38.396 Y99.654 Z-6.000 I3.000 J-0.031 K0.000 F400.000
G3 X-38.327 Y99.680 Z-6.000 I-1.009 J2.831 K0.000 F400.000
G0 Z7.000
G0 Z7.000
G0 X-38.327 Y99.680
G0 X-54.432 Y102.048
G0 X-54.432 Y102.048 Z0.000
G1 X-54.432 Y102.048 Z-3.000 F400.000
G3 X-54.400 Y102.513 Z-3.000 I-2.973 J0.437 K0.000 F400.000
G1 X-54.400 Y142.445 Z-3.000 F400.000
G3 X-60.370 Y142.887 Z-3.000 I-2.999 J0.033 K0.000 F400.000
G1 X-60.400 Y142.445 Z-3.000 F400.000
G1 X-60.400 Y102.513 Z-3.000 F400.000
G3 X-56.396 Y99.654 Z-3.000 I3.000 J-0.031 K0.000 F400.000
G3 X-54.432 Y102.048 Z-3.000 I-1.009 J2.831 K0.000 F400.000
G1 X-54.432 Y102.048 Z-6.000 F400.000
G3 X-54.400 Y102.513 Z-6.000 I-2.973 J0.437 K0.000 F400.000
G1 X-54.400 Y142.445 Z-6.000 F400.000
G3 X-60.370 Y142.887 Z-6.000 I-2.999 J0.033 K0.000 F400.000
G1 X-60.400 Y142.445 Z-6.000 F400.000
G1 X-60.400 Y102.513 Z-6.000 F400.000
G3 X-56.396 Y99.654 Z-6.000 I3.000 J-0.031 K0.000 F400.000
G3 X-54.432 Y102.048 Z-6.000 I-1.009 J2.831 K0.000 F400.000
G0 Z7.000
G0 Z7.000
G0 X-54.432 Y102.048
G0 X-72.401 Y102.421
G0 X-72.401 Y102.421 Z0.000
G1 X-72.401 Y102.421 Z-3.000 F400.000
G3 X-72.400 Y102.512 Z-3.000 I-3.003 J0.062 K0.000 F400.000
G1 X-72.400 Y142.446 Z-3.000 F400.000
G3 X-78.372 Y142.870 Z-3.000 I-2.999 J0.032 K0.000 F400.000
G1 X-78.400 Y142.446 Z-3.000 F400.000
G1 X-78.400 Y102.512 Z-3.000 F400.000
G3 X-74.624 Y99.583 Z-3.000 I3.001 J-0.030 K0.000 F400.000
G3 X-72.401 Y102.421 Z-3.000 I-0.779 J2.901 K0.000 F400.000
G1 X-72.401 Y102.421 Z-6.000 F400.000
G3 X-72.400 Y102.512 Z-6.000 I-3.003 J0.062 K0.000 F400.000
G1 X-72.400 Y142.446 Z-6.000 F400.000
G3 X-78.372 Y142.870 Z-6.000 I-2.999 J0.032 K0.000 F400.000
G1 X-78.400 Y142.446 Z-6.000 F400.000
G1 X-78.400 Y102.512 Z-6.000 F400.000
G3 X-74.624 Y99.583 Z-6.000 I3.001 J-0.030 K0.000 F400.000
G3 X-72.401 Y102.421 Z-6.000 I-0.779 J2.901 K0.000 F400.000
G0 Z7.000
G0 Z7.000
G0 X-72.401 Y102.421
G0 X-93.400
G0 X-93.400 Z0.000
G1 X-93.400 Y102.421 Z-3.000 F400.000
G1 X-93.400 Y141.359 Z-3.000 F400.000
G1 X-102.229 Y150.940 Z-3.000 F400.000
G1 X-168.545 Y135.696 Z-3.000 F400.000
G1 X-168.769 Y135.671 Z-3.000 F400.000
G1 X-175.769 Y135.671 Z-3.000 F400.000
G1 X-175.769 Y107.671 Z-3.000 F400.000
G1 X-168.769 Y107.671 Z-3.000 F400.000
G1 X-168.542 Y107.644 Z-3.000 F400.000
G1 X-101.770 Y92.071 Z-3.000 F400.000
G1 X-93.400 Y102.047 Z-3.000 F400.000
G1 X-93.400 Y102.421 Z-3.000 F400.000
G1 X-93.400 Y102.421 Z-6.000 F400.000
G1 X-93.400 Y141.359 Z-6.000 F400.000
G1 X-102.229 Y150.940 Z-6.000 F400.000
G1 X-168.545 Y135.696 Z-6.000 F400.000
G1 X-168.769 Y135.671 Z-6.000 F400.000
G1 X-175.769 Y135.671 Z-6.000 F400.000
G1 X-175.769 Y107.671 Z-6.000 F400.000
G1 X-168.769 Y107.671 Z-6.000 F400.000
G1 X-168.542 Y107.644 Z-6.000 F400.000
G1 X-101.770 Y92.071 Z-6.000 F400.000
G1 X-93.400 Y102.047 Z-6.000 F400.000
G1 X-93.400 Y102.421 Z-6.000 F400.000
G0 Z7.000
G0 Z7.000
G0 X-93.400 Y102.421
G0 X-186.564 Y102.483
G0 X-186.564 Y102.483 Z0.000
G1 X-186.564 Y102.483 Z-3.000 F400.000
G3 X-186.564 Y102.513 Z-3.000 I-3.005 J0.002 K0.000 F400.000
G1 X-186.564 Y142.445 Z-3.000 F400.000
G3 X-192.534 Y142.887 Z-3.000 I-2.999 J0.033 K0.000 F400.000
G1 X-192.564 Y142.445 Z-3.000 F400.000
G1 X-192.564 Y102.513 Z-3.000 F400.000
G3 X-188.560 Y99.654 Z-3.000 I3.000 J-0.031 K0.000 F400.000
G3 X-186.564 Y102.483 Z-3.000 I-1.009 J2.831 K0.000 F400.000
G1 X-186.564 Y102.483 Z-6.000 F400.000
G3 X-186.564 Y102.513 Z-6.000 I-3.005 J0.002 K0.000 F400.000
G1 X-186.564 Y142.445 Z-6.000 F400.000
G3 X-192.534 Y142.887 Z-6.000 I-2.999 J0.033 K0.000 F400.000
G1 X-192.564 Y142.445 Z-6.000 F400.000
G1 X-192.564 Y102.513 Z-6.000 F400.000
G3 X-188.560 Y99.654 Z-6.000 I3.000 J-0.031 K0.000 F400.000
G3 X-186.564 Y102.483 Z-6.000 I-1.009 J2.831 K0.000 F400.000
G0 Z7.000
G0 Z7.000
G0 X-186.564 Y102.483
G0 X-204.564 Y102.483
G0 X-204.564 Y102.483 Z0.000
G1 X-204.564 Y102.483 Z-3.000 F400.000
G3 X-204.564 Y102.511 Z-3.000 I-3.003 J-0.000 K0.000 F400.000
G1 X-204.564 Y142.444 Z-3.000 F400.000
G3 X-210.534 Y142.886 Z-3.000 I-2.999 J0.033 K0.000 F400.000
G1 X-210.564 Y142.444 Z-3.000 F400.000
G1 X-210.564 Y102.511 Z-3.000 F400.000
G3 X-206.788 Y99.582 Z-3.000 I3.001 J-0.030 K0.000 F400.000
G3 X-204.564 Y102.483 Z-3.000 I-0.779 J2.901 K0.000 F400.000
G1 X-204.564 Y102.483 Z-6.000 F400.000
G3 X-204.564 Y102.511 Z-6.000 I-3.003 J-0.000 K0.000 F400.000
G1 X-204.564 Y142.444 Z-6.000 F400.000
G3 X-210.534 Y142.886 Z-6.000 I-2.999 J0.033 K0.000 F400.000
G1 X-210.564 Y142.444 Z-6.000 F400.000
G1 X-210.564 Y102.511 Z-6.000 F400.000
G3 X-206.788 Y99.582 Z-6.000 I3.001 J-0.030 K0.000 F400.000
G3 X-204.564 Y102.483 Z-6.000 I-0.779 J2.901 K0.000 F400.000
G0 Z7.000
G0 Z7.000
G0 X-204.564 Y102.483
G0 X-228.775 Y99.764
G0 X-228.775 Y99.764 Z0.000
G1 X-228.775 Y99.764 Z-3.000 F400.000
G1 X-244.883 Y88.846 Z-3.000 F400.000
G2 X-246.444 Y89.674 Z-3.000 I-0.561 J0.828 K0.000 F400.000
G1 X-246.444 Y100.467 Z-3.000 F400.000
G2 X-245.820 Y101.394 Z-3.000 I1.000 J0.000 K0.000 F400.000
G1 X-228.564 Y108.381 Z-3.000 F400.000
G1 X-228.564 Y114.255 Z-3.000 F400.000
G1 X-245.815 Y109.253 Z-3.000 F400.000
G2 X-247.094 Y110.213 Z-3.000 I-0.279 J0.960 K0.000 F400.000
G1 X-247.094 Y136.360 Z-3.000 F400.000
G2 X-245.840 Y137.327 Z-3.000 I1.000 J-0.000 K0.000 F400.000
G1 X-228.648 Y132.806 Z-3.000 F400.000
G1 X-228.650 Y138.144 Z-3.000 F400.000
G1 X-245.292 Y144.883 Z-3.000 F400.000
G2 X-245.916 Y145.798 Z-3.000 I0.375 J0.927 K0.000 F400.000
G1 X-246.054 Y156.916 Z-3.000 F400.000
G2 X-244.503 Y157.763 Z-3.000 I1.000 J0.012 K0.000 F400.000
G1 X-228.913 Y147.472 Z-3.000 F400.000
G3 X-251.113 Y167.635 Z-3.000 I-23.299 J-3.350 K0.000 F400.000
G2 X-251.988 Y168.324 Z-3.000 I0.076 J0.997 K0.000 F400.000
G1 X-256.765 Y183.052 Z-3.000 F400.000
G1 X-256.814 Y183.360 Z-3.000 F400.000
G1 X-256.814 Y205.701 Z-3.000 F400.000
G1 X-260.816 Y205.701 Z-3.000 F400.000
G1 X-260.816 Y198.701 Z-3.000 F400.000
G2 X-261.816 Y197.701 Z-3.000 I-1.000 J0.000 K0.000 F400.000
G1 X-267.231 Y197.701 Z-3.000 F400.000
G2 X-267.942 Y197.998 Z-3.000 I-0.000 J1.000 K0.000 F400.000
G1 X-276.271 Y206.424 Z-3.000 F400.000
G1 X-286.852 Y195.842 Z-3.000 F400.000
G1 X-276.266 Y185.256 Z-3.000 F400.000
G1 X-268.009 Y193.513 Z-3.000 F400.000
G2 X-267.302 Y193.806 Z-3.000 I0.707 J-0.707 K0.000 F400.000
G1 X-261.814 Y193.806 Z-3.000 F400.000
G2 X-260.814 Y192.806 Z-3.000 I-0.000 J-1.000 K0.000 F400.000
G1 X-260.814 Y161.806 Z-3.000 F400.000
G2 X-261.814 Y160.806 Z-3.000 I-1.000 J0.000 K0.000 F400.000
G1 X-267.231 Y160.806 Z-3.000 F400.000
G2 X-267.938 Y161.099 Z-3.000 I-0.000 J1.000 K0.000 F400.000
G1 X-276.266 Y169.428 Z-3.000 F400.000
G1 X-286.852 Y158.842 Z-3.000 F400.000
G1 X-276.262 Y148.252 Z-3.000 F400.000
G1 X-268.005 Y156.418 Z-3.000 F400.000
G2 X-267.302 Y156.707 Z-3.000 I0.703 J-0.711 K0.000 F400.000
G1 X-261.891 Y156.707 Z-3.000 F400.000
G2 X-260.891 Y155.707 Z-3.000 I-0.000 J-1.000 K0.000 F400.000
G1 X-260.891 Y136.701 Z-3.000 F400.000
G2 X-261.025 Y136.201 Z-3.000 I-1.000 J-0.000 K0.000 F400.000
G1 X-264.109 Y130.859 Z-3.000 F400.000
G2 X-264.645 Y130.416 Z-3.000 I-0.866 J0.500 K0.000 F400.000
G1 X-278.579 Y125.536 Z-3.000 F400.000
G1 X-278.909 Y125.480 Z-3.000 F400.000
G1 X-282.909 Y125.480 Z-3.000 F400.000
G2 X-283.849 Y126.138 Z-3.000 I-0.000 J1.000 K0.000 F400.000
G1 X-285.662 Y131.118 Z-3.000 F400.000
G1 X-288.961 Y131.118 Z-3.000 F400.000
G1 X-288.961 Y126.118 Z-3.000 F400.000
G2 X-289.961 Y125.118 Z-3.000 I-1.000 J0.000 K0.000 F400.000
G1 X-293.961 Y125.118 Z-3.000 F400.000
G2 X-294.461 Y125.252 Z-3.000 I-0.000 J1.000 K0.000 F400.000
G1 X-309.498 Y133.934 Z-3.000 F400.000
(bottom top)
G1 X-325.830 Y122.498 Z-3.000 F400.000
G1 X-309.497 Y111.023 Z-3.000 F400.000
G1 X-294.461 Y119.704 Z-3.000 F400.000
G2 X-293.961 Y119.838 Z-3.000 I0.500 J-0.866 K0.000 F400.000
G1 X-289.961 Y119.838 Z-3.000 F400.000
G2 X-288.961 Y118.838 Z-3.000 I-0.000 J-1.000 K0.000 F400.000
G1 X-288.961 Y113.838 Z-3.000 F400.000
G1 X-285.662 Y113.838 Z-3.000 F400.000
G1 X-283.849 Y118.818 Z-3.000 F400.000
G2 X-282.909 Y119.476 Z-3.000 I0.940 J-0.342 K0.000 F400.000
G1 X-278.909 Y119.476 Z-3.000 F400.000
G1 X-278.570 Y119.417 Z-3.000 F400.000
G1 X-264.410 Y114.308 Z-3.000 F400.000
G2 X-263.883 Y113.865 Z-3.000 I-0.339 J-0.941 K0.000 F400.000
G1 X-260.893 Y108.663 Z-3.000 F400.000
G2 X-260.761 Y108.162 Z-3.000 I-0.867 J-0.498 K0.000 F400.000
G1 X-260.801 Y89.148 Z-3.000 F400.000
G2 X-261.801 Y88.150 Z-3.000 I-1.000 J0.002 K0.000 F400.000
G1 X-267.302 Y88.150 Z-3.000 F400.000
G2 X-268.009 Y88.443 Z-3.000 I-0.000 J1.000 K0.000 F400.000
G1 X-276.266 Y96.700 Z-3.000 F400.000
G1 X-286.852 Y86.114 Z-3.000 F400.000
G1 X-276.266 Y75.529 Z-3.000 F400.000
G1 X-267.938 Y83.857 Z-3.000 F400.000
G2 X-267.231 Y84.150 Z-3.000 I0.707 J-0.707 K0.000 F400.000
G1 X-261.814 Y84.150 Z-3.000 F400.000
G2 X-260.814 Y83.150 Z-3.000 I-0.000 J-1.000 K0.000 F400.000
G1 X-260.814 Y52.150 Z-3.000 F400.000
G2 X-261.814 Y51.150 Z-3.000 I-1.000 J0.000 K0.000 F400.000
G1 X-267.302 Y51.150 Z-3.000 F400.000
G2 X-268.009 Y51.443 Z-3.000 I-0.000 J1.000 K0.000 F400.000
G1 X-276.266 Y59.700 Z-3.000 F400.000
G1 X-286.852 Y49.114 Z-3.000 F400.000
G1 X-276.266 Y38.529 Z-3.000 F400.000
G1 X-267.938 Y46.857 Z-3.000 F400.000
G2 X-267.231 Y47.150 Z-3.000 I0.707 J-0.707 K0.000 F400.000
G1 X-261.814 Y47.150 Z-3.000 F400.000
G2 X-260.814 Y46.150 Z-3.000 I-0.000 J-1.000 K0.000 F400.000
G1 X-260.814 Y39.150 Z-3.000 F400.000
G1 X-256.814 Y39.150 Z-3.000 F400.000
G1 X-256.818 Y62.949 Z-3.000 F400.000
G1 X-256.769 Y63.260 Z-3.000 F400.000
G1 X-251.923 Y78.082 Z-3.000 F400.000
G2 X-251.049 Y78.769 Z-3.000 I0.950 J-0.311 K0.000 F400.000
G3 X-228.775 Y99.764 Z-3.000 I-1.102 J23.482 K0.000 F400.000
G1 X-228.775 Y99.764 Z-6.000 F400.000
G1 X-244.883 Y88.846 Z-6.000 F400.000
G2 X-246.444 Y89.674 Z-6.000 I-0.561 J0.828 K0.000 F400.000
G1 X-246.444 Y100.467 Z-6.000 F400.000
G2 X-245.820 Y101.394 Z-6.000 I1.000 J0.000 K0.000 F400.000
G1 X-228.564 Y108.381 Z-6.000 F400.000
G1 X-228.564 Y114.255 Z-6.000 F400.000
G1 X-245.815 Y109.253 Z-6.000 F400.000
G2 X-247.094 Y110.213 Z-6.000 I-0.279 J0.960 K0.000 F400.000
G1 X-247.094 Y136.360 Z-6.000 F400.000
G2 X-245.840 Y137.327 Z-6.000 I1.000 J-0.000 K0.000 F400.000
G1 X-228.648 Y132.806 Z-6.000 F400.000
G1 X-228.650 Y138.144 Z-6.000 F400.000
G1 X-245.292 Y144.883 Z-6.000 F400.000
G2 X-245.916 Y145.798 Z-6.000 I0.375 J0.927 K0.000 F400.000
G1 X-246.054 Y156.916 Z-6.000 F400.000
G2 X-244.503 Y157.763 Z-6.000 I1.000 J0.012 K0.000 F400.000
G1 X-228.913 Y147.472 Z-6.000 F400.000
G3 X-251.113 Y167.635 Z-6.000 I-23.299 J-3.350 K0.000 F400.000
G2 X-251.988 Y168.324 Z-6.000 I0.076 J0.997 K0.000 F400.000
G1 X-256.765 Y183.052 Z-6.000 F400.000
G1 X-256.814 Y183.360 Z-6.000 F400.000
G1 X-256.814 Y205.701 Z-6.000 F400.000
G1 X-260.816 Y205.701 Z-6.000 F400.000
G1 X-260.816 Y198.701 Z-6.000 F400.000
G2 X-261.816 Y197.701 Z-6.000 I-1.000 J0.000 K0.000 F400.000
G1 X-267.231 Y197.701 Z-6.000 F400.000
G2 X-267.942 Y197.998 Z-6.000 I-0.000 J1.000 K0.000 F400.000
G1 X-276.271 Y206.424 Z-6.000 F400.000
G1 X-286.852 Y195.842 Z-6.000 F400.000
G1 X-276.266 Y185.256 Z-6.000 F400.000
G1 X-268.009 Y193.513 Z-6.000 F400.000
G2 X-267.302 Y193.806 Z-6.000 I0.707 J-0.707 K0.000 F400.000
G1 X-261.814 Y193.806 Z-6.000 F400.000
G2 X-260.814 Y192.806 Z-6.000 I-0.000 J-1.000 K0.000 F400.000
G1 X-260.814 Y161.806 Z-6.000 F400.000
G2 X-261.814 Y160.806 Z-6.000 I-1.000 J0.000 K0.000 F400.000
G1 X-267.231 Y160.806 Z-6.000 F400.000
G2 X-267.938 Y161.099 Z-6.000 I-0.000 J1.000 K0.000 F400.000
G1 X-276.266 Y169.428 Z-6.000 F400.000
G1 X-286.852 Y158.842 Z-6.000 F400.000
G1 X-276.262 Y148.252 Z-6.000 F400.000
G1 X-268.005 Y156.418 Z-6.000 F400.000
G2 X-267.302 Y156.707 Z-6.000 I0.703 J-0.711 K0.000 F400.000
G1 X-261.891 Y156.707 Z-6.000 F400.000
G2 X-260.891 Y155.707 Z-6.000 I-0.000 J-1.000 K0.000 F400.000
G1 X-260.891 Y136.701 Z-6.000 F400.000
G2 X-261.025 Y136.201 Z-6.000 I-1.000 J-0.000 K0.000 F400.000
G1 X-264.109 Y130.859 Z-6.000 F400.000
G2 X-264.645 Y130.416 Z-6.000 I-0.866 J0.500 K0.000 F400.000
G1 X-278.579 Y125.536 Z-6.000 F400.000
G1 X-278.909 Y125.480 Z-6.000 F400.000
G1 X-282.909 Y125.480 Z-6.000 F400.000
G2 X-283.849 Y126.138 Z-6.000 I-0.000 J1.000 K0.000 F400.000
G1 X-285.662 Y131.118 Z-6.000 F400.000
G1 X-288.961 Y131.118 Z-6.000 F400.000
G1 X-288.961 Y126.118 Z-6.000 F400.000
G2 X-289.961 Y125.118 Z-6.000 I-1.000 J0.000 K0.000 F400.000
G1 X-293.961 Y125.118 Z-6.000 F400.000
G2 X-294.461 Y125.252 Z-6.000 I-0.000 J1.000 K0.000 F400.000
G1 X-309.498 Y133.934 Z-6.000 F400.000
G1 X-325.830 Y122.498 Z-6.000 F400.000
G1 X-309.497 Y111.023 Z-6.000 F400.000
G1 X-294.461 Y119.704 Z-6.000 F400.000
G2 X-293.961 Y119.838 Z-6.000 I0.500 J-0.866 K0.000 F400.000
G1 X-289.961 Y119.838 Z-6.000 F400.000
G2 X-288.961 Y118.838 Z-6.000 I-0.000 J-1.000 K0.000 F400.000
G1 X-288.961 Y113.838 Z-6.000 F400.000
G1 X-285.662 Y113.838 Z-6.000 F400.000
G1 X-283.849 Y118.818 Z-6.000 F400.000
G2 X-282.909 Y119.476 Z-6.000 I0.940 J-0.342 K0.000 F400.000
G1 X-278.909 Y119.476 Z-6.000 F400.000
G1 X-278.570 Y119.417 Z-6.000 F400.000
G1 X-264.410 Y114.308 Z-6.000 F400.000
G2 X-263.883 Y113.865 Z-6.000 I-0.339 J-0.941 K0.000 F400.000
G1 X-260.893 Y108.663 Z-6.000 F400.000
G2 X-260.761 Y108.162 Z-6.000 I-0.867 J-0.498 K0.000 F400.000
G1 X-260.801 Y89.148 Z-6.000 F400.000
G2 X-261.801 Y88.150 Z-6.000 I-1.000 J0.002 K0.000 F400.000
G1 X-267.302 Y88.150 Z-6.000 F400.000
G2 X-268.009 Y88.443 Z-6.000 I-0.000 J1.000 K0.000 F400.000
G1 X-276.266 Y96.700 Z-6.000 F400.000
G1 X-286.852 Y86.114 Z-6.000 F400.000
G1 X-276.266 Y75.529 Z-6.000 F400.000
G1 X-267.938 Y83.857 Z-6.000 F400.000
G2 X-267.231 Y84.150 Z-6.000 I0.707 J-0.707 K0.000 F400.000
G1 X-261.814 Y84.150 Z-6.000 F400.000
G2 X-260.814 Y83.150 Z-6.000 I-0.000 J-1.000 K0.000 F400.000
G1 X-260.814 Y52.150 Z-6.000 F400.000
G2 X-261.814 Y51.150 Z-6.000 I-1.000 J0.000 K0.000 F400.000
G1 X-267.302 Y51.150 Z-6.000 F400.000
G2 X-268.009 Y51.443 Z-6.000 I-0.000 J1.000 K0.000 F400.000
G1 X-276.266 Y59.700 Z-6.000 F400.000
G1 X-286.852 Y49.114 Z-6.000 F400.000
G1 X-276.266 Y38.529 Z-6.000 F400.000
G1 X-267.938 Y46.857 Z-6.000 F400.000
G2 X-267.231 Y47.150 Z-6.000 I0.707 J-0.707 K0.000 F400.000
G1 X-261.814 Y47.150 Z-6.000 F400.000
G2 X-260.814 Y46.150 Z-6.000 I-0.000 J-1.000 K0.000 F400.000
G1 X-260.814 Y39.150 Z-6.000 F400.000
G1 X-256.814 Y39.150 Z-6.000 F400.000
G1 X-256.818 Y62.949 Z-6.000 F400.000
G1 X-256.769 Y63.260 Z-6.000 F400.000
G1 X-251.923 Y78.082 Z-6.000 F400.000
G2 X-251.049 Y78.769 Z-6.000 I0.950 J-0.311 K0.000 F400.000
G3 X-228.775 Y99.764 Z-6.000 I-1.102 J23.482 K0.000 F400.000
G0 Z7.000
G0 Z7.000
G0 X-228.775 Y99.764
G0 X-207.858 Y311.739
G0 X-207.858 Y311.739 Z0.000
G1 X-207.858 Y311.739 Z-3.000 F400.000
G3 X-206.560 Y311.897 Z-3.000 I0.295 J2.986 K0.000 F400.000
G3 X-204.564 Y314.756 Z-3.000 I-1.009 J2.831 K0.000 F400.000
G1 X-204.564 Y354.688 Z-3.000 F400.000
G3 X-210.534 Y355.130 Z-3.000 I-2.999 J0.033 K0.000 F400.000
G1 X-210.564 Y354.688 Z-3.000 F400.000
G1 X-210.564 Y314.756 Z-3.000 F400.000
G3 X-207.858 Y311.739 Z-3.000 I3.000 J-0.031 K0.000 F400.000
G1 X-207.858 Y311.739 Z-6.000 F400.000
G3 X-206.560 Y311.897 Z-6.000 I0.295 J2.986 K0.000 F400.000
G3 X-204.564 Y314.756 Z-6.000 I-1.009 J2.831 K0.000 F400.000
G1 X-204.564 Y354.688 Z-6.000 F400.000
G3 X-210.534 Y355.130 Z-6.000 I-2.999 J0.033 K0.000 F400.000
G1 X-210.564 Y354.688 Z-6.000 F400.000
G1 X-210.564 Y314.756 Z-6.000 F400.000
G3 X-207.858 Y311.739 Z-6.000 I3.000 J-0.031 K0.000 F400.000
G0 Z7.000
G0 Z7.000
G0 X-207.858 Y311.739
G0 X-192.525 Y314.241
G0 X-192.525 Y314.241 Z0.000
G1 X-192.525 Y314.241 Z-3.000 F400.000
G3 X-188.560 Y311.896 Z-3.000 I2.961 J0.483 K0.000 F400.000
G3 X-186.564 Y314.755 Z-3.000 I-1.009 J2.831 K0.000 F400.000
G1 X-186.564 Y354.687 Z-3.000 F400.000
G3 X-192.534 Y355.129 Z-3.000 I-2.999 J0.033 K0.000 F400.000
G1 X-192.564 Y354.687 Z-3.000 F400.000
G1 X-192.564 Y314.755 Z-3.000 F400.000
G3 X-192.525 Y314.241 Z-3.000 I3.000 J-0.031 K0.000 F400.000
G1 X-192.525 Y314.241 Z-6.000 F400.000
G3 X-188.560 Y311.896 Z-6.000 I2.961 J0.483 K0.000 F400.000
G3 X-186.564 Y314.755 Z-6.000 I-1.009 J2.831 K0.000 F400.000
G1 X-186.564 Y354.687 Z-6.000 F400.000
G3 X-192.534 Y355.129 Z-6.000 I-2.999 J0.033 K0.000 F400.000
G1 X-192.564 Y354.687 Z-6.000 F400.000
G1 X-192.564 Y314.755 Z-6.000 F400.000
G3 X-192.525 Y314.241 Z-6.000 I3.000 J-0.031 K0.000 F400.000
G0 Z7.000
G0 Z7.000
G0 X-192.525 Y314.241
G0 X-228.650 Y319.056
G0 X-228.650 Y319.056 Z0.000
G1 X-228.650 Y319.056 Z-3.000 F400.000
G1 X-228.648 Y324.394 Z-3.000 F400.000
G1 X-245.840 Y319.873 Z-3.000 F400.000
G2 X-247.094 Y320.840 Z-3.000 I-0.254 J0.967 K0.000 F400.000
G1 X-247.094 Y346.987 Z-3.000 F400.000
G2 X-245.815 Y347.947 Z-3.000 I1.000 J-0.000 K0.000 F400.000
G1 X-228.564 Y342.945 Z-3.000 F400.000
G1 X-228.564 Y348.819 Z-3.000 F400.000
G1 X-245.820 Y355.806 Z-3.000 F400.000
G2 X-246.444 Y356.733 Z-3.000 I0.375 J0.927 K0.000 F400.000
G1 X-246.444 Y367.526 Z-3.000 F400.000
G2 X-244.883 Y368.354 Z-3.000 I1.000 J-0.000 K0.000 F400.000
G1 X-228.775 Y357.436 Z-3.000 F400.000
G3 X-251.049 Y378.431 Z-3.000 I-23.376 J-2.486 K0.000 F400.000
G2 X-251.923 Y379.118 Z-3.000 I0.076 J0.997 K0.000 F400.000
G1 X-256.769 Y393.940 Z-3.000 F400.000
G1 X-256.818 Y394.251 Z-3.000 F400.000
G1 X-256.814 Y418.050 Z-3.000 F400.000
(bottom right)
G1 X-260.814 Y418.050 Z-3.000 F400.000
G1 X-260.814 Y411.050 Z-3.000 F400.000
G2 X-261.814 Y410.050 Z-3.000 I-1.000 J0.000 K0.000 F400.000
G1 X-267.231 Y410.050 Z-3.000 F400.000
G2 X-267.938 Y410.343 Z-3.000 I-0.000 J1.000 K0.000 F400.000
G1 X-276.266 Y418.671 Z-3.000 F400.000
G1 X-286.852 Y408.086 Z-3.000 F400.000
G1 X-276.266 Y397.500 Z-3.000 F400.000
G1 X-268.009 Y405.757 Z-3.000 F400.000
G2 X-267.302 Y406.050 Z-3.000 I0.707 J-0.707 K0.000 F400.000
G1 X-261.814 Y406.050 Z-3.000 F400.000
G2 X-260.814 Y405.050 Z-3.000 I-0.000 J-1.000 K0.000 F400.000
G1 X-260.814 Y374.050 Z-3.000 F400.000
G2 X-261.814 Y373.050 Z-3.000 I-1.000 J0.000 K0.000 F400.000
G1 X-267.231 Y373.050 Z-3.000 F400.000
G2 X-267.938 Y373.343 Z-3.000 I-0.000 J1.000 K0.000 F400.000
G1 X-276.266 Y381.671 Z-3.000 F400.000
G1 X-286.852 Y371.086 Z-3.000 F400.000
G1 X-276.266 Y360.500 Z-3.000 F400.000
G1 X-268.009 Y368.757 Z-3.000 F400.000
G2 X-267.302 Y369.050 Z-3.000 I0.707 J-0.707 K0.000 F400.000
G1 X-261.801 Y369.050 Z-3.000 F400.000
G2 X-260.801 Y368.052 Z-3.000 I-0.000 J-1.000 K0.000 F400.000
G1 X-260.761 Y349.038 Z-3.000 F400.000
G2 X-260.893 Y348.537 Z-3.000 I-1.000 J-0.002 K0.000 F400.000
G1 X-263.883 Y343.335 Z-3.000 F400.000
G2 X-264.410 Y342.892 Z-3.000 I-0.867 J0.498 K0.000 F400.000
G1 X-278.570 Y337.783 Z-3.000 F400.000
G1 X-278.909 Y337.724 Z-3.000 F400.000
G1 X-282.909 Y337.724 Z-3.000 F400.000
G2 X-283.849 Y338.382 Z-3.000 I-0.000 J1.000 K0.000 F400.000
G1 X-285.662 Y343.362 Z-3.000 F400.000
G1 X-288.961 Y343.362 Z-3.000 F400.000
G1 X-288.961 Y338.362 Z-3.000 F400.000
G2 X-289.961 Y337.362 Z-3.000 I-1.000 J0.000 K0.000 F400.000
G1 X-293.961 Y337.362 Z-3.000 F400.000
G2 X-294.461 Y337.496 Z-3.000 I-0.000 J1.000 K0.000 F400.000
G1 X-309.497 Y346.177 Z-3.000 F400.000
G1 X-325.830 Y334.702 Z-3.000 F400.000
G1 X-309.498 Y323.266 Z-3.000 F400.000
G1 X-294.461 Y331.948 Z-3.000 F400.000
G2 X-293.961 Y332.082 Z-3.000 I0.500 J-0.866 K0.000 F400.000
G1 X-289.961 Y332.082 Z-3.000 F400.000
G2 X-288.961 Y331.082 Z-3.000 I-0.000 J-1.000 K0.000 F400.000
G1 X-288.961 Y326.082 Z-3.000 F400.000
G1 X-285.662 Y326.082 Z-3.000 F400.000
G1 X-283.849 Y331.062 Z-3.000 F400.000
G2 X-282.909 Y331.720 Z-3.000 I0.940 J-0.342 K0.000 F400.000
G1 X-278.909 Y331.720 Z-3.000 F400.000
G1 X-278.579 Y331.664 Z-3.000 F400.000
G1 X-264.645 Y326.784 Z-3.000 F400.000
G2 X-264.109 Y326.341 Z-3.000 I-0.331 J-0.944 K0.000 F400.000
G1 X-261.025 Y320.999 Z-3.000 F400.000
G2 X-260.891 Y320.499 Z-3.000 I-0.866 J-0.500 K0.000 F400.000
G1 X-260.891 Y301.493 Z-3.000 F400.000
G2 X-261.891 Y300.493 Z-3.000 I-1.000 J0.000 K0.000 F400.000
G1 X-267.302 Y300.493 Z-3.000 F400.000
G2 X-268.005 Y300.782 Z-3.000 I-0.000 J1.000 K0.000 F400.000
G1 X-276.262 Y308.948 Z-3.000 F400.000
G1 X-286.852 Y298.358 Z-3.000 F400.000
G1 X-276.266 Y287.772 Z-3.000 F400.000
G1 X-267.938 Y296.101 Z-3.000 F400.000
G2 X-267.231 Y296.394 Z-3.000 I0.707 J-0.707 K0.000 F400.000
G1 X-261.814 Y296.394 Z-3.000 F400.000
G2 X-260.814 Y295.394 Z-3.000 I-0.000 J-1.000 K0.000 F400.000
G1 X-260.814 Y264.394 Z-3.000 F400.000
G2 X-261.814 Y263.394 Z-3.000 I-1.000 J0.000 K0.000 F400.000
G1 X-267.302 Y263.394 Z-3.000 F400.000
G2 X-268.009 Y263.687 Z-3.000 I-0.000 J1.000 K0.000 F400.000
G1 X-276.266 Y271.944 Z-3.000 F400.000
G1 X-286.852 Y261.358 Z-3.000 F400.000
G1 X-276.271 Y250.776 Z-3.000 F400.000
G1 X-267.942 Y259.202 Z-3.000 F400.000
G2 X-267.231 Y259.499 Z-3.000 I0.711 J-0.703 K0.000 F400.000
G1 X-261.816 Y259.499 Z-3.000 F400.000
G2 X-260.816 Y258.499 Z-3.000 I-0.000 J-1.000 K0.000 F400.000
G1 X-260.816 Y251.499 Z-3.000 F400.000
G1 X-256.814 Y251.499 Z-3.000 F400.000
G1 X-256.814 Y273.840 Z-3.000 F400.000
G1 X-256.765 Y274.148 Z-3.000 F400.000
G1 X-251.988 Y288.876 Z-3.000 F400.000
G2 X-251.113 Y289.565 Z-3.000 I0.951 J-0.309 K0.000 F400.000
G3 X-228.913 Y309.728 Z-3.000 I-1.098 J23.512 K0.000 F400.000
G1 X-244.503 Y299.437 Z-3.000 F400.000
G2 X-246.054 Y300.284 Z-3.000 I-0.551 J0.835 K0.000 F400.000
G1 X-245.916 Y311.402 Z-3.000 F400.000
G2 X-245.292 Y312.317 Z-3.000 I1.000 J-0.012 K0.000 F400.000
G1 X-228.650 Y319.056 Z-3.000 F400.000
G1 X-228.650 Y319.056 Z-6.000 F400.000
G1 X-228.648 Y324.394 Z-6.000 F400.000
G1 X-245.840 Y319.873 Z-6.000 F400.000
G2 X-247.094 Y320.840 Z-6.000 I-0.254 J0.967 K0.000 F400.000
G1 X-247.094 Y346.987 Z-6.000 F400.000
G2 X-245.815 Y347.947 Z-6.000 I1.000 J-0.000 K0.000 F400.000
G1 X-228.564 Y342.945 Z-6.000 F400.000
G1 X-228.564 Y348.819 Z-6.000 F400.000
G1 X-245.820 Y355.806 Z-6.000 F400.000
G2 X-246.444 Y356.733 Z-6.000 I0.375 J0.927 K0.000 F400.000
G1 X-246.444 Y367.526 Z-6.000 F400.000
G2 X-244.883 Y368.354 Z-6.000 I1.000 J-0.000 K0.000 F400.000
G1 X-228.775 Y357.436 Z-6.000 F400.000
G3 X-251.049 Y378.431 Z-6.000 I-23.376 J-2.486 K0.000 F400.000
G2 X-251.923 Y379.118 Z-6.000 I0.076 J0.997 K0.000 F400.000
G1 X-256.769 Y393.940 Z-6.000 F400.000
G1 X-256.818 Y394.251 Z-6.000 F400.000
G1 X-256.814 Y418.050 Z-6.000 F400.000
G1 X-260.814 Y418.050 Z-6.000 F400.000
G1 X-260.814 Y411.050 Z-6.000 F400.000
G2 X-261.814 Y410.050 Z-6.000 I-1.000 J0.000 K0.000 F400.000
G1 X-267.231 Y410.050 Z-6.000 F400.000
G2 X-267.938 Y410.343 Z-6.000 I-0.000 J1.000 K0.000 F400.000
G1 X-276.266 Y418.671 Z-6.000 F400.000
G1 X-286.852 Y408.086 Z-6.000 F400.000
G1 X-276.266 Y397.500 Z-6.000 F400.000
G1 X-268.009 Y405.757 Z-6.000 F400.000
G2 X-267.302 Y406.050 Z-6.000 I0.707 J-0.707 K0.000 F400.000
G1 X-261.814 Y406.050 Z-6.000 F400.000
G2 X-260.814 Y405.050 Z-6.000 I-0.000 J-1.000 K0.000 F400.000
G1 X-260.814 Y374.050 Z-6.000 F400.000
G2 X-261.814 Y373.050 Z-6.000 I-1.000 J0.000 K0.000 F400.000
G1 X-267.231 Y373.050 Z-6.000 F400.000
G2 X-267.938 Y373.343 Z-6.000 I-0.000 J1.000 K0.000 F400.000
G1 X-276.266 Y381.671 Z-6.000 F400.000
G1 X-286.852 Y371.086 Z-6.000 F400.000
G1 X-276.266 Y360.500 Z-6.000 F400.000
G1 X-268.009 Y368.757 Z-6.000 F400.000
G2 X-267.302 Y369.050 Z-6.000 I0.707 J-0.707 K0.000 F400.000
G1 X-261.801 Y369.050 Z-6.000 F400.000
G2 X-260.801 Y368.052 Z-6.000 I-0.000 J-1.000 K0.000 F400.000
G1 X-260.761 Y349.038 Z-6.000 F400.000
G2 X-260.893 Y348.537 Z-6.000 I-1.000 J-0.002 K0.000 F400.000
G1 X-263.883 Y343.335 Z-6.000 F400.000
G2 X-264.410 Y342.892 Z-6.000 I-0.867 J0.498 K0.000 F400.000
G1 X-278.570 Y337.783 Z-6.000 F400.000
G1 X-278.909 Y337.724 Z-6.000 F400.000
G1 X-282.909 Y337.724 Z-6.000 F400.000
G2 X-283.849 Y338.382 Z-6.000 I-0.000 J1.000 K0.000 F400.000
G1 X-285.662 Y343.362 Z-6.000 F400.000
G1 X-288.961 Y343.362 Z-6.000 F400.000
G1 X-288.961 Y338.362 Z-6.000 F400.000
G2 X-289.961 Y337.362 Z-6.000 I-1.000 J0.000 K0.000 F400.000
G1 X-293.961 Y337.362 Z-6.000 F400.000
G2 X-294.461 Y337.496 Z-6.000 I-0.000 J1.000 K0.000 F400.000
G1 X-309.497 Y346.177 Z-6.000 F400.000
G1 X-325.830 Y334.702 Z-6.000 F400.000
G1 X-309.498 Y323.266 Z-6.000 F400.000
G1 X-294.461 Y331.948 Z-6.000 F400.000
G2 X-293.961 Y332.082 Z-6.000 I0.500 J-0.866 K0.000 F400.000
G1 X-289.961 Y332.082 Z-6.000 F400.000
G2 X-288.961 Y331.082 Z-6.000 I-0.000 J-1.000 K0.000 F400.000
G1 X-288.961 Y326.082 Z-6.000 F400.000
G1 X-285.662 Y326.082 Z-6.000 F400.000
G1 X-283.849 Y331.062 Z-6.000 F400.000
G2 X-282.909 Y331.720 Z-6.000 I0.940 J-0.342 K0.000 F400.000
G1 X-278.909 Y331.720 Z-6.000 F400.000
G1 X-278.579 Y331.664 Z-6.000 F400.000
G1 X-264.645 Y326.784 Z-6.000 F400.000
G2 X-264.109 Y326.341 Z-6.000 I-0.331 J-0.944 K0.000 F400.000
G1 X-261.025 Y320.999 Z-6.000 F400.000
G2 X-260.891 Y320.499 Z-6.000 I-0.866 J-0.500 K0.000 F400.000
G1 X-260.891 Y301.493 Z-6.000 F400.000
G2 X-261.891 Y300.493 Z-6.000 I-1.000 J0.000 K0.000 F400.000
G1 X-267.302 Y300.493 Z-6.000 F400.000
G2 X-268.005 Y300.782 Z-6.000 I-0.000 J1.000 K0.000 F400.000
G1 X-276.262 Y308.948 Z-6.000 F400.000
G1 X-286.852 Y298.358 Z-6.000 F400.000
G1 X-276.266 Y287.772 Z-6.000 F400.000
G1 X-267.938 Y296.101 Z-6.000 F400.000
G2 X-267.231 Y296.394 Z-6.000 I0.707 J-0.707 K0.000 F400.000
G1 X-261.814 Y296.394 Z-6.000 F400.000
G2 X-260.814 Y295.394 Z-6.000 I-0.000 J-1.000 K0.000 F400.000
G1 X-260.814 Y264.394 Z-6.000 F400.000
G2 X-261.814 Y263.394 Z-6.000 I-1.000 J0.000 K0.000 F400.000
G1 X-267.302 Y263.394 Z-6.000 F400.000
G2 X-268.009 Y263.687 Z-6.000 I-0.000 J1.000 K0.000 F400.000
G1 X-276.266 Y271.944 Z-6.000 F400.000
G1 X-286.852 Y261.358 Z-6.000 F400.000
G1 X-276.271 Y250.776 Z-6.000 F400.000
G1 X-267.942 Y259.202 Z-6.000 F400.000
G2 X-267.231 Y259.499 Z-6.000 I0.711 J-0.703 K0.000 F400.000
G1 X-261.816 Y259.499 Z-6.000 F400.000
G2 X-260.816 Y258.499 Z-6.000 I-0.000 J-1.000 K0.000 F400.000
G1 X-260.816 Y251.499 Z-6.000 F400.000
G1 X-256.814 Y251.499 Z-6.000 F400.000
G1 X-256.814 Y273.840 Z-6.000 F400.000
G1 X-256.765 Y274.148 Z-6.000 F400.000
G1 X-251.988 Y288.876 Z-6.000 F400.000
G2 X-251.113 Y289.565 Z-6.000 I0.951 J-0.309 K0.000 F400.000
G3 X-228.913 Y309.728 Z-6.000 I-1.098 J23.512 K0.000 F400.000
G1 X-244.503 Y299.437 Z-6.000 F400.000
G2 X-246.054 Y300.284 Z-6.000 I-0.551 J0.835 K0.000 F400.000
G1 X-245.916 Y311.402 Z-6.000 F400.000
G2 X-245.292 Y312.317 Z-6.000 I1.000 J-0.012 K0.000 F400.000
G1 X-228.650 Y319.056 Z-6.000 F400.000
G0 Z7.000
G0 Z7.000
G0 X-228.650 Y319.056
G0 X-175.769 Y321.529
G0 X-175.769 Y321.529 Z0.000
G1 X-175.769 Y321.529 Z-3.000 F400.000
G1 X-168.769 Y321.529 Z-3.000 F400.000
G1 X-168.545 Y321.504 Z-3.000 F400.000
G1 X-102.229 Y306.260 Z-3.000 F400.000
G1 X-93.400 Y315.841 Z-3.000 F400.000
G1 X-93.400 Y355.153 Z-3.000 F400.000
G1 X-101.770 Y365.129 Z-3.000 F400.000
G1 X-168.542 Y349.556 Z-3.000 F400.000
G1 X-168.769 Y349.529 Z-3.000 F400.000
G1 X-175.769 Y349.529 Z-3.000 F400.000
G1 X-175.769 Y321.529 Z-3.000 F400.000
G1 X-175.769 Y321.529 Z-6.000 F400.000
G1 X-168.769 Y321.529 Z-6.000 F400.000
G1 X-168.545 Y321.504 Z-6.000 F400.000
G1 X-102.229 Y306.260 Z-6.000 F400.000
G1 X-93.400 Y315.841 Z-6.000 F400.000
G1 X-93.400 Y355.153 Z-6.000 F400.000
G1 X-101.770 Y365.129 Z-6.000 F400.000
G1 X-168.542 Y349.556 Z-6.000 F400.000
G1 X-168.769 Y349.529 Z-6.000 F400.000
G1 X-175.769 Y349.529 Z-6.000 F400.000
G1 X-175.769 Y321.529 Z-6.000 F400.000
G0 Z7.000
G0 Z7.000
G0 X-175.769 Y321.529
G0 X-78.400
G0 X-78.400 Z0.000
G1 X-78.400 Y321.529 Z-3.000 F400.000
G1 X-78.400 Y314.755 Z-3.000 F400.000
G3 X-74.396 Y311.897 Z-3.000 I3.000 J-0.031 K0.000 F400.000
G3 X-72.400 Y314.755 Z-3.000 I-1.009 J2.831 K0.000 F400.000
G1 X-72.400 Y354.687 Z-3.000 F400.000
G3 X-78.370 Y355.129 Z-3.000 I-2.999 J0.033 K0.000 F400.000
G1 X-78.400 Y354.687 Z-3.000 F400.000
G1 X-78.400 Y321.529 Z-3.000 F400.000
G1 X-78.400 Y321.529 Z-6.000 F400.000
G1 X-78.400 Y314.755 Z-6.000 F400.000
G3 X-74.396 Y311.897 Z-6.000 I3.000 J-0.031 K0.000 F400.000
G3 X-72.400 Y314.755 Z-6.000 I-1.009 J2.831 K0.000 F400.000
G1 X-72.400 Y354.687 Z-6.000 F400.000
G3 X-78.370 Y355.129 Z-6.000 I-2.999 J0.033 K0.000 F400.000
G1 X-78.400 Y354.687 Z-6.000 F400.000
G1 X-78.400 Y321.529 Z-6.000 F400.000
G0 Z7.000
G0 Z7.000
G0 X-78.400 Y321.529
G0 X-60.400
G0 X-60.400 Z0.000
G1 X-60.400 Y321.529 Z-3.000 F400.000
G1 X-60.400 Y314.755 Z-3.000 F400.000
G3 X-56.396 Y311.896 Z-3.000 I3.000 J-0.031 K0.000 F400.000
G3 X-54.400 Y314.755 Z-3.000 I-1.009 J2.831 K0.000 F400.000
G1 X-54.400 Y354.687 Z-3.000 F400.000
G3 X-60.370 Y355.129 Z-3.000 I-2.999 J0.033 K0.000 F400.000
G1 X-60.400 Y354.687 Z-3.000 F400.000
G1 X-60.400 Y321.529 Z-3.000 F400.000
G1 X-60.400 Y321.529 Z-6.000 F400.000
G1 X-60.400 Y314.755 Z-6.000 F400.000
G3 X-56.396 Y311.896 Z-6.000 I3.000 J-0.031 K0.000 F400.000
G3 X-54.400 Y314.755 Z-6.000 I-1.009 J2.831 K0.000 F400.000
G1 X-54.400 Y354.687 Z-6.000 F400.000
G3 X-60.370 Y355.129 Z-6.000 I-2.999 J0.033 K0.000 F400.000
G1 X-60.400 Y354.687 Z-6.000 F400.000
G1 X-60.400 Y321.529 Z-6.000 F400.000
G0 Z7.000
G0 Z7.000
G0 X-60.400 Y321.529
G0 X-42.400
G0 X-42.400 Z0.000
G1 X-42.400 Y321.529 Z-3.000 F400.000
G1 X-42.400 Y314.755 Z-3.000 F400.000
G3 X-38.396 Y311.896 Z-3.000 I3.000 J-0.031 K0.000 F400.000
G3 X-36.400 Y314.755 Z-3.000 I-1.009 J2.831 K0.000 F400.000
G1 X-36.400 Y354.687 Z-3.000 F400.000
G3 X-42.370 Y355.129 Z-3.000 I-2.999 J0.033 K0.000 F400.000
G1 X-42.400 Y354.687 Z-3.000 F400.000
G1 X-42.400 Y321.529 Z-3.000 F400.000
G1 X-42.400 Y321.529 Z-6.000 F400.000
G1 X-42.400 Y314.755 Z-6.000 F400.000
G3 X-38.396 Y311.896 Z-6.000 I3.000 J-0.031 K0.000 F400.000
G3 X-36.400 Y314.755 Z-6.000 I-1.009 J2.831 K0.000 F400.000
G1 X-36.400 Y354.687 Z-6.000 F400.000
G3 X-42.370 Y355.129 Z-6.000 I-2.999 J0.033 K0.000 F400.000
G1 X-42.400 Y354.687 Z-6.000 F400.000
G1 X-42.400 Y321.529 Z-6.000 F400.000
G0 Z7.000
G0 Z7.000
G0 X-42.400 Y321.529
G0 X-999.105 Y393.975
G0 X-999.105 Y393.975 Z0.000
G1 X-999.105 Y393.975 Z-3.000 F400.000
G1 X-1008.693 Y399.363 Z-3.000 F400.000
G2 X-1009.200 Y400.158 Z-3.000 I0.490 J0.872 K0.000 F400.000
G1 X-1009.408 Y402.864 Z-3.000 F400.000
G1 X-1011.288 Y412.681 Z-3.000 F400.000
G1 X-1013.814 Y418.237 Z-3.000 F400.000
G3 X-1019.485 Y419.191 Z-3.000 I-3.505 J-3.499 K0.000 F400.000
G1 X-1031.750 Y413.313 Z-3.000 F400.000
G1 X-1031.750 Y376.985 Z-3.000 F400.000
G1 X-1018.829 Y368.884 Z-3.000 F400.000
G3 X-1017.683 Y368.060 Z-3.000 I2.938 J2.878 K0.000 F400.000
G3 X-1015.774 Y367.905 Z-3.000 I1.179 J2.693 K0.000 F400.000
G3 X-1013.940 Y369.310 Z-3.000 I-0.736 J2.861 K0.000 F400.000
G1 X-1011.270 Y373.932 Z-3.000 F400.000
G1 X-1009.722 Y380.744 Z-3.000 F400.000
G1 X-1008.878 Y388.128 Z-3.000 F400.000
G2 X-1008.365 Y388.891 Z-3.000 I0.994 J-0.114 K0.000 F400.000
G1 X-999.105 Y393.975 Z-3.000 F400.000
G1 X-999.105 Y393.975 Z-6.000 F400.000
G1 X-1008.693 Y399.363 Z-6.000 F400.000
G2 X-1009.200 Y400.158 Z-6.000 I0.490 J0.872 K0.000 F400.000
G1 X-1009.408 Y402.864 Z-6.000 F400.000
G1 X-1011.288 Y412.681 Z-6.000 F400.000
G1 X-1013.814 Y418.237 Z-6.000 F400.000
G3 X-1019.485 Y419.191 Z-6.000 I-3.505 J-3.499 K0.000 F400.000
G1 X-1031.750 Y413.313 Z-6.000 F400.000
G1 X-1031.750 Y376.985 Z-6.000 F400.000
G1 X-1018.829 Y368.884 Z-6.000 F400.000
G3 X-1017.683 Y368.060 Z-6.000 I2.938 J2.878 K0.000 F400.000
G3 X-1015.774 Y367.905 Z-6.000 I1.179 J2.693 K0.000 F400.000
G3 X-1013.940 Y369.310 Z-6.000 I-0.736 J2.861 K0.000 F400.000
G1 X-1011.270 Y373.932 Z-6.000 F400.000
G1 X-1009.722 Y380.744 Z-6.000 F400.000
G1 X-1008.878 Y388.128 Z-6.000 F400.000
G2 X-1008.365 Y388.891 Z-6.000 I0.994 J-0.114 K0.000 F400.000
G1 X-999.105 Y393.975 Z-6.000 F400.000
G0 Z7.000
G0 Z7.000
(top bottom )
G0 X-999.105 Y393.975
G0 X-1045.212
G0 X-1045.212 Z0.000
G1 X-1045.212 Y393.975 Z-3.000 F400.000
G1 X-1045.212 Y406.956 Z-3.000 F400.000
G1 X-1047.256 Y403.351 Z-3.000 F400.000
G2 X-1050.967 Y403.212 Z-3.000 I-1.903 J1.206 K0.000 F400.000
G3 X-1053.501 Y403.440 Z-3.000 I-3.556 J-25.338 K0.000 F400.000
G3 X-1059.799 Y397.000 Z-3.000 I-0.016 J-6.283 K0.000 F400.000
G2 X-1060.798 Y396.032 Z-3.000 I-0.999 J0.032 K0.000 F400.000
G1 X-1064.798 Y396.032 Z-3.000 F400.000
G2 X-1065.796 Y396.965 Z-3.000 I0.000 J1.000 K0.000 F400.000
G3 X-1067.984 Y399.884 Z-3.000 I-2.961 J0.060 K0.000 F400.000
G1 X-1075.793 Y399.884 Z-3.000 F400.000
G3 X-1077.828 Y397.652 Z-3.000 I-0.028 J-2.018 K0.000 F400.000
G2 X-1078.828 Y396.651 Z-3.000 I-1.000 J-0.001 K0.000 F400.000
G1 X-1086.828 Y396.651 Z-3.000 F400.000
G2 X-1087.826 Y397.583 Z-3.000 I-0.000 J1.000 K0.000 F400.000
G3 X-1090.240 Y400.714 Z-3.000 I-3.159 J0.061 K0.000 F400.000
G1 X-1098.061 Y400.714 Z-3.000 F400.000
G3 X-1100.590 Y397.988 Z-3.000 I-0.028 J-2.511 K0.000 F400.000
G2 X-1101.590 Y397.000 Z-3.000 I-1.000 J0.013 K0.000 F400.000
G1 X-1109.590 Y397.000 Z-3.000 F400.000
G2 X-1110.588 Y397.934 Z-3.000 I0.000 J1.000 K0.000 F400.000
G3 X-1112.700 Y400.770 Z-3.000 I-2.880 J0.060 K0.000 F400.000
G1 X-1120.511 Y400.770 Z-3.000 F400.000
G3 X-1123.692 Y398.166 Z-3.000 I-0.025 J-3.214 K0.000 F400.000
G2 X-1124.654 Y397.439 Z-3.000 I-0.962 J0.273 K0.000 F400.000
G1 X-1132.654 Y397.439 Z-3.000 F400.000
G2 X-1133.652 Y398.378 Z-3.000 I-0.000 J1.000 K0.000 F400.000
G3 X-1136.478 Y402.101 Z-3.000 I-3.791 J0.057 K0.000 F400.000
G1 X-1144.292 Y402.101 Z-3.000 F400.000
G3 X-1146.401 Y398.630 Z-3.000 I-0.029 J-2.358 K0.000 F400.000
G2 X-1147.325 Y397.249 Z-3.000 I-0.924 J-0.382 K0.000 F400.000
G1 X-1155.325 Y397.249 Z-3.000 F400.000
G2 X-1156.323 Y398.181 Z-3.000 I-0.000 J1.000 K0.000 F400.000
G3 X-1158.738 Y401.312 Z-3.000 I-3.159 J0.061 K0.000 F400.000
G1 X-1166.556 Y401.312 Z-3.000 F400.000
G3 X-1168.894 Y398.597 Z-3.000 I-0.029 J-2.339 K0.000 F400.000
G2 X-1169.893 Y397.541 Z-3.000 I-0.998 J-0.056 K0.000 F400.000
G1 X-1177.893 Y397.541 Z-3.000 F400.000
G2 X-1178.890 Y398.473 Z-3.000 I-0.000 J1.000 K0.000 F400.000
G3 X-1181.195 Y401.511 Z-3.000 I-3.075 J0.060 K0.000 F400.000
G1 X-1189.015 Y401.511 Z-3.000 F400.000
G3 X-1193.168 Y398.161 Z-3.000 I-0.023 J-4.221 K0.000 F400.000
G2 X-1194.129 Y397.439 Z-3.000 I-0.961 J0.278 K0.000 F400.000
G1 X-1202.162 Y397.439 Z-3.000 F400.000
G2 X-1203.160 Y398.378 Z-3.000 I0.000 J1.000 K0.000 F400.000
G3 X-1205.979 Y402.102 Z-3.000 I-3.794 J0.057 K0.000 F400.000
G1 X-1213.792 Y402.102 Z-3.000 F400.000
G3 X-1215.901 Y398.631 Z-3.000 I-0.029 J-2.359 K0.000 F400.000
G2 X-1216.825 Y397.249 Z-3.000 I-0.924 J-0.382 K0.000 F400.000
G1 X-1224.825 Y397.249 Z-3.000 F400.000
G2 X-1225.823 Y398.181 Z-3.000 I-0.000 J1.000 K0.000 F400.000
G3 X-1228.238 Y401.312 Z-3.000 I-3.159 J0.061 K0.000 F400.000
G1 X-1236.059 Y401.312 Z-3.000 F400.000
G3 X-1238.834 Y398.480 Z-3.000 I-0.027 J-2.749 K0.000 F400.000
G2 X-1239.832 Y397.543 Z-3.000 I-0.998 J0.063 K0.000 F400.000
G1 X-1247.832 Y397.543 Z-3.000 F400.000
G2 X-1248.829 Y398.470 Z-3.000 I0.000 J1.000 K0.000 F400.000
G3 X-1250.712 Y401.062 Z-3.000 I-2.633 J0.066 K0.000 F400.000
G1 X-1258.508 Y401.062 Z-3.000 F400.000
G3 X-1260.936 Y398.427 Z-3.000 I-0.028 J-2.411 K0.000 F400.000
G2 X-1261.936 Y397.433 Z-3.000 I-1.000 J0.007 K0.000 F400.000
G1 X-1270.832 Y397.433 Z-3.000 F400.000
G2 X-1271.832 Y398.507 Z-3.000 I0.003 J1.006 K0.000 F400.000
G3 X-1273.712 Y401.062 Z-3.000 I-2.627 J0.036 K0.000 F400.000
G1 X-1281.508 Y401.062 Z-3.000 F400.000
G3 X-1283.936 Y398.427 Z-3.000 I-0.028 J-2.411 K0.000 F400.000
(top top )
G2 X-1284.936 Y397.433 Z-3.000 I-1.000 J0.007 K0.000 F400.000
G1 X-1287.936 Y397.433 Z-3.000 F400.000
G1 X-1287.936 Y393.433 Z-3.000 F400.000
G1 X-1284.936 Y393.433 Z-3.000 F400.000
G2 X-1283.937 Y392.477 Z-3.000 I0.000 J-1.000 K0.000 F400.000
G3 X-1281.572 Y390.008 Z-3.000 I2.337 J-0.129 K0.000 F400.000
G1 X-1273.767 Y390.008 Z-3.000 F400.000
G3 X-1271.829 Y392.617 Z-3.000 I-0.702 J2.546 K0.000 F400.000
G2 X-1270.832 Y393.543 Z-3.000 I0.997 J-0.074 K0.000 F400.000
G1 X-1261.936 Y393.543 Z-3.000 F400.000
G2 X-1260.936 Y392.557 Z-3.000 I-0.000 J-1.000 K0.000 F400.000
G3 X-1258.572 Y390.008 Z-3.000 I2.336 J-0.204 K0.000 F400.000
G1 X-1250.767 Y390.008 Z-3.000 F400.000
G3 X-1248.829 Y392.617 Z-3.000 I-0.702 J2.546 K0.000 F400.000
G2 X-1247.832 Y393.543 Z-3.000 I0.997 J-0.074 K0.000 F400.000
G1 X-1239.832 Y393.543 Z-3.000 F400.000
G2 X-1238.846 Y392.375 Z-3.000 I-0.000 J-1.000 K0.000 F400.000
G3 X-1236.331 Y389.135 Z-3.000 I2.487 J-0.665 K0.000 F400.000
G1 X-1228.473 Y389.135 Z-3.000 F400.000
G3 X-1225.823 Y392.313 Z-3.000 I-0.513 J3.122 K0.000 F400.000
G2 X-1224.825 Y393.249 Z-3.000 I0.998 J-0.065 K0.000 F400.000
G1 X-1216.825 Y393.249 Z-3.000 F400.000
G2 X-1215.881 Y391.918 Z-3.000 I-0.000 J-1.000 K0.000 F400.000
G3 X-1213.847 Y388.749 Z-3.000 I2.004 J-0.951 K0.000 F400.000
G1 X-1206.026 Y388.749 Z-3.000 F400.000
G3 X-1203.127 Y392.495 Z-3.000 I-0.899 J3.691 K0.000 F400.000
G2 X-1202.129 Y393.433 Z-3.000 I0.998 J-0.061 K0.000 F400.000
G1 X-1194.129 Y393.433 Z-3.000 F400.000
G2 X-1193.133 Y392.527 Z-3.000 I-0.000 J-1.000 K0.000 F400.000
G3 X-1190.009 Y389.464 Z-3.000 I3.100 J0.037 K0.000 F400.000
G1 X-1182.065 Y389.464 Z-3.000 F400.000
G3 X-1178.890 Y392.607 Z-3.000 I0.087 J3.087 K0.000 F400.000
G2 X-1177.893 Y393.541 Z-3.000 I0.998 J-0.066 K0.000 F400.000
G1 X-1169.893 Y393.541 Z-3.000 F400.000
G2 X-1168.935 Y392.253 Z-3.000 I-0.000 J-1.000 K0.000 F400.000
G3 X-1166.828 Y389.135 Z-3.000 I2.077 J-0.867 K0.000 F400.000
G1 X-1158.973 Y389.135 Z-3.000 F400.000
G3 X-1156.323 Y392.313 Z-3.000 I-0.513 J3.122 K0.000 F400.000
G2 X-1155.325 Y393.249 Z-3.000 I0.998 J-0.065 K0.000 F400.000
G1 X-1147.325 Y393.249 Z-3.000 F400.000
G2 X-1146.381 Y391.921 Z-3.000 I-0.000 J-1.000 K0.000 F400.000
G3 X-1144.347 Y388.763 Z-3.000 I2.003 J-0.944 K0.000 F400.000
G1 X-1136.529 Y388.763 Z-3.000 F400.000
G3 X-1133.652 Y392.500 Z-3.000 I-0.918 J3.682 K0.000 F400.000
G2 X-1132.654 Y393.439 Z-3.000 I0.998 J-0.061 K0.000 F400.000
G1 X-1124.654 Y393.439 Z-3.000 F400.000
G2 X-1123.654 Y392.412 Z-3.000 I0.000 J-1.000 K0.000 F400.000
G3 X-1120.751 Y389.179 Z-3.000 I2.877 J-0.337 K0.000 F400.000
G1 X-1112.910 Y389.179 Z-3.000 F400.000
G3 X-1110.588 Y392.070 Z-3.000 I-0.562 J2.829 K0.000 F400.000
G2 X-1109.590 Y393.000 Z-3.000 I0.998 J-0.070 K0.000 F400.000
G1 X-1101.590 Y393.000 Z-3.000 F400.000
G2 X-1100.621 Y391.755 Z-3.000 I-0.000 J-1.000 K0.000 F400.000
G3 X-1098.332 Y388.537 Z-3.000 I2.260 J-0.815 K0.000 F400.000
G1 X-1090.475 Y388.537 Z-3.000 F400.000
G3 X-1087.826 Y391.715 Z-3.000 I-0.513 J3.122 K0.000 F400.000
G2 X-1086.828 Y392.651 Z-3.000 I0.998 J-0.065 K0.000 F400.000
G1 X-1078.828 Y392.651 Z-3.000 F400.000
G2 X-1077.883 Y391.324 Z-3.000 I-0.000 J-1.000 K0.000 F400.000
G3 X-1075.847 Y388.167 Z-3.000 I2.005 J-0.942 K0.000 F400.000
G1 X-1068.032 Y388.167 Z-3.000 F400.000
G3 X-1065.796 Y391.099 Z-3.000 I-0.726 J2.872 K0.000 F400.000
G2 X-1064.798 Y392.032 Z-3.000 I0.998 J-0.067 K0.000 F400.000
G1 X-1060.798 Y392.032 Z-3.000 F400.000
G2 X-1059.800 Y390.981 Z-3.000 I-0.000 J-1.000 K0.000 F400.000
G3 X-1053.213 Y384.726 Z-3.000 I5.651 J-0.645 K0.000 F400.000
G1 X-1050.911 Y385.100 Z-3.000 F400.000
G2 X-1047.201 Y384.737 Z-3.000 I1.713 J-1.634 K0.000 F400.000
G1 X-1045.212 Y381.601 Z-3.000 F400.000
G1 X-1045.212 Y393.975 Z-3.000 F400.000
G1 X-1045.212 Y393.975 Z-6.000 F400.000
G1 X-1045.212 Y406.956 Z-6.000 F400.000
G1 X-1047.256 Y403.351 Z-6.000 F400.000
G2 X-1050.967 Y403.212 Z-6.000 I-1.903 J1.206 K0.000 F400.000
G3 X-1053.501 Y403.440 Z-6.000 I-3.556 J-25.338 K0.000 F400.000
G3 X-1059.799 Y397.000 Z-6.000 I-0.016 J-6.283 K0.000 F400.000
G2 X-1060.798 Y396.032 Z-6.000 I-0.999 J0.032 K0.000 F400.000
G1 X-1064.798 Y396.032 Z-6.000 F400.000
G2 X-1065.796 Y396.965 Z-6.000 I0.000 J1.000 K0.000 F400.000
G3 X-1067.984 Y399.884 Z-6.000 I-2.961 J0.060 K0.000 F400.000
G1 X-1075.793 Y399.884 Z-6.000 F400.000
G3 X-1077.828 Y397.652 Z-6.000 I-0.028 J-2.018 K0.000 F400.000
G2 X-1078.828 Y396.651 Z-6.000 I-1.000 J-0.001 K0.000 F400.000
G1 X-1086.828 Y396.651 Z-6.000 F400.000
G2 X-1087.826 Y397.583 Z-6.000 I-0.000 J1.000 K0.000 F400.000
G3 X-1090.240 Y400.714 Z-6.000 I-3.159 J0.061 K0.000 F400.000
G1 X-1098.061 Y400.714 Z-6.000 F400.000
G3 X-1100.590 Y397.988 Z-6.000 I-0.028 J-2.511 K0.000 F400.000
G2 X-1101.590 Y397.000 Z-6.000 I-1.000 J0.013 K0.000 F400.000
G1 X-1109.590 Y397.000 Z-6.000 F400.000
G2 X-1110.588 Y397.934 Z-6.000 I0.000 J1.000 K0.000 F400.000
G3 X-1112.700 Y400.770 Z-6.000 I-2.880 J0.060 K0.000 F400.000
G1 X-1120.511 Y400.770 Z-6.000 F400.000
G3 X-1123.692 Y398.166 Z-6.000 I-0.025 J-3.214 K0.000 F400.000
G2 X-1124.654 Y397.439 Z-6.000 I-0.962 J0.273 K0.000 F400.000
G1 X-1132.654 Y397.439 Z-6.000 F400.000
G2 X-1133.652 Y398.378 Z-6.000 I-0.000 J1.000 K0.000 F400.000
G3 X-1136.478 Y402.101 Z-6.000 I-3.791 J0.057 K0.000 F400.000
G1 X-1144.292 Y402.101 Z-6.000 F400.000
G3 X-1146.401 Y398.630 Z-6.000 I-0.029 J-2.358 K0.000 F400.000
G2 X-1147.325 Y397.249 Z-6.000 I-0.924 J-0.382 K0.000 F400.000
G1 X-1155.325 Y397.249 Z-6.000 F400.000
G2 X-1156.323 Y398.181 Z-6.000 I-0.000 J1.000 K0.000 F400.000
G3 X-1158.738 Y401.312 Z-6.000 I-3.159 J0.061 K0.000 F400.000
G1 X-1166.556 Y401.312 Z-6.000 F400.000
G3 X-1168.894 Y398.597 Z-6.000 I-0.029 J-2.339 K0.000 F400.000
G2 X-1169.893 Y397.541 Z-6.000 I-0.998 J-0.056 K0.000 F400.000
G1 X-1177.893 Y397.541 Z-6.000 F400.000
G2 X-1178.890 Y398.473 Z-6.000 I-0.000 J1.000 K0.000 F400.000
G3 X-1181.195 Y401.511 Z-6.000 I-3.075 J0.060 K0.000 F400.000
G1 X-1189.015 Y401.511 Z-6.000 F400.000
G3 X-1193.168 Y398.161 Z-6.000 I-0.023 J-4.221 K0.000 F400.000
G2 X-1194.129 Y397.439 Z-6.000 I-0.961 J0.278 K0.000 F400.000
G1 X-1202.162 Y397.439 Z-6.000 F400.000
G2 X-1203.160 Y398.378 Z-6.000 I0.000 J1.000 K0.000 F400.000
G3 X-1205.979 Y402.102 Z-6.000 I-3.794 J0.057 K0.000 F400.000
G1 X-1213.792 Y402.102 Z-6.000 F400.000
G3 X-1215.901 Y398.631 Z-6.000 I-0.029 J-2.359 K0.000 F400.000
G2 X-1216.825 Y397.249 Z-6.000 I-0.924 J-0.382 K0.000 F400.000
G1 X-1224.825 Y397.249 Z-6.000 F400.000
G2 X-1225.823 Y398.181 Z-6.000 I-0.000 J1.000 K0.000 F400.000
G3 X-1228.238 Y401.312 Z-6.000 I-3.159 J0.061 K0.000 F400.000
G1 X-1236.059 Y401.312 Z-6.000 F400.000
G3 X-1238.834 Y398.480 Z-6.000 I-0.027 J-2.749 K0.000 F400.000
G2 X-1239.832 Y397.543 Z-6.000 I-0.998 J0.063 K0.000 F400.000
G1 X-1247.832 Y397.543 Z-6.000 F400.000
G2 X-1248.829 Y398.470 Z-6.000 I0.000 J1.000 K0.000 F400.000
G3 X-1250.712 Y401.062 Z-6.000 I-2.633 J0.066 K0.000 F400.000
G1 X-1258.508 Y401.062 Z-6.000 F400.000
G3 X-1260.936 Y398.427 Z-6.000 I-0.028 J-2.411 K0.000 F400.000
G2 X-1261.936 Y397.433 Z-6.000 I-1.000 J0.007 K0.000 F400.000
G1 X-1270.832 Y397.433 Z-6.000 F400.000
G2 X-1271.832 Y398.507 Z-6.000 I0.003 J1.006 K0.000 F400.000
G3 X-1273.712 Y401.062 Z-6.000 I-2.627 J0.036 K0.000 F400.000
G1 X-1281.508 Y401.062 Z-6.000 F400.000
G3 X-1283.936 Y398.427 Z-6.000 I-0.028 J-2.411 K0.000 F400.000
G2 X-1284.936 Y397.433 Z-6.000 I-1.000 J0.007 K0.000 F400.000
G1 X-1287.936 Y397.433 Z-6.000 F400.000
G1 X-1287.936 Y393.433 Z-6.000 F400.000
G1 X-1284.936 Y393.433 Z-6.000 F400.000
G2 X-1283.937 Y392.477 Z-6.000 I0.000 J-1.000 K0.000 F400.000
G3 X-1281.572 Y390.008 Z-6.000 I2.337 J-0.129 K0.000 F400.000
G1 X-1273.767 Y390.008 Z-6.000 F400.000
G3 X-1271.829 Y392.617 Z-6.000 I-0.702 J2.546 K0.000 F400.000
G2 X-1270.832 Y393.543 Z-6.000 I0.997 J-0.074 K0.000 F400.000
G1 X-1261.936 Y393.543 Z-6.000 F400.000
G2 X-1260.936 Y392.557 Z-6.000 I-0.000 J-1.000 K0.000 F400.000
G3 X-1258.572 Y390.008 Z-6.000 I2.336 J-0.204 K0.000 F400.000
G1 X-1250.767 Y390.008 Z-6.000 F400.000
G3 X-1248.829 Y392.617 Z-6.000 I-0.702 J2.546 K0.000 F400.000
G2 X-1247.832 Y393.543 Z-6.000 I0.997 J-0.074 K0.000 F400.000
G1 X-1239.832 Y393.543 Z-6.000 F400.000
G2 X-1238.846 Y392.375 Z-6.000 I-0.000 J-1.000 K0.000 F400.000
G3 X-1236.331 Y389.135 Z-6.000 I2.487 J-0.665 K0.000 F400.000
G1 X-1228.473 Y389.135 Z-6.000 F400.000
G3 X-1225.823 Y392.313 Z-6.000 I-0.513 J3.122 K0.000 F400.000
G2 X-1224.825 Y393.249 Z-6.000 I0.998 J-0.065 K0.000 F400.000
G1 X-1216.825 Y393.249 Z-6.000 F400.000
G2 X-1215.881 Y391.918 Z-6.000 I-0.000 J-1.000 K0.000 F400.000
G3 X-1213.847 Y388.749 Z-6.000 I2.004 J-0.951 K0.000 F400.000
G1 X-1206.026 Y388.749 Z-6.000 F400.000
G3 X-1203.127 Y392.495 Z-6.000 I-0.899 J3.691 K0.000 F400.000
G2 X-1202.129 Y393.433 Z-6.000 I0.998 J-0.061 K0.000 F400.000
G1 X-1194.129 Y393.433 Z-6.000 F400.000
G2 X-1193.133 Y392.527 Z-6.000 I-0.000 J-1.000 K0.000 F400.000
G3 X-1190.009 Y389.464 Z-6.000 I3.100 J0.037 K0.000 F400.000
G1 X-1182.065 Y389.464 Z-6.000 F400.000
G3 X-1178.890 Y392.607 Z-6.000 I0.087 J3.087 K0.000 F400.000
G2 X-1177.893 Y393.541 Z-6.000 I0.998 J-0.066 K0.000 F400.000
G1 X-1169.893 Y393.541 Z-6.000 F400.000
G2 X-1168.935 Y392.253 Z-6.000 I-0.000 J-1.000 K0.000 F400.000
G3 X-1166.828 Y389.135 Z-6.000 I2.077 J-0.867 K0.000 F400.000
G1 X-1158.973 Y389.135 Z-6.000 F400.000
G3 X-1156.323 Y392.313 Z-6.000 I-0.513 J3.122 K0.000 F400.000
G2 X-1155.325 Y393.249 Z-6.000 I0.998 J-0.065 K0.000 F400.000
G1 X-1147.325 Y393.249 Z-6.000 F400.000
G2 X-1146.381 Y391.921 Z-6.000 I-0.000 J-1.000 K0.000 F400.000
G3 X-1144.347 Y388.763 Z-6.000 I2.003 J-0.944 K0.000 F400.000
G1 X-1136.529 Y388.763 Z-6.000 F400.000
G3 X-1133.652 Y392.500 Z-6.000 I-0.918 J3.682 K0.000 F400.000
G2 X-1132.654 Y393.439 Z-6.000 I0.998 J-0.061 K0.000 F400.000
G1 X-1124.654 Y393.439 Z-6.000 F400.000
G2 X-1123.654 Y392.412 Z-6.000 I0.000 J-1.000 K0.000 F400.000
G3 X-1120.751 Y389.179 Z-6.000 I2.877 J-0.337 K0.000 F400.000
G1 X-1112.910 Y389.179 Z-6.000 F400.000
G3 X-1110.588 Y392.070 Z-6.000 I-0.562 J2.829 K0.000 F400.000
G2 X-1109.590 Y393.000 Z-6.000 I0.998 J-0.070 K0.000 F400.000
G1 X-1101.590 Y393.000 Z-6.000 F400.000
G2 X-1100.621 Y391.755 Z-6.000 I-0.000 J-1.000 K0.000 F400.000
G3 X-1098.332 Y388.537 Z-6.000 I2.260 J-0.815 K0.000 F400.000
G1 X-1090.475 Y388.537 Z-6.000 F400.000
G3 X-1087.826 Y391.715 Z-6.000 I-0.513 J3.122 K0.000 F400.000
G2 X-1086.828 Y392.651 Z-6.000 I0.998 J-0.065 K0.000 F400.000
G1 X-1078.828 Y392.651 Z-6.000 F400.000
G2 X-1077.883 Y391.324 Z-6.000 I-0.000 J-1.000 K0.000 F400.000
G3 X-1075.847 Y388.167 Z-6.000 I2.005 J-0.942 K0.000 F400.000
G1 X-1068.032 Y388.167 Z-6.000 F400.000
G3 X-1065.796 Y391.099 Z-6.000 I-0.726 J2.872 K0.000 F400.000
G2 X-1064.798 Y392.032 Z-6.000 I0.998 J-0.067 K0.000 F400.000
G1 X-1060.798 Y392.032 Z-6.000 F400.000
G2 X-1059.800 Y390.981 Z-6.000 I-0.000 J-1.000 K0.000 F400.000
G3 X-1053.213 Y384.726 Z-6.000 I5.651 J-0.645 K0.000 F400.000
G1 X-1050.911 Y385.100 Z-6.000 F400.000
G2 X-1047.201 Y384.737 Z-6.000 I1.713 J-1.634 K0.000 F400.000
G1 X-1045.212 Y381.601 Z-6.000 F400.000
G1 X-1045.212 Y393.975 Z-6.000 F400.000
G0 Z7.000
G0 Z7.000
G0 X-1045.212 Y393.975
G0 X-1156.244 Y291.637
G0 X-1156.244 Y291.637 Z0.000
G1 X-1156.244 Y291.637 Z-3.000 F400.000
G3 X-1160.589 Y291.628 Z-3.000 I-2.168 J-1.998 K0.000 F400.000
G1 X-1160.735 Y291.516 Z-3.000 F400.000
G1 X-1173.655 Y283.415 Z-3.000 F400.000
G1 X-1173.655 Y247.087 Z-3.000 F400.000
G1 X-1161.391 Y241.209 Z-3.000 F400.000
G3 X-1158.040 Y240.852 Z-3.000 I2.171 J4.479 K0.000 F400.000
G3 X-1155.719 Y242.163 Z-3.000 I-1.135 J4.721 K0.000 F400.000
G1 X-1153.194 Y247.719 Z-3.000 F400.000
G1 X-1151.314 Y257.536 Z-3.000 F400.000
G1 X-1151.106 Y260.242 Z-3.000 F400.000
G2 X-1150.598 Y261.037 Z-3.000 I0.997 J-0.077 K0.000 F400.000
G1 X-1141.010 Y266.425 Z-3.000 F400.000
G1 X-1150.271 Y271.509 Z-3.000 F400.000
G2 X-1150.783 Y272.272 Z-3.000 I0.481 J0.877 K0.000 F400.000
G1 X-1151.627 Y279.656 Z-3.000 F400.000
G1 X-1153.175 Y286.468 Z-3.000 F400.000
G1 X-1155.846 Y291.090 Z-3.000 F400.000
G3 X-1156.244 Y291.637 Z-3.000 I-2.566 J-1.452 K0.000 F400.000
G1 X-1156.244 Y291.637 Z-6.000 F400.000
G3 X-1160.589 Y291.628 Z-6.000 I-2.168 J-1.998 K0.000 F400.000
G1 X-1160.735 Y291.516 Z-6.000 F400.000
G1 X-1173.655 Y283.415 Z-6.000 F400.000
G1 X-1173.655 Y247.087 Z-6.000 F400.000
G1 X-1161.391 Y241.209 Z-6.000 F400.000
G3 X-1158.040 Y240.852 Z-6.000 I2.171 J4.479 K0.000 F400.000
G3 X-1155.719 Y242.163 Z-6.000 I-1.135 J4.721 K0.000 F400.000
G1 X-1153.194 Y247.719 Z-6.000 F400.000
G1 X-1151.314 Y257.536 Z-6.000 F400.000
G1 X-1151.106 Y260.242 Z-6.000 F400.000
G2 X-1150.598 Y261.037 Z-6.000 I0.997 J-0.077 K0.000 F400.000
G1 X-1141.010 Y266.425 Z-6.000 F400.000
G1 X-1150.271 Y271.509 Z-6.000 F400.000
G2 X-1150.783 Y272.272 Z-6.000 I0.481 J0.877 K0.000 F400.000
G1 X-1151.627 Y279.656 Z-6.000 F400.000
G1 X-1153.175 Y286.468 Z-6.000 F400.000
G1 X-1155.846 Y291.090 Z-6.000 F400.000
G3 X-1156.244 Y291.637 Z-6.000 I-2.566 J-1.452 K0.000 F400.000
G0 Z7.000
G0 Z7.000
G0 X-1156.244 Y291.637
G0 X-1187.118 Y278.804
G0 X-1187.118 Y278.804 Z0.000
G1 X-1187.118 Y278.804 Z-3.000 F400.000
G1 X-1189.172 Y275.571 Z-3.000 F400.000
G2 X-1192.816 Y275.300 Z-3.000 I-1.933 J1.357 K0.000 F400.000
G1 X-1195.119 Y275.674 Z-3.000 F400.000
G3 X-1201.705 Y269.419 Z-3.000 I-0.935 J-5.610 K0.000 F400.000
G2 X-1202.704 Y268.368 Z-3.000 I-0.999 J-0.051 K0.000 F400.000
G1 X-1206.704 Y268.368 Z-3.000 F400.000
G2 X-1207.702 Y269.301 Z-3.000 I-0.000 J1.000 K0.000 F400.000
G3 X-1209.937 Y272.233 Z-3.000 I-2.962 J0.060 K0.000 F400.000
G1 X-1217.753 Y272.233 Z-3.000 F400.000
G3 X-1219.788 Y269.076 Z-3.000 I-0.030 J-2.215 K0.000 F400.000
G2 X-1220.733 Y267.749 Z-3.000 I-0.945 J-0.327 K0.000 F400.000
G1 X-1228.733 Y267.749 Z-3.000 F400.000
G2 X-1229.731 Y268.685 Z-3.000 I-0.000 J1.000 K0.000 F400.000
G3 X-1232.381 Y271.863 Z-3.000 I-3.161 J0.058 K0.000 F400.000
G1 X-1240.237 Y271.863 Z-3.000 F400.000
G3 X-1242.526 Y268.645 Z-3.000 I-0.028 J-2.403 K0.000 F400.000
G2 X-1243.496 Y267.400 Z-3.000 I-0.970 J-0.245 K0.000 F400.000
G1 X-1251.496 Y267.400 Z-3.000 F400.000
G2 X-1252.493 Y268.330 Z-3.000 I-0.000 J1.000 K0.000 F400.000
G3 X-1254.815 Y271.221 Z-3.000 I-2.884 J0.061 K0.000 F400.000
G1 X-1262.656 Y271.221 Z-3.000 F400.000
G3 X-1265.560 Y267.988 Z-3.000 I-0.027 J-2.896 K0.000 F400.000
G2 X-1266.559 Y266.961 Z-3.000 I-1.000 J-0.027 K0.000 F400.000
G1 X-1274.559 Y266.961 Z-3.000 F400.000
G2 X-1275.558 Y267.900 Z-3.000 I0.000 J1.000 K0.000 F400.000
G3 X-1278.434 Y271.637 Z-3.000 I-3.792 J0.057 K0.000 F400.000
G1 X-1286.253 Y271.637 Z-3.000 F400.000
G3 X-1288.286 Y268.479 Z-3.000 I-0.030 J-2.215 K0.000 F400.000
G2 X-1289.231 Y267.151 Z-3.000 I-0.945 J-0.328 K0.000 F400.000
G1 X-1292.231 Y267.151 Z-3.000 F400.000
G1 X-1292.231 Y263.151 Z-3.000 F400.000
G1 X-1289.231 Y263.151 Z-3.000 F400.000
G2 X-1288.307 Y261.770 Z-3.000 I-0.000 J-1.000 K0.000 F400.000
G3 X-1286.198 Y258.299 Z-3.000 I2.080 J-1.113 K0.000 F400.000
G1 X-1278.383 Y258.299 Z-3.000 F400.000
G3 X-1275.558 Y262.022 Z-3.000 I-0.968 J3.669 K0.000 F400.000
G2 X-1274.559 Y262.961 Z-3.000 I0.998 J-0.061 K0.000 F400.000
G1 X-1266.559 Y262.961 Z-3.000 F400.000
G2 X-1265.597 Y262.234 Z-3.000 I-0.000 J-1.000 K0.000 F400.000
G3 X-1262.416 Y259.630 Z-3.000 I3.156 J0.610 K0.000 F400.000
G1 X-1254.606 Y259.630 Z-3.000 F400.000
G3 X-1252.494 Y262.466 Z-3.000 I-0.768 J2.776 K0.000 F400.000
G2 X-1251.496 Y263.400 Z-3.000 I0.998 J-0.066 K0.000 F400.000
G1 X-1243.496 Y263.400 Z-3.000 F400.000
G2 X-1242.496 Y262.412 Z-3.000 I-0.000 J-1.000 K0.000 F400.000
G3 X-1239.966 Y259.686 Z-3.000 I2.501 J-0.216 K0.000 F400.000
G1 X-1232.146 Y259.686 Z-3.000 F400.000
G3 X-1229.731 Y262.817 Z-3.000 I-0.744 J3.071 K0.000 F400.000
G2 X-1228.733 Y263.749 Z-3.000 I0.998 J-0.068 K0.000 F400.000
G1 X-1220.733 Y263.749 Z-3.000 F400.000
G2 X-1219.733 Y262.748 Z-3.000 I-0.000 J-1.000 K0.000 F400.000
G3 X-1217.699 Y260.516 Z-3.000 I2.006 J-0.215 K0.000 F400.000
G1 X-1209.890 Y260.516 Z-3.000 F400.000
G3 X-1207.702 Y263.435 Z-3.000 I-0.773 J2.859 K0.000 F400.000
G2 X-1206.704 Y264.368 Z-3.000 I0.998 J-0.067 K0.000 F400.000
G1 X-1202.704 Y264.368 Z-3.000 F400.000
G2 X-1201.704 Y263.400 Z-3.000 I0.000 J-1.000 K0.000 F400.000
G3 X-1194.758 Y256.994 Z-3.000 I6.283 J-0.157 K0.000 F400.000
G1 X-1192.873 Y257.188 Z-3.000 F400.000
G2 X-1189.100 Y256.952 Z-3.000 I1.810 J-1.350 K0.000 F400.000
G1 X-1187.118 Y253.450 Z-3.000 F400.000
G1 X-1187.118 Y278.804 Z-3.000 F400.000
G1 X-1187.118 Y278.804 Z-6.000 F400.000
G1 X-1189.172 Y275.571 Z-6.000 F400.000
G2 X-1192.816 Y275.300 Z-6.000 I-1.933 J1.357 K0.000 F400.000
G1 X-1195.119 Y275.674 Z-6.000 F400.000
G3 X-1201.705 Y269.419 Z-6.000 I-0.935 J-5.610 K0.000 F400.000
G2 X-1202.704 Y268.368 Z-6.000 I-0.999 J-0.051 K0.000 F400.000
G1 X-1206.704 Y268.368 Z-6.000 F400.000
G2 X-1207.702 Y269.301 Z-6.000 I-0.000 J1.000 K0.000 F400.000
G3 X-1209.937 Y272.233 Z-6.000 I-2.962 J0.060 K0.000 F400.000
G1 X-1217.753 Y272.233 Z-6.000 F400.000
G3 X-1219.788 Y269.076 Z-6.000 I-0.030 J-2.215 K0.000 F400.000
G2 X-1220.733 Y267.749 Z-6.000 I-0.945 J-0.327 K0.000 F400.000
G1 X-1228.733 Y267.749 Z-6.000 F400.000
G2 X-1229.731 Y268.685 Z-6.000 I-0.000 J1.000 K0.000 F400.000
G3 X-1232.381 Y271.863 Z-6.000 I-3.161 J0.058 K0.000 F400.000
G1 X-1240.237 Y271.863 Z-6.000 F400.000
G3 X-1242.526 Y268.645 Z-6.000 I-0.028 J-2.403 K0.000 F400.000
G2 X-1243.496 Y267.400 Z-6.000 I-0.970 J-0.245 K0.000 F400.000
G1 X-1251.496 Y267.400 Z-6.000 F400.000
G2 X-1252.493 Y268.330 Z-6.000 I-0.000 J1.000 K0.000 F400.000
G3 X-1254.815 Y271.221 Z-6.000 I-2.884 J0.061 K0.000 F400.000
G1 X-1262.656 Y271.221 Z-6.000 F400.000
G3 X-1265.560 Y267.988 Z-6.000 I-0.027 J-2.896 K0.000 F400.000
G2 X-1266.559 Y266.961 Z-6.000 I-1.000 J-0.027 K0.000 F400.000
G1 X-1274.559 Y266.961 Z-6.000 F400.000
G2 X-1275.558 Y267.900 Z-6.000 I0.000 J1.000 K0.000 F400.000
G3 X-1278.434 Y271.637 Z-6.000 I-3.792 J0.057 K0.000 F400.000
G1 X-1286.253 Y271.637 Z-6.000 F400.000
G3 X-1288.286 Y268.479 Z-6.000 I-0.030 J-2.215 K0.000 F400.000
G2 X-1289.231 Y267.151 Z-6.000 I-0.945 J-0.328 K0.000 F400.000
G1 X-1292.231 Y267.151 Z-6.000 F400.000
G1 X-1292.231 Y263.151 Z-6.000 F400.000
G1 X-1289.231 Y263.151 Z-6.000 F400.000
G2 X-1288.307 Y261.770 Z-6.000 I-0.000 J-1.000 K0.000 F400.000
G3 X-1286.198 Y258.299 Z-6.000 I2.080 J-1.113 K0.000 F400.000
G1 X-1278.383 Y258.299 Z-6.000 F400.000
G3 X-1275.558 Y262.022 Z-6.000 I-0.968 J3.669 K0.000 F400.000
G2 X-1274.559 Y262.961 Z-6.000 I0.998 J-0.061 K0.000 F400.000
G1 X-1266.559 Y262.961 Z-6.000 F400.000
G2 X-1265.597 Y262.234 Z-6.000 I-0.000 J-1.000 K0.000 F400.000
G3 X-1262.416 Y259.630 Z-6.000 I3.156 J0.610 K0.000 F400.000
G1 X-1254.606 Y259.630 Z-6.000 F400.000
G3 X-1252.494 Y262.466 Z-6.000 I-0.768 J2.776 K0.000 F400.000
G2 X-1251.496 Y263.400 Z-6.000 I0.998 J-0.066 K0.000 F400.000
G1 X-1243.496 Y263.400 Z-6.000 F400.000
G2 X-1242.496 Y262.412 Z-6.000 I-0.000 J-1.000 K0.000 F400.000
G3 X-1239.966 Y259.686 Z-6.000 I2.501 J-0.216 K0.000 F400.000
G1 X-1232.146 Y259.686 Z-6.000 F400.000
G3 X-1229.731 Y262.817 Z-6.000 I-0.744 J3.071 K0.000 F400.000
G2 X-1228.733 Y263.749 Z-6.000 I0.998 J-0.068 K0.000 F400.000
G1 X-1220.733 Y263.749 Z-6.000 F400.000
G2 X-1219.733 Y262.748 Z-6.000 I-0.000 J-1.000 K0.000 F400.000
G3 X-1217.699 Y260.516 Z-6.000 I2.006 J-0.215 K0.000 F400.000
G1 X-1209.890 Y260.516 Z-6.000 F400.000
G3 X-1207.702 Y263.435 Z-6.000 I-0.773 J2.859 K0.000 F400.000
G2 X-1206.704 Y264.368 Z-6.000 I0.998 J-0.067 K0.000 F400.000
G1 X-1202.704 Y264.368 Z-6.000 F400.000
G2 X-1201.704 Y263.400 Z-6.000 I0.000 J-1.000 K0.000 F400.000
G3 X-1194.758 Y256.994 Z-6.000 I6.283 J-0.157 K0.000 F400.000
G1 X-1192.873 Y257.188 Z-6.000 F400.000
G2 X-1189.100 Y256.952 Z-6.000 I1.810 J-1.350 K0.000 F400.000
G1 X-1187.118 Y253.450 Z-6.000 F400.000
G1 X-1187.118 Y278.804 Z-6.000 F400.000
G0 Z7.000
G0 Z7.000
G0 X-1187.118 Y278.804
G0 Y203.756
G0 Y203.756 Z0.000
G1 X-1187.118 Y203.756 Z-3.000 F400.000
G1 X-1189.162 Y200.151 Z-3.000 F400.000
G2 X-1192.873 Y200.012 Z-3.000 I-1.903 J1.206 K0.000 F400.000
G3 X-1195.407 Y200.240 Z-3.000 I-3.556 J-25.338 K0.000 F400.000
G3 X-1201.704 Y193.800 Z-3.000 I-0.016 J-6.283 K0.000 F400.000
G2 X-1202.704 Y192.832 Z-3.000 I-0.999 J0.032 K0.000 F400.000
G1 X-1206.704 Y192.832 Z-3.000 F400.000
G2 X-1207.702 Y193.765 Z-3.000 I0.000 J1.000 K0.000 F400.000
G3 X-1209.890 Y196.684 Z-3.000 I-2.961 J0.060 K0.000 F400.000
G1 X-1217.699 Y196.684 Z-3.000 F400.000
G3 X-1219.733 Y194.452 Z-3.000 I-0.028 J-2.018 K0.000 F400.000
G2 X-1220.733 Y193.451 Z-3.000 I-1.000 J-0.001 K0.000 F400.000
G1 X-1228.733 Y193.451 Z-3.000 F400.000
G2 X-1229.731 Y194.383 Z-3.000 I-0.000 J1.000 K0.000 F400.000
G3 X-1232.146 Y197.514 Z-3.000 I-3.159 J0.061 K0.000 F400.000
G1 X-1239.966 Y197.514 Z-3.000 F400.000
G3 X-1242.496 Y194.788 Z-3.000 I-0.028 J-2.511 K0.000 F400.000
G2 X-1243.496 Y193.800 Z-3.000 I-1.000 J0.013 K0.000 F400.000
G1 X-1251.496 Y193.800 Z-3.000 F400.000
G2 X-1252.494 Y194.734 Z-3.000 I0.000 J1.000 K0.000 F400.000
G3 X-1254.606 Y197.570 Z-3.000 I-2.880 J0.060 K0.000 F400.000
G1 X-1262.416 Y197.570 Z-3.000 F400.000
G3 X-1265.597 Y194.966 Z-3.000 I-0.025 J-3.214 K0.000 F400.000
G2 X-1266.559 Y194.239 Z-3.000 I-0.962 J0.273 K0.000 F400.000
G1 X-1274.559 Y194.239 Z-3.000 F400.000
G2 X-1275.558 Y195.178 Z-3.000 I-0.000 J1.000 K0.000 F400.000
G3 X-1278.383 Y198.901 Z-3.000 I-3.791 J0.057 K0.000 F400.000
G1 X-1286.198 Y198.901 Z-3.000 F400.000
G3 X-1288.307 Y195.430 Z-3.000 I-0.029 J-2.358 K0.000 F400.000
G2 X-1289.231 Y194.049 Z-3.000 I-0.924 J-0.382 K0.000 F400.000
G1 X-1292.231 Y194.049 Z-3.000 F400.000
G1 X-1292.231 Y190.049 Z-3.000 F400.000
G1 X-1289.231 Y190.049 Z-3.000 F400.000
G2 X-1288.286 Y188.721 Z-3.000 I-0.000 J-1.000 K0.000 F400.000
G3 X-1286.253 Y185.563 Z-3.000 I2.003 J-0.944 K0.000 F400.000
G1 X-1278.434 Y185.563 Z-3.000 F400.000
G3 X-1275.558 Y189.300 Z-3.000 I-0.918 J3.682 K0.000 F400.000
G2 X-1274.559 Y190.239 Z-3.000 I0.998 J-0.061 K0.000 F400.000
G1 X-1266.559 Y190.239 Z-3.000 F400.000
G2 X-1265.560 Y189.212 Z-3.000 I0.000 J-1.000 K0.000 F400.000
G3 X-1262.656 Y185.979 Z-3.000 I2.877 J-0.337 K0.000 F400.000
G1 X-1254.815 Y185.979 Z-3.000 F400.000
G3 X-1252.493 Y188.870 Z-3.000 I-0.562 J2.829 K0.000 F400.000
G2 X-1251.496 Y189.800 Z-3.000 I0.998 J-0.070 K0.000 F400.000
G1 X-1243.496 Y189.800 Z-3.000 F400.000
G2 X-1242.526 Y188.555 Z-3.000 I-0.000 J-1.000 K0.000 F400.000
G3 X-1240.237 Y185.337 Z-3.000 I2.260 J-0.815 K0.000 F400.000
G1 X-1232.381 Y185.337 Z-3.000 F400.000
G3 X-1229.731 Y188.515 Z-3.000 I-0.513 J3.122 K0.000 F400.000
G2 X-1228.733 Y189.451 Z-3.000 I0.998 J-0.065 K0.000 F400.000
G1 X-1220.733 Y189.451 Z-3.000 F400.000
G2 X-1219.788 Y188.124 Z-3.000 I-0.000 J-1.000 K0.000 F400.000
G3 X-1217.753 Y184.967 Z-3.000 I2.005 J-0.942 K0.000 F400.000
G1 X-1209.937 Y184.967 Z-3.000 F400.000
G3 X-1207.702 Y187.899 Z-3.000 I-0.726 J2.872 K0.000 F400.000
G2 X-1206.704 Y188.832 Z-3.000 I0.998 J-0.067 K0.000 F400.000
G1 X-1202.704 Y188.832 Z-3.000 F400.000
G2 X-1201.705 Y187.781 Z-3.000 I-0.000 J-1.000 K0.000 F400.000
G3 X-1195.119 Y181.526 Z-3.000 I5.651 J-0.645 K0.000 F400.000
G1 X-1192.816 Y181.900 Z-3.000 F400.000
G2 X-1189.107 Y181.537 Z-3.000 I1.713 J-1.634 K0.000 F400.000
G1 X-1187.118 Y178.401 Z-3.000 F400.000
G1 X-1187.118 Y203.756 Z-3.000 F400.000
G1 X-1187.118 Y203.756 Z-6.000 F400.000
G1 X-1189.162 Y200.151 Z-6.000 F400.000
G2 X-1192.873 Y200.012 Z-6.000 I-1.903 J1.206 K0.000 F400.000
G3 X-1195.407 Y200.240 Z-6.000 I-3.556 J-25.338 K0.000 F400.000
G3 X-1201.704 Y193.800 Z-6.000 I-0.016 J-6.283 K0.000 F400.000
G2 X-1202.704 Y192.832 Z-6.000 I-0.999 J0.032 K0.000 F400.000
G1 X-1206.704 Y192.832 Z-6.000 F400.000
G2 X-1207.702 Y193.765 Z-6.000 I0.000 J1.000 K0.000 F400.000
G3 X-1209.890 Y196.684 Z-6.000 I-2.961 J0.060 K0.000 F400.000
G1 X-1217.699 Y196.684 Z-6.000 F400.000
G3 X-1219.733 Y194.452 Z-6.000 I-0.028 J-2.018 K0.000 F400.000
G2 X-1220.733 Y193.451 Z-6.000 I-1.000 J-0.001 K0.000 F400.000
G1 X-1228.733 Y193.451 Z-6.000 F400.000
G2 X-1229.731 Y194.383 Z-6.000 I-0.000 J1.000 K0.000 F400.000
G3 X-1232.146 Y197.514 Z-6.000 I-3.159 J0.061 K0.000 F400.000
G1 X-1239.966 Y197.514 Z-6.000 F400.000
G3 X-1242.496 Y194.788 Z-6.000 I-0.028 J-2.511 K0.000 F400.000
G2 X-1243.496 Y193.800 Z-6.000 I-1.000 J0.013 K0.000 F400.000
G1 X-1251.496 Y193.800 Z-6.000 F400.000
G2 X-1252.494 Y194.734 Z-6.000 I0.000 J1.000 K0.000 F400.000
G3 X-1254.606 Y197.570 Z-6.000 I-2.880 J0.060 K0.000 F400.000
G1 X-1262.416 Y197.570 Z-6.000 F400.000
G3 X-1265.597 Y194.966 Z-6.000 I-0.025 J-3.214 K0.000 F400.000
G2 X-1266.559 Y194.239 Z-6.000 I-0.962 J0.273 K0.000 F400.000
G1 X-1274.559 Y194.239 Z-6.000 F400.000
G2 X-1275.558 Y195.178 Z-6.000 I-0.000 J1.000 K0.000 F400.000
G3 X-1278.383 Y198.901 Z-6.000 I-3.791 J0.057 K0.000 F400.000
G1 X-1286.198 Y198.901 Z-6.000 F400.000
G3 X-1288.307 Y195.430 Z-6.000 I-0.029 J-2.358 K0.000 F400.000
G2 X-1289.231 Y194.049 Z-6.000 I-0.924 J-0.382 K0.000 F400.000
G1 X-1292.231 Y194.049 Z-6.000 F400.000
G1 X-1292.231 Y190.049 Z-6.000 F400.000
G1 X-1289.231 Y190.049 Z-6.000 F400.000
G2 X-1288.286 Y188.721 Z-6.000 I-0.000 J-1.000 K0.000 F400.000
G3 X-1286.253 Y185.563 Z-6.000 I2.003 J-0.944 K0.000 F400.000
G1 X-1278.434 Y185.563 Z-6.000 F400.000
G3 X-1275.558 Y189.300 Z-6.000 I-0.918 J3.682 K0.000 F400.000
G2 X-1274.559 Y190.239 Z-6.000 I0.998 J-0.061 K0.000 F400.000
G1 X-1266.559 Y190.239 Z-6.000 F400.000
G2 X-1265.560 Y189.212 Z-6.000 I0.000 J-1.000 K0.000 F400.000
G3 X-1262.656 Y185.979 Z-6.000 I2.877 J-0.337 K0.000 F400.000
G1 X-1254.815 Y185.979 Z-6.000 F400.000
G3 X-1252.493 Y188.870 Z-6.000 I-0.562 J2.829 K0.000 F400.000
G2 X-1251.496 Y189.800 Z-6.000 I0.998 J-0.070 K0.000 F400.000
G1 X-1243.496 Y189.800 Z-6.000 F400.000
G2 X-1242.526 Y188.555 Z-6.000 I-0.000 J-1.000 K0.000 F400.000
G3 X-1240.237 Y185.337 Z-6.000 I2.260 J-0.815 K0.000 F400.000
G1 X-1232.381 Y185.337 Z-6.000 F400.000
G3 X-1229.731 Y188.515 Z-6.000 I-0.513 J3.122 K0.000 F400.000
G2 X-1228.733 Y189.451 Z-6.000 I0.998 J-0.065 K0.000 F400.000
G1 X-1220.733 Y189.451 Z-6.000 F400.000
G2 X-1219.788 Y188.124 Z-6.000 I-0.000 J-1.000 K0.000 F400.000
G3 X-1217.753 Y184.967 Z-6.000 I2.005 J-0.942 K0.000 F400.000
G1 X-1209.937 Y184.967 Z-6.000 F400.000
G3 X-1207.702 Y187.899 Z-6.000 I-0.726 J2.872 K0.000 F400.000
G2 X-1206.704 Y188.832 Z-6.000 I0.998 J-0.067 K0.000 F400.000
G1 X-1202.704 Y188.832 Z-6.000 F400.000
G2 X-1201.705 Y187.781 Z-6.000 I-0.000 J-1.000 K0.000 F400.000
G3 X-1195.119 Y181.526 Z-6.000 I5.651 J-0.645 K0.000 F400.000
G1 X-1192.816 Y181.900 Z-6.000 F400.000
G2 X-1189.107 Y181.537 Z-6.000 I1.713 J-1.634 K0.000 F400.000
G1 X-1187.118 Y178.401 Z-6.000 F400.000
G1 X-1187.118 Y203.756 Z-6.000 F400.000
G0 Z7.000
G0 Z7.000
G0 X-1187.118 Y203.756
G0 X-1173.655
G0 X-1173.655 Z0.000
G1 X-1173.655 Y203.756 Z-3.000 F400.000
G1 X-1173.655 Y173.785 Z-3.000 F400.000
G1 X-1160.735 Y165.684 Z-3.000 F400.000
G3 X-1159.588 Y164.860 Z-3.000 I2.938 J2.878 K0.000 F400.000
G3 X-1157.680 Y164.705 Z-3.000 I1.179 J2.693 K0.000 F400.000
G3 X-1155.846 Y166.110 Z-3.000 I-0.736 J2.861 K0.000 F400.000
G1 X-1153.175 Y170.732 Z-3.000 F400.000
G1 X-1151.627 Y177.544 Z-3.000 F400.000
G1 X-1150.783 Y184.928 Z-3.000 F400.000
G2 X-1150.271 Y185.691 Z-3.000 I0.994 J-0.114 K0.000 F400.000
G1 X-1141.010 Y190.775 Z-3.000 F400.000
G1 X-1150.598 Y196.163 Z-3.000 F400.000
G2 X-1151.106 Y196.958 Z-3.000 I0.490 J0.872 K0.000 F400.000
G1 X-1151.314 Y199.664 Z-3.000 F400.000
G1 X-1153.194 Y209.481 Z-3.000 F400.000
G1 X-1155.719 Y215.037 Z-3.000 F400.000
G3 X-1161.391 Y215.991 Z-3.000 I-3.505 J-3.499 K0.000 F400.000
G1 X-1173.655 Y210.113 Z-3.000 F400.000
G1 X-1173.655 Y203.756 Z-3.000 F400.000
G1 X-1173.655 Y203.756 Z-6.000 F400.000
G1 X-1173.655 Y173.785 Z-6.000 F400.000
G1 X-1160.735 Y165.684 Z-6.000 F400.000
G3 X-1159.588 Y164.860 Z-6.000 I2.938 J2.878 K0.000 F400.000
G3 X-1157.680 Y164.705 Z-6.000 I1.179 J2.693 K0.000 F400.000
G3 X-1155.846 Y166.110 Z-6.000 I-0.736 J2.861 K0.000 F400.000
G1 X-1153.175 Y170.732 Z-6.000 F400.000
G1 X-1151.627 Y177.544 Z-6.000 F400.000
G1 X-1150.783 Y184.928 Z-6.000 F400.000
G2 X-1150.271 Y185.691 Z-6.000 I0.994 J-0.114 K0.000 F400.000
G1 X-1141.010 Y190.775 Z-6.000 F400.000
G1 X-1150.598 Y196.163 Z-6.000 F400.000
G2 X-1151.106 Y196.958 Z-6.000 I0.490 J0.872 K0.000 F400.000
G1 X-1151.314 Y199.664 Z-6.000 F400.000
G1 X-1153.194 Y209.481 Z-6.000 F400.000
G1 X-1155.719 Y215.037 Z-6.000 F400.000
G3 X-1161.391 Y215.991 Z-6.000 I-3.505 J-3.499 K0.000 F400.000
G1 X-1173.655 Y210.113 Z-6.000 F400.000
G1 X-1173.655 Y203.756 Z-6.000 F400.000
G0 Z7.000
G0 Z7.000
G0 X-1173.655 Y203.756
G0 X-1166.968 Y68.062
G0 X-1166.968 Y68.062 Z0.000
G1 X-1166.968 Y68.062 Z-3.000 F400.000
G3 X-1168.935 Y64.947 Z-3.000 I0.111 J-2.248 K0.000 F400.000
G2 X-1169.893 Y63.659 Z-3.000 I-0.958 J-0.288 K0.000 F400.000
G1 X-1177.893 Y63.659 Z-3.000 F400.000
G2 X-1178.890 Y64.593 Z-3.000 I-0.000 J1.000 K0.000 F400.000
G3 X-1182.065 Y67.736 Z-3.000 I-3.087 J0.056 K0.000 F400.000
G1 X-1190.009 Y67.736 Z-3.000 F400.000
G3 X-1193.133 Y64.673 Z-3.000 I-0.025 J-3.100 K0.000 F400.000
G2 X-1194.129 Y63.767 Z-3.000 I-0.996 J0.094 K0.000 F400.000
G1 X-1202.129 Y63.767 Z-3.000 F400.000
G2 X-1203.127 Y64.705 Z-3.000 I-0.000 J1.000 K0.000 F400.000
G3 X-1206.026 Y68.451 Z-3.000 I-3.795 J0.057 K0.000 F400.000
G1 X-1213.847 Y68.451 Z-3.000 F400.000
G3 X-1215.881 Y65.282 Z-3.000 I-0.030 J-2.218 K0.000 F400.000
G2 X-1216.825 Y63.951 Z-3.000 I-0.944 J-0.331 K0.000 F400.000
G1 X-1224.825 Y63.951 Z-3.000 F400.000
G2 X-1225.823 Y64.887 Z-3.000 I-0.000 J1.000 K0.000 F400.000
G3 X-1228.473 Y68.065 Z-3.000 I-3.161 J0.058 K0.000 F400.000
G1 X-1236.331 Y68.065 Z-3.000 F400.000
G3 X-1238.846 Y64.825 Z-3.000 I-0.027 J-2.575 K0.000 F400.000
G2 X-1239.832 Y63.657 Z-3.000 I-0.986 J-0.168 K0.000 F400.000
G1 X-1247.832 Y63.657 Z-3.000 F400.000
G2 X-1248.829 Y64.583 Z-3.000 I-0.000 J1.000 K0.000 F400.000
G3 X-1250.767 Y67.192 Z-3.000 I-2.635 J0.067 K0.000 F400.000
G1 X-1258.572 Y67.192 Z-3.000 F400.000
G3 X-1260.936 Y64.643 Z-3.000 I-0.028 J-2.345 K0.000 F400.000
G2 X-1261.936 Y63.657 Z-3.000 I-1.000 J0.014 K0.000 F400.000
G1 X-1270.832 Y63.657 Z-3.000 F400.000
G2 X-1271.829 Y64.583 Z-3.000 I0.000 J1.000 K0.000 F400.000
G3 X-1273.767 Y67.192 Z-3.000 I-2.635 J0.067 K0.000 F400.000
G1 X-1281.572 Y67.192 Z-3.000 F400.000
G3 X-1283.937 Y64.723 Z-3.000 I-0.027 J-2.341 K0.000 F400.000
G2 X-1284.936 Y63.767 Z-3.000 I-0.999 J0.044 K0.000 F400.000
G1 X-1287.936 Y63.767 Z-3.000 F400.000
G1 X-1287.936 Y59.767 Z-3.000 F400.000
G1 X-1284.936 Y59.767 Z-3.000 F400.000
G2 X-1283.936 Y58.773 Z-3.000 I-0.000 J-1.000 K0.000 F400.000
G3 X-1281.508 Y56.138 Z-3.000 I2.400 J-0.225 K0.000 F400.000
G1 X-1273.712 Y56.138 Z-3.000 F400.000
G3 X-1271.832 Y58.767 Z-3.000 I-0.754 J2.526 K0.000 F400.000
G2 X-1270.832 Y59.767 Z-3.000 I1.000 J-0.000 K0.000 F400.000
G1 X-1261.936 Y59.767 Z-3.000 F400.000
G2 X-1260.936 Y58.773 Z-3.000 I-0.000 J-1.000 K0.000 F400.000
G3 X-1258.508 Y56.138 Z-3.000 I2.400 J-0.225 K0.000 F400.000
G1 X-1250.712 Y56.138 Z-3.000 F400.000
G3 X-1248.829 Y58.730 Z-3.000 I-0.756 J2.529 K0.000 F400.000
G2 X-1247.832 Y59.657 Z-3.000 I0.997 J-0.073 K0.000 F400.000
G1 X-1239.832 Y59.657 Z-3.000 F400.000
G2 X-1238.834 Y58.720 Z-3.000 I-0.000 J-1.000 K0.000 F400.000
G3 X-1236.059 Y55.888 Z-3.000 I2.747 J-0.084 K0.000 F400.000
G1 X-1228.238 Y55.888 Z-3.000 F400.000
G3 X-1225.823 Y59.019 Z-3.000 I-0.744 J3.071 K0.000 F400.000
G2 X-1224.825 Y59.951 Z-3.000 I0.998 J-0.068 K0.000 F400.000
G1 X-1216.825 Y59.951 Z-3.000 F400.000
G2 X-1215.901 Y58.569 Z-3.000 I-0.000 J-1.000 K0.000 F400.000
G3 X-1213.792 Y55.098 Z-3.000 I2.080 J-1.113 K0.000 F400.000
G1 X-1205.979 Y55.098 Z-3.000 F400.000
G3 X-1203.160 Y58.822 Z-3.000 I-0.978 J3.669 K0.000 F400.000
G2 X-1202.162 Y59.761 Z-3.000 I0.998 J-0.061 K0.000 F400.000
G1 X-1194.129 Y59.761 Z-3.000 F400.000
G2 X-1193.168 Y59.039 Z-3.000 I-0.000 J-1.000 K0.000 F400.000
G3 X-1189.015 Y55.689 Z-3.000 I4.129 J0.870 K0.000 F400.000
G1 X-1181.195 Y55.689 Z-3.000 F400.000
G3 X-1178.890 Y58.727 Z-3.000 I-0.771 J2.978 K0.000 F400.000
G2 X-1177.893 Y59.659 Z-3.000 I0.998 J-0.067 K0.000 F400.000
G1 X-1169.893 Y59.659 Z-3.000 F400.000
G2 X-1168.894 Y58.603 Z-3.000 I-0.000 J-1.000 K0.000 F400.000
G3 X-1166.556 Y55.888 Z-3.000 I2.308 J-0.377 K0.000 F400.000
G1 X-1158.738 Y55.888 Z-3.000 F400.000
G3 X-1156.323 Y59.019 Z-3.000 I-0.744 J3.071 K0.000 F400.000
G2 X-1155.325 Y59.951 Z-3.000 I0.998 J-0.068 K0.000 F400.000
G1 X-1147.325 Y59.951 Z-3.000 F400.000
G2 X-1146.401 Y58.570 Z-3.000 I-0.000 J-1.000 K0.000 F400.000
G3 X-1144.292 Y55.099 Z-3.000 I2.080 J-1.113 K0.000 F400.000
G1 X-1136.478 Y55.099 Z-3.000 F400.000
G3 X-1133.652 Y58.822 Z-3.000 I-0.968 J3.669 K0.000 F400.000
G2 X-1132.654 Y59.761 Z-3.000 I0.998 J-0.061 K0.000 F400.000
G1 X-1124.654 Y59.761 Z-3.000 F400.000
G2 X-1123.692 Y59.034 Z-3.000 I-0.000 J-1.000 K0.000 F400.000
G3 X-1120.511 Y56.430 Z-3.000 I3.156 J0.610 K0.000 F400.000
G1 X-1112.700 Y56.430 Z-3.000 F400.000
G3 X-1110.588 Y59.266 Z-3.000 I-0.768 J2.776 K0.000 F400.000
G2 X-1109.590 Y60.200 Z-3.000 I0.998 J-0.066 K0.000 F400.000
G1 X-1101.590 Y60.200 Z-3.000 F400.000
G2 X-1100.590 Y59.212 Z-3.000 I-0.000 J-1.000 K0.000 F400.000
G3 X-1098.061 Y56.486 Z-3.000 I2.501 J-0.216 K0.000 F400.000
G1 X-1090.240 Y56.486 Z-3.000 F400.000
G3 X-1087.826 Y59.617 Z-3.000 I-0.744 J3.071 K0.000 F400.000
G2 X-1086.828 Y60.549 Z-3.000 I0.998 J-0.068 K0.000 F400.000
G1 X-1078.828 Y60.549 Z-3.000 F400.000
G2 X-1077.828 Y59.548 Z-3.000 I-0.000 J-1.000 K0.000 F400.000
G3 X-1075.793 Y57.316 Z-3.000 I2.006 J-0.215 K0.000 F400.000
G1 X-1067.984 Y57.316 Z-3.000 F400.000
G3 X-1065.796 Y60.235 Z-3.000 I-0.773 J2.859 K0.000 F400.000
G2 X-1064.798 Y61.168 Z-3.000 I0.998 J-0.067 K0.000 F400.000
G1 X-1060.798 Y61.168 Z-3.000 F400.000
G2 X-1059.799 Y60.200 Z-3.000 I0.000 J-1.000 K0.000 F400.000
G3 X-1052.853 Y53.794 Z-3.000 I6.283 J-0.157 K0.000 F400.000
G1 X-1050.967 Y53.988 Z-3.000 F400.000
G2 X-1047.194 Y53.752 Z-3.000 I1.810 J-1.350 K0.000 F400.000
G1 X-1045.212 Y50.250 Z-3.000 F400.000
G1 X-1045.212 Y75.604 Z-3.000 F400.000
G1 X-1047.267 Y72.371 Z-3.000 F400.000
G2 X-1050.911 Y72.100 Z-3.000 I-1.933 J1.357 K0.000 F400.000
G1 X-1053.213 Y72.474 Z-3.000 F400.000
G3 X-1059.800 Y66.219 Z-3.000 I-0.935 J-5.610 K0.000 F400.000
G2 X-1060.798 Y65.168 Z-3.000 I-0.999 J-0.051 K0.000 F400.000
G1 X-1064.798 Y65.168 Z-3.000 F400.000
G2 X-1065.796 Y66.101 Z-3.000 I-0.000 J1.000 K0.000 F400.000
G3 X-1068.032 Y69.033 Z-3.000 I-2.962 J0.060 K0.000 F400.000
G1 X-1075.847 Y69.033 Z-3.000 F400.000
G3 X-1077.883 Y65.876 Z-3.000 I-0.030 J-2.215 K0.000 F400.000
G2 X-1078.828 Y64.549 Z-3.000 I-0.945 J-0.327 K0.000 F400.000
G1 X-1086.828 Y64.549 Z-3.000 F400.000
G2 X-1087.826 Y65.485 Z-3.000 I-0.000 J1.000 K0.000 F400.000
G3 X-1090.475 Y68.663 Z-3.000 I-3.161 J0.058 K0.000 F400.000
G1 X-1098.332 Y68.663 Z-3.000 F400.000
G3 X-1100.621 Y65.445 Z-3.000 I-0.028 J-2.403 K0.000 F400.000
G2 X-1101.590 Y64.200 Z-3.000 I-0.970 J-0.245 K0.000 F400.000
G1 X-1109.590 Y64.200 Z-3.000 F400.000
G2 X-1110.588 Y65.130 Z-3.000 I0.000 J1.000 K0.000 F400.000
G3 X-1112.910 Y68.021 Z-3.000 I-2.884 J0.061 K0.000 F400.000
G1 X-1120.751 Y68.021 Z-3.000 F400.000
G3 X-1123.654 Y64.788 Z-3.000 I-0.027 J-2.896 K0.000 F400.000
G2 X-1124.654 Y63.761 Z-3.000 I-1.000 J-0.027 K0.000 F400.000
G1 X-1132.654 Y63.761 Z-3.000 F400.000
G2 X-1133.652 Y64.700 Z-3.000 I0.000 J1.000 K0.000 F400.000
G3 X-1136.529 Y68.437 Z-3.000 I-3.792 J0.057 K0.000 F400.000
G1 X-1144.347 Y68.437 Z-3.000 F400.000
G3 X-1146.381 Y65.279 Z-3.000 I-0.030 J-2.215 K0.000 F400.000
G2 X-1147.325 Y63.951 Z-3.000 I-0.945 J-0.328 K0.000 F400.000
G1 X-1155.325 Y63.951 Z-3.000 F400.000
G2 X-1156.323 Y64.887 Z-3.000 I-0.000 J1.000 K0.000 F400.000
G3 X-1158.973 Y68.065 Z-3.000 I-3.161 J0.058 K0.000 F400.000
G1 X-1166.828 Y68.065 Z-3.000 F400.000
G3 X-1166.968 Y68.062 Z-3.000 I-0.029 J-2.251 K0.000 F400.000
G1 X-1166.968 Y68.062 Z-6.000 F400.000
G3 X-1168.935 Y64.947 Z-6.000 I0.111 J-2.248 K0.000 F400.000
G2 X-1169.893 Y63.659 Z-6.000 I-0.958 J-0.288 K0.000 F400.000
G1 X-1177.893 Y63.659 Z-6.000 F400.000
G2 X-1178.890 Y64.593 Z-6.000 I-0.000 J1.000 K0.000 F400.000
G3 X-1182.065 Y67.736 Z-6.000 I-3.087 J0.056 K0.000 F400.000
G1 X-1190.009 Y67.736 Z-6.000 F400.000
G3 X-1193.133 Y64.673 Z-6.000 I-0.025 J-3.100 K0.000 F400.000
G2 X-1194.129 Y63.767 Z-6.000 I-0.996 J0.094 K0.000 F400.000
G1 X-1202.129 Y63.767 Z-6.000 F400.000
G2 X-1203.127 Y64.705 Z-6.000 I-0.000 J1.000 K0.000 F400.000
G3 X-1206.026 Y68.451 Z-6.000 I-3.795 J0.057 K0.000 F400.000
G1 X-1213.847 Y68.451 Z-6.000 F400.000
G3 X-1215.881 Y65.282 Z-6.000 I-0.030 J-2.218 K0.000 F400.000
G2 X-1216.825 Y63.951 Z-6.000 I-0.944 J-0.331 K0.000 F400.000
G1 X-1224.825 Y63.951 Z-6.000 F400.000
G2 X-1225.823 Y64.887 Z-6.000 I-0.000 J1.000 K0.000 F400.000
G3 X-1228.473 Y68.065 Z-6.000 I-3.161 J0.058 K0.000 F400.000
G1 X-1236.331 Y68.065 Z-6.000 F400.000
G3 X-1238.846 Y64.825 Z-6.000 I-0.027 J-2.575 K0.000 F400.000
G2 X-1239.832 Y63.657 Z-6.000 I-0.986 J-0.168 K0.000 F400.000
G1 X-1247.832 Y63.657 Z-6.000 F400.000
G2 X-1248.829 Y64.583 Z-6.000 I-0.000 J1.000 K0.000 F400.000
G3 X-1250.767 Y67.192 Z-6.000 I-2.635 J0.067 K0.000 F400.000
G1 X-1258.572 Y67.192 Z-6.000 F400.000
G3 X-1260.936 Y64.643 Z-6.000 I-0.028 J-2.345 K0.000 F400.000
G2 X-1261.936 Y63.657 Z-6.000 I-1.000 J0.014 K0.000 F400.000
G1 X-1270.832 Y63.657 Z-6.000 F400.000
G2 X-1271.829 Y64.583 Z-6.000 I0.000 J1.000 K0.000 F400.000
G3 X-1273.767 Y67.192 Z-6.000 I-2.635 J0.067 K0.000 F400.000
G1 X-1281.572 Y67.192 Z-6.000 F400.000
G3 X-1283.937 Y64.723 Z-6.000 I-0.027 J-2.341 K0.000 F400.000
G2 X-1284.936 Y63.767 Z-6.000 I-0.999 J0.044 K0.000 F400.000
G1 X-1287.936 Y63.767 Z-6.000 F400.000
G1 X-1287.936 Y59.767 Z-6.000 F400.000
G1 X-1284.936 Y59.767 Z-6.000 F400.000
G2 X-1283.936 Y58.773 Z-6.000 I-0.000 J-1.000 K0.000 F400.000
G3 X-1281.508 Y56.138 Z-6.000 I2.400 J-0.225 K0.000 F400.000
G1 X-1273.712 Y56.138 Z-6.000 F400.000
G3 X-1271.832 Y58.767 Z-6.000 I-0.754 J2.526 K0.000 F400.000
G2 X-1270.832 Y59.767 Z-6.000 I1.000 J-0.000 K0.000 F400.000
G1 X-1261.936 Y59.767 Z-6.000 F400.000
G2 X-1260.936 Y58.773 Z-6.000 I-0.000 J-1.000 K0.000 F400.000
G3 X-1258.508 Y56.138 Z-6.000 I2.400 J-0.225 K0.000 F400.000
G1 X-1250.712 Y56.138 Z-6.000 F400.000
G3 X-1248.829 Y58.730 Z-6.000 I-0.756 J2.529 K0.000 F400.000
G2 X-1247.832 Y59.657 Z-6.000 I0.997 J-0.073 K0.000 F400.000
G1 X-1239.832 Y59.657 Z-6.000 F400.000
G2 X-1238.834 Y58.720 Z-6.000 I-0.000 J-1.000 K0.000 F400.000
G3 X-1236.059 Y55.888 Z-6.000 I2.747 J-0.084 K0.000 F400.000
G1 X-1228.238 Y55.888 Z-6.000 F400.000
G3 X-1225.823 Y59.019 Z-6.000 I-0.744 J3.071 K0.000 F400.000
G2 X-1224.825 Y59.951 Z-6.000 I0.998 J-0.068 K0.000 F400.000
G1 X-1216.825 Y59.951 Z-6.000 F400.000
G2 X-1215.901 Y58.569 Z-6.000 I-0.000 J-1.000 K0.000 F400.000
G3 X-1213.792 Y55.098 Z-6.000 I2.080 J-1.113 K0.000 F400.000
G1 X-1205.979 Y55.098 Z-6.000 F400.000
G3 X-1203.160 Y58.822 Z-6.000 I-0.978 J3.669 K0.000 F400.000
G2 X-1202.162 Y59.761 Z-6.000 I0.998 J-0.061 K0.000 F400.000
G1 X-1194.129 Y59.761 Z-6.000 F400.000
G2 X-1193.168 Y59.039 Z-6.000 I-0.000 J-1.000 K0.000 F400.000
G3 X-1189.015 Y55.689 Z-6.000 I4.129 J0.870 K0.000 F400.000
G1 X-1181.195 Y55.689 Z-6.000 F400.000
G3 X-1178.890 Y58.727 Z-6.000 I-0.771 J2.978 K0.000 F400.000
G2 X-1177.893 Y59.659 Z-6.000 I0.998 J-0.067 K0.000 F400.000
G1 X-1169.893 Y59.659 Z-6.000 F400.000
G2 X-1168.894 Y58.603 Z-6.000 I-0.000 J-1.000 K0.000 F400.000
G3 X-1166.556 Y55.888 Z-6.000 I2.308 J-0.377 K0.000 F400.000
G1 X-1158.738 Y55.888 Z-6.000 F400.000
G3 X-1156.323 Y59.019 Z-6.000 I-0.744 J3.071 K0.000 F400.000
G2 X-1155.325 Y59.951 Z-6.000 I0.998 J-0.068 K0.000 F400.000
G1 X-1147.325 Y59.951 Z-6.000 F400.000
G2 X-1146.401 Y58.570 Z-6.000 I-0.000 J-1.000 K0.000 F400.000
G3 X-1144.292 Y55.099 Z-6.000 I2.080 J-1.113 K0.000 F400.000
G1 X-1136.478 Y55.099 Z-6.000 F400.000
G3 X-1133.652 Y58.822 Z-6.000 I-0.968 J3.669 K0.000 F400.000
G2 X-1132.654 Y59.761 Z-6.000 I0.998 J-0.061 K0.000 F400.000
G1 X-1124.654 Y59.761 Z-6.000 F400.000
G2 X-1123.692 Y59.034 Z-6.000 I-0.000 J-1.000 K0.000 F400.000
G3 X-1120.511 Y56.430 Z-6.000 I3.156 J0.610 K0.000 F400.000
G1 X-1112.700 Y56.430 Z-6.000 F400.000
G3 X-1110.588 Y59.266 Z-6.000 I-0.768 J2.776 K0.000 F400.000
G2 X-1109.590 Y60.200 Z-6.000 I0.998 J-0.066 K0.000 F400.000
G1 X-1101.590 Y60.200 Z-6.000 F400.000
G2 X-1100.590 Y59.212 Z-6.000 I-0.000 J-1.000 K0.000 F400.000
G3 X-1098.061 Y56.486 Z-6.000 I2.501 J-0.216 K0.000 F400.000
G1 X-1090.240 Y56.486 Z-6.000 F400.000
G3 X-1087.826 Y59.617 Z-6.000 I-0.744 J3.071 K0.000 F400.000
G2 X-1086.828 Y60.549 Z-6.000 I0.998 J-0.068 K0.000 F400.000
G1 X-1078.828 Y60.549 Z-6.000 F400.000
G2 X-1077.828 Y59.548 Z-6.000 I-0.000 J-1.000 K0.000 F400.000
G3 X-1075.793 Y57.316 Z-6.000 I2.006 J-0.215 K0.000 F400.000
G1 X-1067.984 Y57.316 Z-6.000 F400.000
G3 X-1065.796 Y60.235 Z-6.000 I-0.773 J2.859 K0.000 F400.000
G2 X-1064.798 Y61.168 Z-6.000 I0.998 J-0.067 K0.000 F400.000
G1 X-1060.798 Y61.168 Z-6.000 F400.000
G2 X-1059.799 Y60.200 Z-6.000 I0.000 J-1.000 K0.000 F400.000
G3 X-1052.853 Y53.794 Z-6.000 I6.283 J-0.157 K0.000 F400.000
G1 X-1050.967 Y53.988 Z-6.000 F400.000
G2 X-1047.194 Y53.752 Z-6.000 I1.810 J-1.350 K0.000 F400.000
G1 X-1045.212 Y50.250 Z-6.000 F400.000
G1 X-1045.212 Y75.604 Z-6.000 F400.000
G1 X-1047.267 Y72.371 Z-6.000 F400.000
G2 X-1050.911 Y72.100 Z-6.000 I-1.933 J1.357 K0.000 F400.000
G1 X-1053.213 Y72.474 Z-6.000 F400.000
G3 X-1059.800 Y66.219 Z-6.000 I-0.935 J-5.610 K0.000 F400.000
G2 X-1060.798 Y65.168 Z-6.000 I-0.999 J-0.051 K0.000 F400.000
G1 X-1064.798 Y65.168 Z-6.000 F400.000
G2 X-1065.796 Y66.101 Z-6.000 I-0.000 J1.000 K0.000 F400.000
G3 X-1068.032 Y69.033 Z-6.000 I-2.962 J0.060 K0.000 F400.000
G1 X-1075.847 Y69.033 Z-6.000 F400.000
G3 X-1077.883 Y65.876 Z-6.000 I-0.030 J-2.215 K0.000 F400.000
G2 X-1078.828 Y64.549 Z-6.000 I-0.945 J-0.327 K0.000 F400.000
G1 X-1086.828 Y64.549 Z-6.000 F400.000
G2 X-1087.826 Y65.485 Z-6.000 I-0.000 J1.000 K0.000 F400.000
G3 X-1090.475 Y68.663 Z-6.000 I-3.161 J0.058 K0.000 F400.000
G1 X-1098.332 Y68.663 Z-6.000 F400.000
G3 X-1100.621 Y65.445 Z-6.000 I-0.028 J-2.403 K0.000 F400.000
G2 X-1101.590 Y64.200 Z-6.000 I-0.970 J-0.245 K0.000 F400.000
G1 X-1109.590 Y64.200 Z-6.000 F400.000
G2 X-1110.588 Y65.130 Z-6.000 I0.000 J1.000 K0.000 F400.000
G3 X-1112.910 Y68.021 Z-6.000 I-2.884 J0.061 K0.000 F400.000
G1 X-1120.751 Y68.021 Z-6.000 F400.000
G3 X-1123.654 Y64.788 Z-6.000 I-0.027 J-2.896 K0.000 F400.000
G2 X-1124.654 Y63.761 Z-6.000 I-1.000 J-0.027 K0.000 F400.000
G1 X-1132.654 Y63.761 Z-6.000 F400.000
G2 X-1133.652 Y64.700 Z-6.000 I0.000 J1.000 K0.000 F400.000
G3 X-1136.529 Y68.437 Z-6.000 I-3.792 J0.057 K0.000 F400.000
G1 X-1144.347 Y68.437 Z-6.000 F400.000
G3 X-1146.381 Y65.279 Z-6.000 I-0.030 J-2.215 K0.000 F400.000
G2 X-1147.325 Y63.951 Z-6.000 I-0.945 J-0.328 K0.000 F400.000
G1 X-1155.325 Y63.951 Z-6.000 F400.000
G2 X-1156.323 Y64.887 Z-6.000 I-0.000 J1.000 K0.000 F400.000
G3 X-1158.973 Y68.065 Z-6.000 I-3.161 J0.058 K0.000 F400.000
G1 X-1166.828 Y68.065 Z-6.000 F400.000
G3 X-1166.968 Y68.062 Z-6.000 I-0.029 J-2.251 K0.000 F400.000
G0 Z7.000
G0 Z7.000
G0 X-1166.968 Y68.062
G0 X-1031.750
G0 X-1031.750 Z0.000
G1 X-1031.750 Y68.062 Z-3.000 F400.000
G1 X-1031.750 Y43.887 Z-3.000 F400.000
G1 X-1019.485 Y38.009 Z-3.000 F400.000
G3 X-1016.135 Y37.652 Z-3.000 I2.171 J4.479 K0.000 F400.000
G3 X-1013.814 Y38.963 Z-3.000 I-1.135 J4.721 K0.000 F400.000
G1 X-1011.288 Y44.519 Z-3.000 F400.000
G1 X-1009.408 Y54.336 Z-3.000 F400.000
G1 X-1009.200 Y57.042 Z-3.000 F400.000
G2 X-1008.693 Y57.837 Z-3.000 I0.997 J-0.077 K0.000 F400.000
G1 X-999.105 Y63.225 Z-3.000 F400.000
G1 X-1008.365 Y68.309 Z-3.000 F400.000
G2 X-1008.878 Y69.072 Z-3.000 I0.481 J0.877 K0.000 F400.000
G1 X-1009.722 Y76.456 Z-3.000 F400.000
G1 X-1011.270 Y83.268 Z-3.000 F400.000
G1 X-1013.940 Y87.890 Z-3.000 F400.000
G3 X-1018.683 Y88.428 Z-3.000 I-2.566 J-1.452 K0.000 F400.000
G1 X-1018.829 Y88.316 Z-3.000 F400.000
G1 X-1031.750 Y80.215 Z-3.000 F400.000
G1 X-1031.750 Y68.062 Z-3.000 F400.000
G1 X-1031.750 Y68.062 Z-6.000 F400.000
G1 X-1031.750 Y43.887 Z-6.000 F400.000
G1 X-1019.485 Y38.009 Z-6.000 F400.000
G3 X-1016.135 Y37.652 Z-6.000 I2.171 J4.479 K0.000 F400.000
G3 X-1013.814 Y38.963 Z-6.000 I-1.135 J4.721 K0.000 F400.000
G1 X-1011.288 Y44.519 Z-6.000 F400.000
G1 X-1009.408 Y54.336 Z-6.000 F400.000
G1 X-1009.200 Y57.042 Z-6.000 F400.000
G2 X-1008.693 Y57.837 Z-6.000 I0.997 J-0.077 K0.000 F400.000
G1 X-999.105 Y63.225 Z-6.000 F400.000
G1 X-1008.365 Y68.309 Z-6.000 F400.000
G2 X-1008.878 Y69.072 Z-6.000 I0.481 J0.877 K0.000 F400.000
G1 X-1009.722 Y76.456 Z-6.000 F400.000
G1 X-1011.270 Y83.268 Z-6.000 F400.000
G1 X-1013.940 Y87.890 Z-6.000 F400.000
G3 X-1018.683 Y88.428 Z-6.000 I-2.566 J-1.452 K0.000 F400.000
G1 X-1018.829 Y88.316 Z-6.000 F400.000
G1 X-1031.750 Y80.215 Z-6.000 F400.000
G1 X-1031.750 Y68.062 Z-6.000 F400.000
(Finish operation: Profile001)
(Begin postamble)
M5
G17 G90
M2
