G21 G90
; Multi-pass G-Code
; Depth: 17mm, StepDown: 4mm, Feed: 400mm/min, Plunge: 400mm/min
G0 Z5.000
M3 S1000

; --- Shape: LINE ---
; Target Depth: 17mm, Steps: 5
; Pass 1/5 at Z-4.000
G0 X787.462 Y-72.385
G1 Z-4.000 F400.0
G1 X787.462 Y-5.797 F400
; Pass 2/5 at Z-8.000
G0 Z5.000
G0 X787.462 Y-72.385
G1 Z-8.000 F400.0
G1 X787.462 Y-5.797 F400
; Pass 3/5 at Z-12.000
G0 Z5.000
G0 X787.462 Y-72.385
G1 Z-12.000 F400.0
G1 X787.462 Y-5.797 F400
; Pass 4/5 at Z-16.000
G0 Z5.000
G0 X787.462 Y-72.385
G1 Z-16.000 F400.0
G1 X787.462 Y-5.797 F400
; Pass 5/5 at Z-17.000
G0 Z5.000
G0 X787.462 Y-72.385
G1 Z-17.000 F400.0
G1 X787.462 Y-5.797 F400
; --- Shape: POLYLINE ---
; Target Depth: 17mm, Steps: 5
; Pass 1/5 at Z-4.000
G0 Z5.000
G0 X787.462 Y-4.210
G1 Z-4.000 F400.0
G1 X7.311 Y-4.675 F400
G1 X6.846 Y-72.385 F400
; Pass 2/5 at Z-8.000
G0 Z5.000
G0 X787.462 Y-4.210
G1 Z-8.000 F400.0
G1 X7.311 Y-4.675 F400
G1 X6.846 Y-72.385 F400
; Pass 3/5 at Z-12.000
G0 Z5.000
G0 X787.462 Y-4.210
G1 Z-12.000 F400.0
G1 X7.311 Y-4.675 F400
G1 X6.846 Y-72.385 F400
; Pass 4/5 at Z-16.000
G0 Z5.000
G0 X787.462 Y-4.210
G1 Z-16.000 F400.0
G1 X7.311 Y-4.675 F400
G1 X6.846 Y-72.385 F400
; Pass 5/5 at Z-17.000
G0 Z5.000
G0 X787.462 Y-4.210
G1 Z-17.000 F400.0
G1 X7.311 Y-4.675 F400
G1 X6.846 Y-72.385 F400
; --- Shape: PATH ---
; Target Depth: 17mm, Steps: 5
; Pass 1/5 at Z-4.000
G0 Z5.000
G0 X420.449 Y-82.658
G1 Z-4.000 F400.0
G1 X420.420 Y-83.505 F400
G1 X420.320 Y-84.827 F400
G1 X420.143 Y-86.066 F400
G1 X419.916 Y-86.957 F400
G1 X419.660 Y-87.575 F400
G1 X419.378 Y-88.088 F400
G1 X419.063 Y-88.594 F400
G1 X418.708 Y-89.122 F400
G1 X418.309 Y-89.676 F400
G1 X417.861 Y-90.251 F400
G1 X417.365 Y-90.833 F400
G1 X416.825 Y-91.406 F400
G1 X416.248 Y-91.948 F400
G1 X415.303 Y-92.765 F400
G1 X414.352 Y-93.490 F400
G1 X413.588 Y-93.958 F400
G1 X412.977 Y-94.228 F400
G1 X412.411 Y-94.410 F400
G1 X411.821 Y-94.564 F400
G1 X411.180 Y-94.705 F400
G1 X410.482 Y-94.830 F400
G1 X409.726 Y-94.933 F400
G1 X408.920 Y-95.003 F400
G1 X408.077 Y-95.030 F400
G1 X407.230 Y-95.001 F400
G1 X405.908 Y-94.901 F400
G1 X404.669 Y-94.724 F400
G1 X403.778 Y-94.497 F400
G1 X403.160 Y-94.241 F400
G1 X402.647 Y-93.959 F400
G1 X402.141 Y-93.644 F400
G1 X401.613 Y-93.289 F400
G1 X401.059 Y-92.890 F400
G1 X400.484 Y-92.442 F400
G1 X399.902 Y-91.946 F400
G1 X399.329 Y-91.406 F400
G1 X398.787 Y-90.829 F400
G1 X397.970 Y-89.884 F400
G1 X397.245 Y-88.933 F400
G1 X396.777 Y-88.169 F400
G1 X396.507 Y-87.558 F400
G1 X396.325 Y-86.992 F400
G1 X396.171 Y-86.402 F400
G1 X396.030 Y-85.761 F400
G1 X395.905 Y-85.063 F400
G1 X395.802 Y-84.307 F400
G1 X395.732 Y-83.501 F400
G1 X395.705 Y-82.658 F400
G1 X395.706 Y-82.543 F400
G1 X395.707 Y-82.363 F400
G1 X395.711 Y-82.190 F400
G1 X395.715 Y-82.062 F400
G1 X395.720 Y-81.969 F400
G1 X395.725 Y-81.887 F400
G1 X395.732 Y-81.805 F400
G1 X395.739 Y-81.716 F400
G1 X395.747 Y-81.620 F400
G1 X395.757 Y-81.518 F400
G1 X395.767 Y-81.410 F400
G1 X395.779 Y-81.299 F400
G1 X395.575 Y-81.299 F400
G1 X395.563 Y-81.411 F400
G1 X395.546 Y-81.588 F400
G1 X395.531 Y-81.757 F400
G1 X395.522 Y-81.884 F400
G1 X395.517 Y-81.977 F400
G1 X395.513 Y-82.059 F400
G1 X395.510 Y-82.142 F400
G1 X395.508 Y-82.232 F400
G1 X395.506 Y-82.329 F400
G1 X395.504 Y-82.434 F400
G1 X395.502 Y-82.544 F400
G1 X395.502 Y-82.658 F400
G1 X395.531 Y-83.519 F400
G1 X395.634 Y-84.863 F400
G1 X395.813 Y-86.123 F400
G1 X396.043 Y-87.028 F400
G1 X396.304 Y-87.656 F400
G1 X396.591 Y-88.178 F400
G1 X396.911 Y-88.692 F400
G1 X397.271 Y-89.228 F400
G1 X397.677 Y-89.791 F400
G1 X398.132 Y-90.375 F400
G1 X398.636 Y-90.968 F400
G1 X399.185 Y-91.550 F400
G1 X399.772 Y-92.101 F400
G1 X400.732 Y-92.932 F400
G1 X401.699 Y-93.669 F400
G1 X402.475 Y-94.144 F400
G1 X403.096 Y-94.418 F400
G1 X403.671 Y-94.604 F400
G1 X404.271 Y-94.760 F400
G1 X404.922 Y-94.903 F400
G1 X405.632 Y-95.030 F400
G1 X406.400 Y-95.134 F400
G1 X407.220 Y-95.206 F400
G1 X408.077 Y-95.233 F400
G1 X408.938 Y-95.204 F400
G1 X410.282 Y-95.101 F400
G1 X411.542 Y-94.922 F400
G1 X412.447 Y-94.692 F400
G1 X413.075 Y-94.431 F400
G1 X413.597 Y-94.144 F400
G1 X414.111 Y-93.824 F400
G1 X414.647 Y-93.464 F400
G1 X415.210 Y-93.058 F400
G1 X415.794 Y-92.603 F400
G1 X416.387 Y-92.099 F400
G1 X416.969 Y-91.550 F400
G1 X417.520 Y-90.963 F400
G1 X418.351 Y-90.003 F400
G1 X419.088 Y-89.037 F400
G1 X419.563 Y-88.261 F400
G1 X419.837 Y-87.640 F400
G1 X420.023 Y-87.064 F400
G1 X420.179 Y-86.464 F400
G1 X420.322 Y-85.813 F400
G1 X420.449 Y-85.103 F400
G1 X420.553 Y-84.335 F400
G1 X420.625 Y-83.515 F400
G1 X420.652 Y-82.658 F400
G1 X420.651 Y-82.543 F400
G1 X420.650 Y-82.363 F400
G1 X420.646 Y-82.190 F400
G1 X420.642 Y-82.062 F400
G1 X420.637 Y-81.969 F400
G1 X420.632 Y-81.887 F400
G1 X420.625 Y-81.805 F400
G1 X420.618 Y-81.716 F400
G1 X420.610 Y-81.620 F400
G1 X420.601 Y-81.518 F400
G1 X420.590 Y-81.410 F400
G1 X420.579 Y-81.299 F400
G1 X420.375 Y-81.299 F400
G1 X420.387 Y-81.411 F400
G1 X420.404 Y-81.588 F400
G1 X420.420 Y-81.757 F400
G1 X420.429 Y-81.884 F400
G1 X420.434 Y-81.977 F400
G1 X420.438 Y-82.059 F400
G1 X420.441 Y-82.142 F400
G1 X420.443 Y-82.232 F400
G1 X420.445 Y-82.329 F400
G1 X420.447 Y-82.434 F400
G1 X420.449 Y-82.544 F400
G1 X420.449 Y-82.658 F400
G1 X420.449 Y-82.658 F400
; Pass 2/5 at Z-8.000
G1 Z-8.000 F400.0
G1 X420.420 Y-83.505 F400
G1 X420.320 Y-84.827 F400
G1 X420.143 Y-86.066 F400
G1 X419.916 Y-86.957 F400
G1 X419.660 Y-87.575 F400
G1 X419.378 Y-88.088 F400
G1 X419.063 Y-88.594 F400
G1 X418.708 Y-89.122 F400
G1 X418.309 Y-89.676 F400
G1 X417.861 Y-90.251 F400
G1 X417.365 Y-90.833 F400
G1 X416.825 Y-91.406 F400
G1 X416.248 Y-91.948 F400
G1 X415.303 Y-92.765 F400
G1 X414.352 Y-93.490 F400
G1 X413.588 Y-93.958 F400
G1 X412.977 Y-94.228 F400
G1 X412.411 Y-94.410 F400
G1 X411.821 Y-94.564 F400
G1 X411.180 Y-94.705 F400
G1 X410.482 Y-94.830 F400
G1 X409.726 Y-94.933 F400
G1 X408.920 Y-95.003 F400
G1 X408.077 Y-95.030 F400
G1 X407.230 Y-95.001 F400
G1 X405.908 Y-94.901 F400
G1 X404.669 Y-94.724 F400
G1 X403.778 Y-94.497 F400
G1 X403.160 Y-94.241 F400
G1 X402.647 Y-93.959 F400
G1 X402.141 Y-93.644 F400
G1 X401.613 Y-93.289 F400
G1 X401.059 Y-92.890 F400
G1 X400.484 Y-92.442 F400
G1 X399.902 Y-91.946 F400
G1 X399.329 Y-91.406 F400
G1 X398.787 Y-90.829 F400
G1 X397.970 Y-89.884 F400
G1 X397.245 Y-88.933 F400
G1 X396.777 Y-88.169 F400
G1 X396.507 Y-87.558 F400
G1 X396.325 Y-86.992 F400
G1 X396.171 Y-86.402 F400
G1 X396.030 Y-85.761 F400
G1 X395.905 Y-85.063 F400
G1 X395.802 Y-84.307 F400
G1 X395.732 Y-83.501 F400
G1 X395.705 Y-82.658 F400
G1 X395.706 Y-82.543 F400
G1 X395.707 Y-82.363 F400
G1 X395.711 Y-82.190 F400
G1 X395.715 Y-82.062 F400
G1 X395.720 Y-81.969 F400
G1 X395.725 Y-81.887 F400
G1 X395.732 Y-81.805 F400
G1 X395.739 Y-81.716 F400
G1 X395.747 Y-81.620 F400
G1 X395.757 Y-81.518 F400
G1 X395.767 Y-81.410 F400
G1 X395.779 Y-81.299 F400
G1 X395.575 Y-81.299 F400
G1 X395.563 Y-81.411 F400
G1 X395.546 Y-81.588 F400
G1 X395.531 Y-81.757 F400
G1 X395.522 Y-81.884 F400
G1 X395.517 Y-81.977 F400
G1 X395.513 Y-82.059 F400
G1 X395.510 Y-82.142 F400
G1 X395.508 Y-82.232 F400
G1 X395.506 Y-82.329 F400
G1 X395.504 Y-82.434 F400
G1 X395.502 Y-82.544 F400
G1 X395.502 Y-82.658 F400
G1 X395.531 Y-83.519 F400
G1 X395.634 Y-84.863 F400
G1 X395.813 Y-86.123 F400
G1 X396.043 Y-87.028 F400
G1 X396.304 Y-87.656 F400
G1 X396.591 Y-88.178 F400
G1 X396.911 Y-88.692 F400
G1 X397.271 Y-89.228 F400
G1 X397.677 Y-89.791 F400
G1 X398.132 Y-90.375 F400
G1 X398.636 Y-90.968 F400
G1 X399.185 Y-91.550 F400
G1 X399.772 Y-92.101 F400
G1 X400.732 Y-92.932 F400
G1 X401.699 Y-93.669 F400
G1 X402.475 Y-94.144 F400
G1 X403.096 Y-94.418 F400
G1 X403.671 Y-94.604 F400
G1 X404.271 Y-94.760 F400
G1 X404.922 Y-94.903 F400
G1 X405.632 Y-95.030 F400
G1 X406.400 Y-95.134 F400
G1 X407.220 Y-95.206 F400
G1 X408.077 Y-95.233 F400
G1 X408.938 Y-95.204 F400
G1 X410.282 Y-95.101 F400
G1 X411.542 Y-94.922 F400
G1 X412.447 Y-94.692 F400
G1 X413.075 Y-94.431 F400
G1 X413.597 Y-94.144 F400
G1 X414.111 Y-93.824 F400
G1 X414.647 Y-93.464 F400
G1 X415.210 Y-93.058 F400
G1 X415.794 Y-92.603 F400
G1 X416.387 Y-92.099 F400
G1 X416.969 Y-91.550 F400
G1 X417.520 Y-90.963 F400
G1 X418.351 Y-90.003 F400
G1 X419.088 Y-89.037 F400
G1 X419.563 Y-88.261 F400
G1 X419.837 Y-87.640 F400
G1 X420.023 Y-87.064 F400
G1 X420.179 Y-86.464 F400
G1 X420.322 Y-85.813 F400
G1 X420.449 Y-85.103 F400
G1 X420.553 Y-84.335 F400
G1 X420.625 Y-83.515 F400
G1 X420.652 Y-82.658 F400
G1 X420.651 Y-82.543 F400
G1 X420.650 Y-82.363 F400
G1 X420.646 Y-82.190 F400
G1 X420.642 Y-82.062 F400
G1 X420.637 Y-81.969 F400
G1 X420.632 Y-81.887 F400
G1 X420.625 Y-81.805 F400
G1 X420.618 Y-81.716 F400
G1 X420.610 Y-81.620 F400
G1 X420.601 Y-81.518 F400
G1 X420.590 Y-81.410 F400
G1 X420.579 Y-81.299 F400
G1 X420.375 Y-81.299 F400
G1 X420.387 Y-81.411 F400
G1 X420.404 Y-81.588 F400
G1 X420.420 Y-81.757 F400
G1 X420.429 Y-81.884 F400
G1 X420.434 Y-81.977 F400
G1 X420.438 Y-82.059 F400
G1 X420.441 Y-82.142 F400
G1 X420.443 Y-82.232 F400
G1 X420.445 Y-82.329 F400
G1 X420.447 Y-82.434 F400
G1 X420.449 Y-82.544 F400
G1 X420.449 Y-82.658 F400
G1 X420.449 Y-82.658 F400
; Pass 3/5 at Z-12.000
G1 Z-12.000 F400.0
G1 X420.420 Y-83.505 F400
G1 X420.320 Y-84.827 F400
G1 X420.143 Y-86.066 F400
G1 X419.916 Y-86.957 F400
G1 X419.660 Y-87.575 F400
G1 X419.378 Y-88.088 F400
G1 X419.063 Y-88.594 F400
G1 X418.708 Y-89.122 F400
G1 X418.309 Y-89.676 F400
G1 X417.861 Y-90.251 F400
G1 X417.365 Y-90.833 F400
G1 X416.825 Y-91.406 F400
G1 X416.248 Y-91.948 F400
G1 X415.303 Y-92.765 F400
G1 X414.352 Y-93.490 F400
G1 X413.588 Y-93.958 F400
G1 X412.977 Y-94.228 F400
G1 X412.411 Y-94.410 F400
G1 X411.821 Y-94.564 F400
G1 X411.180 Y-94.705 F400
G1 X410.482 Y-94.830 F400
G1 X409.726 Y-94.933 F400
G1 X408.920 Y-95.003 F400
G1 X408.077 Y-95.030 F400
G1 X407.230 Y-95.001 F400
G1 X405.908 Y-94.901 F400
G1 X404.669 Y-94.724 F400
G1 X403.778 Y-94.497 F400
G1 X403.160 Y-94.241 F400
G1 X402.647 Y-93.959 F400
G1 X402.141 Y-93.644 F400
G1 X401.613 Y-93.289 F400
G1 X401.059 Y-92.890 F400
G1 X400.484 Y-92.442 F400
G1 X399.902 Y-91.946 F400
G1 X399.329 Y-91.406 F400
G1 X398.787 Y-90.829 F400
G1 X397.970 Y-89.884 F400
G1 X397.245 Y-88.933 F400
G1 X396.777 Y-88.169 F400
G1 X396.507 Y-87.558 F400
G1 X396.325 Y-86.992 F400
G1 X396.171 Y-86.402 F400
G1 X396.030 Y-85.761 F400
G1 X395.905 Y-85.063 F400
G1 X395.802 Y-84.307 F400
G1 X395.732 Y-83.501 F400
G1 X395.705 Y-82.658 F400
G1 X395.706 Y-82.543 F400
G1 X395.707 Y-82.363 F400
G1 X395.711 Y-82.190 F400
G1 X395.715 Y-82.062 F400
G1 X395.720 Y-81.969 F400
G1 X395.725 Y-81.887 F400
G1 X395.732 Y-81.805 F400
G1 X395.739 Y-81.716 F400
G1 X395.747 Y-81.620 F400
G1 X395.757 Y-81.518 F400
G1 X395.767 Y-81.410 F400
G1 X395.779 Y-81.299 F400
G1 X395.575 Y-81.299 F400
G1 X395.563 Y-81.411 F400
G1 X395.546 Y-81.588 F400
G1 X395.531 Y-81.757 F400
G1 X395.522 Y-81.884 F400
G1 X395.517 Y-81.977 F400
G1 X395.513 Y-82.059 F400
G1 X395.510 Y-82.142 F400
G1 X395.508 Y-82.232 F400
G1 X395.506 Y-82.329 F400
G1 X395.504 Y-82.434 F400
G1 X395.502 Y-82.544 F400
G1 X395.502 Y-82.658 F400
G1 X395.531 Y-83.519 F400
G1 X395.634 Y-84.863 F400
G1 X395.813 Y-86.123 F400
G1 X396.043 Y-87.028 F400
G1 X396.304 Y-87.656 F400
G1 X396.591 Y-88.178 F400
G1 X396.911 Y-88.692 F400
G1 X397.271 Y-89.228 F400
G1 X397.677 Y-89.791 F400
G1 X398.132 Y-90.375 F400
G1 X398.636 Y-90.968 F400
G1 X399.185 Y-91.550 F400
G1 X399.772 Y-92.101 F400
G1 X400.732 Y-92.932 F400
G1 X401.699 Y-93.669 F400
G1 X402.475 Y-94.144 F400
G1 X403.096 Y-94.418 F400
G1 X403.671 Y-94.604 F400
G1 X404.271 Y-94.760 F400
G1 X404.922 Y-94.903 F400
G1 X405.632 Y-95.030 F400
G1 X406.400 Y-95.134 F400
G1 X407.220 Y-95.206 F400
G1 X408.077 Y-95.233 F400
G1 X408.938 Y-95.204 F400
G1 X410.282 Y-95.101 F400
G1 X411.542 Y-94.922 F400
G1 X412.447 Y-94.692 F400
G1 X413.075 Y-94.431 F400
G1 X413.597 Y-94.144 F400
G1 X414.111 Y-93.824 F400
G1 X414.647 Y-93.464 F400
G1 X415.210 Y-93.058 F400
G1 X415.794 Y-92.603 F400
G1 X416.387 Y-92.099 F400
G1 X416.969 Y-91.550 F400
G1 X417.520 Y-90.963 F400
G1 X418.351 Y-90.003 F400
G1 X419.088 Y-89.037 F400
G1 X419.563 Y-88.261 F400
G1 X419.837 Y-87.640 F400
G1 X420.023 Y-87.064 F400
G1 X420.179 Y-86.464 F400
G1 X420.322 Y-85.813 F400
G1 X420.449 Y-85.103 F400
G1 X420.553 Y-84.335 F400
G1 X420.625 Y-83.515 F400
G1 X420.652 Y-82.658 F400
G1 X420.651 Y-82.543 F400
G1 X420.650 Y-82.363 F400
G1 X420.646 Y-82.190 F400
G1 X420.642 Y-82.062 F400
G1 X420.637 Y-81.969 F400
G1 X420.632 Y-81.887 F400
G1 X420.625 Y-81.805 F400
G1 X420.618 Y-81.716 F400
G1 X420.610 Y-81.620 F400
G1 X420.601 Y-81.518 F400
G1 X420.590 Y-81.410 F400
G1 X420.579 Y-81.299 F400
G1 X420.375 Y-81.299 F400
G1 X420.387 Y-81.411 F400
G1 X420.404 Y-81.588 F400
G1 X420.420 Y-81.757 F400
G1 X420.429 Y-81.884 F400
G1 X420.434 Y-81.977 F400
G1 X420.438 Y-82.059 F400
G1 X420.441 Y-82.142 F400
G1 X420.443 Y-82.232 F400
G1 X420.445 Y-82.329 F400
G1 X420.447 Y-82.434 F400
G1 X420.449 Y-82.544 F400
G1 X420.449 Y-82.658 F400
G1 X420.449 Y-82.658 F400
; Pass 4/5 at Z-16.000
G1 Z-16.000 F400.0
G1 X420.420 Y-83.505 F400
G1 X420.320 Y-84.827 F400
G1 X420.143 Y-86.066 F400
G1 X419.916 Y-86.957 F400
G1 X419.660 Y-87.575 F400
G1 X419.378 Y-88.088 F400
G1 X419.063 Y-88.594 F400
G1 X418.708 Y-89.122 F400
G1 X418.309 Y-89.676 F400
G1 X417.861 Y-90.251 F400
G1 X417.365 Y-90.833 F400
G1 X416.825 Y-91.406 F400
G1 X416.248 Y-91.948 F400
G1 X415.303 Y-92.765 F400
G1 X414.352 Y-93.490 F400
G1 X413.588 Y-93.958 F400
G1 X412.977 Y-94.228 F400
G1 X412.411 Y-94.410 F400
G1 X411.821 Y-94.564 F400
G1 X411.180 Y-94.705 F400
G1 X410.482 Y-94.830 F400
G1 X409.726 Y-94.933 F400
G1 X408.920 Y-95.003 F400
G1 X408.077 Y-95.030 F400
G1 X407.230 Y-95.001 F400
G1 X405.908 Y-94.901 F400
G1 X404.669 Y-94.724 F400
G1 X403.778 Y-94.497 F400
G1 X403.160 Y-94.241 F400
G1 X402.647 Y-93.959 F400
G1 X402.141 Y-93.644 F400
G1 X401.613 Y-93.289 F400
G1 X401.059 Y-92.890 F400
G1 X400.484 Y-92.442 F400
G1 X399.902 Y-91.946 F400
G1 X399.329 Y-91.406 F400
G1 X398.787 Y-90.829 F400
G1 X397.970 Y-89.884 F400
G1 X397.245 Y-88.933 F400
G1 X396.777 Y-88.169 F400
G1 X396.507 Y-87.558 F400
G1 X396.325 Y-86.992 F400
G1 X396.171 Y-86.402 F400
G1 X396.030 Y-85.761 F400
G1 X395.905 Y-85.063 F400
G1 X395.802 Y-84.307 F400
G1 X395.732 Y-83.501 F400
G1 X395.705 Y-82.658 F400
G1 X395.706 Y-82.543 F400
G1 X395.707 Y-82.363 F400
G1 X395.711 Y-82.190 F400
G1 X395.715 Y-82.062 F400
G1 X395.720 Y-81.969 F400
G1 X395.725 Y-81.887 F400
G1 X395.732 Y-81.805 F400
G1 X395.739 Y-81.716 F400
G1 X395.747 Y-81.620 F400
G1 X395.757 Y-81.518 F400
G1 X395.767 Y-81.410 F400
G1 X395.779 Y-81.299 F400
G1 X395.575 Y-81.299 F400
G1 X395.563 Y-81.411 F400
G1 X395.546 Y-81.588 F400
G1 X395.531 Y-81.757 F400
G1 X395.522 Y-81.884 F400
G1 X395.517 Y-81.977 F400
G1 X395.513 Y-82.059 F400
G1 X395.510 Y-82.142 F400
G1 X395.508 Y-82.232 F400
G1 X395.506 Y-82.329 F400
G1 X395.504 Y-82.434 F400
G1 X395.502 Y-82.544 F400
G1 X395.502 Y-82.658 F400
G1 X395.531 Y-83.519 F400
G1 X395.634 Y-84.863 F400
G1 X395.813 Y-86.123 F400
G1 X396.043 Y-87.028 F400
G1 X396.304 Y-87.656 F400
G1 X396.591 Y-88.178 F400
G1 X396.911 Y-88.692 F400
G1 X397.271 Y-89.228 F400
G1 X397.677 Y-89.791 F400
G1 X398.132 Y-90.375 F400
G1 X398.636 Y-90.968 F400
G1 X399.185 Y-91.550 F400
G1 X399.772 Y-92.101 F400
G1 X400.732 Y-92.932 F400
G1 X401.699 Y-93.669 F400
G1 X402.475 Y-94.144 F400
G1 X403.096 Y-94.418 F400
G1 X403.671 Y-94.604 F400
G1 X404.271 Y-94.760 F400
G1 X404.922 Y-94.903 F400
G1 X405.632 Y-95.030 F400
G1 X406.400 Y-95.134 F400
G1 X407.220 Y-95.206 F400
G1 X408.077 Y-95.233 F400
G1 X408.938 Y-95.204 F400
G1 X410.282 Y-95.101 F400
G1 X411.542 Y-94.922 F400
G1 X412.447 Y-94.692 F400
G1 X413.075 Y-94.431 F400
G1 X413.597 Y-94.144 F400
G1 X414.111 Y-93.824 F400
G1 X414.647 Y-93.464 F400
G1 X415.210 Y-93.058 F400
G1 X415.794 Y-92.603 F400
G1 X416.387 Y-92.099 F400
G1 X416.969 Y-91.550 F400
G1 X417.520 Y-90.963 F400
G1 X418.351 Y-90.003 F400
G1 X419.088 Y-89.037 F400
G1 X419.563 Y-88.261 F400
G1 X419.837 Y-87.640 F400
G1 X420.023 Y-87.064 F400
G1 X420.179 Y-86.464 F400
G1 X420.322 Y-85.813 F400
G1 X420.449 Y-85.103 F400
G1 X420.553 Y-84.335 F400
G1 X420.625 Y-83.515 F400
G1 X420.652 Y-82.658 F400
G1 X420.651 Y-82.543 F400
G1 X420.650 Y-82.363 F400
G1 X420.646 Y-82.190 F400
G1 X420.642 Y-82.062 F400
G1 X420.637 Y-81.969 F400
G1 X420.632 Y-81.887 F400
G1 X420.625 Y-81.805 F400
G1 X420.618 Y-81.716 F400
G1 X420.610 Y-81.620 F400
G1 X420.601 Y-81.518 F400
G1 X420.590 Y-81.410 F400
G1 X420.579 Y-81.299 F400
G1 X420.375 Y-81.299 F400
G1 X420.387 Y-81.411 F400
G1 X420.404 Y-81.588 F400
G1 X420.420 Y-81.757 F400
G1 X420.429 Y-81.884 F400
G1 X420.434 Y-81.977 F400
G1 X420.438 Y-82.059 F400
G1 X420.441 Y-82.142 F400
G1 X420.443 Y-82.232 F400
G1 X420.445 Y-82.329 F400
G1 X420.447 Y-82.434 F400
G1 X420.449 Y-82.544 F400
G1 X420.449 Y-82.658 F400
G1 X420.449 Y-82.658 F400
; Pass 5/5 at Z-17.000
G1 Z-17.000 F400.0
G1 X420.420 Y-83.505 F400
G1 X420.320 Y-84.827 F400
G1 X420.143 Y-86.066 F400
G1 X419.916 Y-86.957 F400
G1 X419.660 Y-87.575 F400
G1 X419.378 Y-88.088 F400
G1 X419.063 Y-88.594 F400
G1 X418.708 Y-89.122 F400
G1 X418.309 Y-89.676 F400
G1 X417.861 Y-90.251 F400
G1 X417.365 Y-90.833 F400
G1 X416.825 Y-91.406 F400
G1 X416.248 Y-91.948 F400
G1 X415.303 Y-92.765 F400
G1 X414.352 Y-93.490 F400
G1 X413.588 Y-93.958 F400
G1 X412.977 Y-94.228 F400
G1 X412.411 Y-94.410 F400
G1 X411.821 Y-94.564 F400
G1 X411.180 Y-94.705 F400
G1 X410.482 Y-94.830 F400
G1 X409.726 Y-94.933 F400
G1 X408.920 Y-95.003 F400
G1 X408.077 Y-95.030 F400
G1 X407.230 Y-95.001 F400
G1 X405.908 Y-94.901 F400
G1 X404.669 Y-94.724 F400
G1 X403.778 Y-94.497 F400
G1 X403.160 Y-94.241 F400
G1 X402.647 Y-93.959 F400
G1 X402.141 Y-93.644 F400
G1 X401.613 Y-93.289 F400
G1 X401.059 Y-92.890 F400
G1 X400.484 Y-92.442 F400
G1 X399.902 Y-91.946 F400
G1 X399.329 Y-91.406 F400
G1 X398.787 Y-90.829 F400
G1 X397.970 Y-89.884 F400
G1 X397.245 Y-88.933 F400
G1 X396.777 Y-88.169 F400
G1 X396.507 Y-87.558 F400
G1 X396.325 Y-86.992 F400
G1 X396.171 Y-86.402 F400
G1 X396.030 Y-85.761 F400
G1 X395.905 Y-85.063 F400
G1 X395.802 Y-84.307 F400
G1 X395.732 Y-83.501 F400
G1 X395.705 Y-82.658 F400
G1 X395.706 Y-82.543 F400
G1 X395.707 Y-82.363 F400
G1 X395.711 Y-82.190 F400
G1 X395.715 Y-82.062 F400
G1 X395.720 Y-81.969 F400
G1 X395.725 Y-81.887 F400
G1 X395.732 Y-81.805 F400
G1 X395.739 Y-81.716 F400
G1 X395.747 Y-81.620 F400
G1 X395.757 Y-81.518 F400
G1 X395.767 Y-81.410 F400
G1 X395.779 Y-81.299 F400
G1 X395.575 Y-81.299 F400
G1 X395.563 Y-81.411 F400
G1 X395.546 Y-81.588 F400
G1 X395.531 Y-81.757 F400
G1 X395.522 Y-81.884 F400
G1 X395.517 Y-81.977 F400
G1 X395.513 Y-82.059 F400
G1 X395.510 Y-82.142 F400
G1 X395.508 Y-82.232 F400
G1 X395.506 Y-82.329 F400
G1 X395.504 Y-82.434 F400
G1 X395.502 Y-82.544 F400
G1 X395.502 Y-82.658 F400
G1 X395.531 Y-83.519 F400
G1 X395.634 Y-84.863 F400
G1 X395.813 Y-86.123 F400
G1 X396.043 Y-87.028 F400
G1 X396.304 Y-87.656 F400
G1 X396.591 Y-88.178 F400
G1 X396.911 Y-88.692 F400
G1 X397.271 Y-89.228 F400
G1 X397.677 Y-89.791 F400
G1 X398.132 Y-90.375 F400
G1 X398.636 Y-90.968 F400
G1 X399.185 Y-91.550 F400
G1 X399.772 Y-92.101 F400
G1 X400.732 Y-92.932 F400
G1 X401.699 Y-93.669 F400
G1 X402.475 Y-94.144 F400
G1 X403.096 Y-94.418 F400
G1 X403.671 Y-94.604 F400
G1 X404.271 Y-94.760 F400
G1 X404.922 Y-94.903 F400
G1 X405.632 Y-95.030 F400
G1 X406.400 Y-95.134 F400
G1 X407.220 Y-95.206 F400
G1 X408.077 Y-95.233 F400
G1 X408.938 Y-95.204 F400
G1 X410.282 Y-95.101 F400
G1 X411.542 Y-94.922 F400
G1 X412.447 Y-94.692 F400
G1 X413.075 Y-94.431 F400
G1 X413.597 Y-94.144 F400
G1 X414.111 Y-93.824 F400
G1 X414.647 Y-93.464 F400
G1 X415.210 Y-93.058 F400
G1 X415.794 Y-92.603 F400
G1 X416.387 Y-92.099 F400
G1 X416.969 Y-91.550 F400
G1 X417.520 Y-90.963 F400
G1 X418.351 Y-90.003 F400
G1 X419.088 Y-89.037 F400
G1 X419.563 Y-88.261 F400
G1 X419.837 Y-87.640 F400
G1 X420.023 Y-87.064 F400
G1 X420.179 Y-86.464 F400
G1 X420.322 Y-85.813 F400
G1 X420.449 Y-85.103 F400
G1 X420.553 Y-84.335 F400
G1 X420.625 Y-83.515 F400
G1 X420.652 Y-82.658 F400
G1 X420.651 Y-82.543 F400
G1 X420.650 Y-82.363 F400
G1 X420.646 Y-82.190 F400
G1 X420.642 Y-82.062 F400
G1 X420.637 Y-81.969 F400
G1 X420.632 Y-81.887 F400
G1 X420.625 Y-81.805 F400
G1 X420.618 Y-81.716 F400
G1 X420.610 Y-81.620 F400
G1 X420.601 Y-81.518 F400
G1 X420.590 Y-81.410 F400
G1 X420.579 Y-81.299 F400
G1 X420.375 Y-81.299 F400
G1 X420.387 Y-81.411 F400
G1 X420.404 Y-81.588 F400
G1 X420.420 Y-81.757 F400
G1 X420.429 Y-81.884 F400
G1 X420.434 Y-81.977 F400
G1 X420.438 Y-82.059 F400
G1 X420.441 Y-82.142 F400
G1 X420.443 Y-82.232 F400
G1 X420.445 Y-82.329 F400
G1 X420.447 Y-82.434 F400
G1 X420.449 Y-82.544 F400
G1 X420.449 Y-82.658 F400
G1 X420.449 Y-82.658 F400
; --- Shape: PATH ---
; Target Depth: 17mm, Steps: 5
; Pass 1/5 at Z-4.000
G0 Z5.000
G0 X416.223 Y-100.228
G1 Z-4.000 F400.0
G1 X416.112 Y-100.558 F400
G1 X415.924 Y-101.072 F400
G1 X415.726 Y-101.555 F400
G1 X415.557 Y-101.902 F400
G1 X415.411 Y-102.145 F400
G1 X415.270 Y-102.348 F400
G1 X415.119 Y-102.550 F400
G1 X414.953 Y-102.763 F400
G1 X414.769 Y-102.989 F400
G1 X414.566 Y-103.225 F400
G1 X414.346 Y-103.469 F400
G1 X414.112 Y-103.712 F400
G1 X413.714 Y-104.086 F400
G1 X413.062 Y-104.651 F400
G1 X412.406 Y-105.152 F400
G1 X411.879 Y-105.475 F400
G1 X411.458 Y-105.662 F400
G1 X411.067 Y-105.787 F400
G1 X410.660 Y-105.894 F400
G1 X410.217 Y-105.991 F400
G1 X409.736 Y-106.077 F400
G1 X409.214 Y-106.148 F400
G1 X408.658 Y-106.197 F400
G1 X408.076 Y-106.215 F400
G1 X407.492 Y-106.195 F400
G1 X406.580 Y-106.126 F400
G1 X405.724 Y-106.004 F400
G1 X405.110 Y-105.847 F400
G1 X404.684 Y-105.670 F400
G1 X404.329 Y-105.475 F400
G1 X403.981 Y-105.258 F400
G1 X403.616 Y-105.013 F400
G1 X403.234 Y-104.737 F400
G1 X402.837 Y-104.427 F400
G1 X402.435 Y-104.085 F400
G1 X402.040 Y-103.712 F400
G1 X401.805 Y-103.467 F400
G1 X401.443 Y-103.070 F400
G1 X401.111 Y-102.678 F400
G1 X400.883 Y-102.371 F400
G1 X400.734 Y-102.130 F400
G1 X400.617 Y-101.911 F400
G1 X400.506 Y-101.682 F400
G1 X400.391 Y-101.434 F400
G1 X400.274 Y-101.163 F400
G1 X400.155 Y-100.870 F400
G1 X400.039 Y-100.556 F400
G1 X399.929 Y-100.228 F400
G1 X399.717 Y-100.228 F400
G1 X399.830 Y-100.572 F400
G1 X400.021 Y-101.108 F400
G1 X400.224 Y-101.611 F400
G1 X400.398 Y-101.972 F400
G1 X400.549 Y-102.225 F400
G1 X400.695 Y-102.437 F400
G1 X400.851 Y-102.647 F400
G1 X401.024 Y-102.869 F400
G1 X401.214 Y-103.104 F400
G1 X401.424 Y-103.350 F400
G1 X401.653 Y-103.603 F400
G1 X401.896 Y-103.856 F400
G1 X402.304 Y-104.239 F400
G1 X402.971 Y-104.817 F400
G1 X403.643 Y-105.330 F400
G1 X404.182 Y-105.661 F400
G1 X404.613 Y-105.852 F400
G1 X405.013 Y-105.981 F400
G1 X405.430 Y-106.090 F400
G1 X405.883 Y-106.189 F400
G1 X406.376 Y-106.278 F400
G1 X406.910 Y-106.350 F400
G1 X407.480 Y-106.400 F400
G1 X408.075 Y-106.419 F400
G1 X408.673 Y-106.399 F400
G1 X409.607 Y-106.327 F400
G1 X410.482 Y-106.203 F400
G1 X411.111 Y-106.042 F400
G1 X411.548 Y-105.861 F400
G1 X411.911 Y-105.662 F400
G1 X412.268 Y-105.439 F400
G1 X412.641 Y-105.188 F400
G1 X413.032 Y-104.905 F400
G1 X413.438 Y-104.589 F400
G1 X413.849 Y-104.238 F400
G1 X414.254 Y-103.856 F400
G1 X414.498 Y-103.601 F400
G1 X414.874 Y-103.189 F400
G1 X415.218 Y-102.781 F400
G1 X415.454 Y-102.461 F400
G1 X415.608 Y-102.210 F400
G1 X415.728 Y-101.981 F400
G1 X415.843 Y-101.743 F400
G1 X415.961 Y-101.485 F400
G1 X416.081 Y-101.202 F400
G1 X416.202 Y-100.897 F400
G1 X416.321 Y-100.570 F400
G1 X416.433 Y-100.228 F400
G1 X416.221 Y-100.228 F400
G1 X416.223 Y-100.228 F400
; Pass 2/5 at Z-8.000
G1 Z-8.000 F400.0
G1 X416.112 Y-100.558 F400
G1 X415.924 Y-101.072 F400
G1 X415.726 Y-101.555 F400
G1 X415.557 Y-101.902 F400
G1 X415.411 Y-102.145 F400
G1 X415.270 Y-102.348 F400
G1 X415.119 Y-102.550 F400
G1 X414.953 Y-102.763 F400
G1 X414.769 Y-102.989 F400
G1 X414.566 Y-103.225 F400
G1 X414.346 Y-103.469 F400
G1 X414.112 Y-103.712 F400
G1 X413.714 Y-104.086 F400
G1 X413.062 Y-104.651 F400
G1 X412.406 Y-105.152 F400
G1 X411.879 Y-105.475 F400
G1 X411.458 Y-105.662 F400
G1 X411.067 Y-105.787 F400
G1 X410.660 Y-105.894 F400
G1 X410.217 Y-105.991 F400
G1 X409.736 Y-106.077 F400
G1 X409.214 Y-106.148 F400
G1 X408.658 Y-106.197 F400
G1 X408.076 Y-106.215 F400
G1 X407.492 Y-106.195 F400
G1 X406.580 Y-106.126 F400
G1 X405.724 Y-106.004 F400
G1 X405.110 Y-105.847 F400
G1 X404.684 Y-105.670 F400
G1 X404.329 Y-105.475 F400
G1 X403.981 Y-105.258 F400
G1 X403.616 Y-105.013 F400
G1 X403.234 Y-104.737 F400
G1 X402.837 Y-104.427 F400
G1 X402.435 Y-104.085 F400
G1 X402.040 Y-103.712 F400
G1 X401.805 Y-103.467 F400
G1 X401.443 Y-103.070 F400
G1 X401.111 Y-102.678 F400
G1 X400.883 Y-102.371 F400
G1 X400.734 Y-102.130 F400
G1 X400.617 Y-101.911 F400
G1 X400.506 Y-101.682 F400
G1 X400.391 Y-101.434 F400
G1 X400.274 Y-101.163 F400
G1 X400.155 Y-100.870 F400
G1 X400.039 Y-100.556 F400
G1 X399.929 Y-100.228 F400
G1 X399.717 Y-100.228 F400
G1 X399.830 Y-100.572 F400
G1 X400.021 Y-101.108 F400
G1 X400.224 Y-101.611 F400
G1 X400.398 Y-101.972 F400
G1 X400.549 Y-102.225 F400
G1 X400.695 Y-102.437 F400
G1 X400.851 Y-102.647 F400
G1 X401.024 Y-102.869 F400
G1 X401.214 Y-103.104 F400
G1 X401.424 Y-103.350 F400
G1 X401.653 Y-103.603 F400
G1 X401.896 Y-103.856 F400
G1 X402.304 Y-104.239 F400
G1 X402.971 Y-104.817 F400
G1 X403.643 Y-105.330 F400
G1 X404.182 Y-105.661 F400
G1 X404.613 Y-105.852 F400
G1 X405.013 Y-105.981 F400
G1 X405.430 Y-106.090 F400
G1 X405.883 Y-106.189 F400
G1 X406.376 Y-106.278 F400
G1 X406.910 Y-106.350 F400
G1 X407.480 Y-106.400 F400
G1 X408.075 Y-106.419 F400
G1 X408.673 Y-106.399 F400
G1 X409.607 Y-106.327 F400
G1 X410.482 Y-106.203 F400
G1 X411.111 Y-106.042 F400
G1 X411.548 Y-105.861 F400
G1 X411.911 Y-105.662 F400
G1 X412.268 Y-105.439 F400
G1 X412.641 Y-105.188 F400
G1 X413.032 Y-104.905 F400
G1 X413.438 Y-104.589 F400
G1 X413.849 Y-104.238 F400
G1 X414.254 Y-103.856 F400
G1 X414.498 Y-103.601 F400
G1 X414.874 Y-103.189 F400
G1 X415.218 Y-102.781 F400
G1 X415.454 Y-102.461 F400
G1 X415.608 Y-102.210 F400
G1 X415.728 Y-101.981 F400
G1 X415.843 Y-101.743 F400
G1 X415.961 Y-101.485 F400
G1 X416.081 Y-101.202 F400
G1 X416.202 Y-100.897 F400
G1 X416.321 Y-100.570 F400
G1 X416.433 Y-100.228 F400
G1 X416.221 Y-100.228 F400
G1 X416.223 Y-100.228 F400
; Pass 3/5 at Z-12.000
G1 Z-12.000 F400.0
G1 X416.112 Y-100.558 F400
G1 X415.924 Y-101.072 F400
G1 X415.726 Y-101.555 F400
G1 X415.557 Y-101.902 F400
G1 X415.411 Y-102.145 F400
G1 X415.270 Y-102.348 F400
G1 X415.119 Y-102.550 F400
G1 X414.953 Y-102.763 F400
G1 X414.769 Y-102.989 F400
G1 X414.566 Y-103.225 F400
G1 X414.346 Y-103.469 F400
G1 X414.112 Y-103.712 F400
G1 X413.714 Y-104.086 F400
G1 X413.062 Y-104.651 F400
G1 X412.406 Y-105.152 F400
G1 X411.879 Y-105.475 F400
G1 X411.458 Y-105.662 F400
G1 X411.067 Y-105.787 F400
G1 X410.660 Y-105.894 F400
G1 X410.217 Y-105.991 F400
G1 X409.736 Y-106.077 F400
G1 X409.214 Y-106.148 F400
G1 X408.658 Y-106.197 F400
G1 X408.076 Y-106.215 F400
G1 X407.492 Y-106.195 F400
G1 X406.580 Y-106.126 F400
G1 X405.724 Y-106.004 F400
G1 X405.110 Y-105.847 F400
G1 X404.684 Y-105.670 F400
G1 X404.329 Y-105.475 F400
G1 X403.981 Y-105.258 F400
G1 X403.616 Y-105.013 F400
G1 X403.234 Y-104.737 F400
G1 X402.837 Y-104.427 F400
G1 X402.435 Y-104.085 F400
G1 X402.040 Y-103.712 F400
G1 X401.805 Y-103.467 F400
G1 X401.443 Y-103.070 F400
G1 X401.111 Y-102.678 F400
G1 X400.883 Y-102.371 F400
G1 X400.734 Y-102.130 F400
G1 X400.617 Y-101.911 F400
G1 X400.506 Y-101.682 F400
G1 X400.391 Y-101.434 F400
G1 X400.274 Y-101.163 F400
G1 X400.155 Y-100.870 F400
G1 X400.039 Y-100.556 F400
G1 X399.929 Y-100.228 F400
G1 X399.717 Y-100.228 F400
G1 X399.830 Y-100.572 F400
G1 X400.021 Y-101.108 F400
G1 X400.224 Y-101.611 F400
G1 X400.398 Y-101.972 F400
G1 X400.549 Y-102.225 F400
G1 X400.695 Y-102.437 F400
G1 X400.851 Y-102.647 F400
G1 X401.024 Y-102.869 F400
G1 X401.214 Y-103.104 F400
G1 X401.424 Y-103.350 F400
G1 X401.653 Y-103.603 F400
G1 X401.896 Y-103.856 F400
G1 X402.304 Y-104.239 F400
G1 X402.971 Y-104.817 F400
G1 X403.643 Y-105.330 F400
G1 X404.182 Y-105.661 F400
G1 X404.613 Y-105.852 F400
G1 X405.013 Y-105.981 F400
G1 X405.430 Y-106.090 F400
G1 X405.883 Y-106.189 F400
G1 X406.376 Y-106.278 F400
G1 X406.910 Y-106.350 F400
G1 X407.480 Y-106.400 F400
G1 X408.075 Y-106.419 F400
G1 X408.673 Y-106.399 F400
G1 X409.607 Y-106.327 F400
G1 X410.482 Y-106.203 F400
G1 X411.111 Y-106.042 F400
G1 X411.548 Y-105.861 F400
G1 X411.911 Y-105.662 F400
G1 X412.268 Y-105.439 F400
G1 X412.641 Y-105.188 F400
G1 X413.032 Y-104.905 F400
G1 X413.438 Y-104.589 F400
G1 X413.849 Y-104.238 F400
G1 X414.254 Y-103.856 F400
G1 X414.498 Y-103.601 F400
G1 X414.874 Y-103.189 F400
G1 X415.218 Y-102.781 F400
G1 X415.454 Y-102.461 F400
G1 X415.608 Y-102.210 F400
G1 X415.728 Y-101.981 F400
G1 X415.843 Y-101.743 F400
G1 X415.961 Y-101.485 F400
G1 X416.081 Y-101.202 F400
G1 X416.202 Y-100.897 F400
G1 X416.321 Y-100.570 F400
G1 X416.433 Y-100.228 F400
G1 X416.221 Y-100.228 F400
G1 X416.223 Y-100.228 F400
; Pass 4/5 at Z-16.000
G1 Z-16.000 F400.0
G1 X416.112 Y-100.558 F400
G1 X415.924 Y-101.072 F400
G1 X415.726 Y-101.555 F400
G1 X415.557 Y-101.902 F400
G1 X415.411 Y-102.145 F400
G1 X415.270 Y-102.348 F400
G1 X415.119 Y-102.550 F400
G1 X414.953 Y-102.763 F400
G1 X414.769 Y-102.989 F400
G1 X414.566 Y-103.225 F400
G1 X414.346 Y-103.469 F400
G1 X414.112 Y-103.712 F400
G1 X413.714 Y-104.086 F400
G1 X413.062 Y-104.651 F400
G1 X412.406 Y-105.152 F400
G1 X411.879 Y-105.475 F400
G1 X411.458 Y-105.662 F400
G1 X411.067 Y-105.787 F400
G1 X410.660 Y-105.894 F400
G1 X410.217 Y-105.991 F400
G1 X409.736 Y-106.077 F400
G1 X409.214 Y-106.148 F400
G1 X408.658 Y-106.197 F400
G1 X408.076 Y-106.215 F400
G1 X407.492 Y-106.195 F400
G1 X406.580 Y-106.126 F400
G1 X405.724 Y-106.004 F400
G1 X405.110 Y-105.847 F400
G1 X404.684 Y-105.670 F400
G1 X404.329 Y-105.475 F400
G1 X403.981 Y-105.258 F400
G1 X403.616 Y-105.013 F400
G1 X403.234 Y-104.737 F400
G1 X402.837 Y-104.427 F400
G1 X402.435 Y-104.085 F400
G1 X402.040 Y-103.712 F400
G1 X401.805 Y-103.467 F400
G1 X401.443 Y-103.070 F400
G1 X401.111 Y-102.678 F400
G1 X400.883 Y-102.371 F400
G1 X400.734 Y-102.130 F400
G1 X400.617 Y-101.911 F400
G1 X400.506 Y-101.682 F400
G1 X400.391 Y-101.434 F400
G1 X400.274 Y-101.163 F400
G1 X400.155 Y-100.870 F400
G1 X400.039 Y-100.556 F400
G1 X399.929 Y-100.228 F400
G1 X399.717 Y-100.228 F400
G1 X399.830 Y-100.572 F400
G1 X400.021 Y-101.108 F400
G1 X400.224 Y-101.611 F400
G1 X400.398 Y-101.972 F400
G1 X400.549 Y-102.225 F400
G1 X400.695 Y-102.437 F400
G1 X400.851 Y-102.647 F400
G1 X401.024 Y-102.869 F400
G1 X401.214 Y-103.104 F400
G1 X401.424 Y-103.350 F400
G1 X401.653 Y-103.603 F400
G1 X401.896 Y-103.856 F400
G1 X402.304 Y-104.239 F400
G1 X402.971 Y-104.817 F400
G1 X403.643 Y-105.330 F400
G1 X404.182 Y-105.661 F400
G1 X404.613 Y-105.852 F400
G1 X405.013 Y-105.981 F400
G1 X405.430 Y-106.090 F400
G1 X405.883 Y-106.189 F400
G1 X406.376 Y-106.278 F400
G1 X406.910 Y-106.350 F400
G1 X407.480 Y-106.400 F400
G1 X408.075 Y-106.419 F400
G1 X408.673 Y-106.399 F400
G1 X409.607 Y-106.327 F400
G1 X410.482 Y-106.203 F400
G1 X411.111 Y-106.042 F400
G1 X411.548 Y-105.861 F400
G1 X411.911 Y-105.662 F400
G1 X412.268 Y-105.439 F400
G1 X412.641 Y-105.188 F400
G1 X413.032 Y-104.905 F400
G1 X413.438 Y-104.589 F400
G1 X413.849 Y-104.238 F400
G1 X414.254 Y-103.856 F400
G1 X414.498 Y-103.601 F400
G1 X414.874 Y-103.189 F400
G1 X415.218 Y-102.781 F400
G1 X415.454 Y-102.461 F400
G1 X415.608 Y-102.210 F400
G1 X415.728 Y-101.981 F400
G1 X415.843 Y-101.743 F400
G1 X415.961 Y-101.485 F400
G1 X416.081 Y-101.202 F400
G1 X416.202 Y-100.897 F400
G1 X416.321 Y-100.570 F400
G1 X416.433 Y-100.228 F400
G1 X416.221 Y-100.228 F400
G1 X416.223 Y-100.228 F400
; Pass 5/5 at Z-17.000
G1 Z-17.000 F400.0
G1 X416.112 Y-100.558 F400
G1 X415.924 Y-101.072 F400
G1 X415.726 Y-101.555 F400
G1 X415.557 Y-101.902 F400
G1 X415.411 Y-102.145 F400
G1 X415.270 Y-102.348 F400
G1 X415.119 Y-102.550 F400
G1 X414.953 Y-102.763 F400
G1 X414.769 Y-102.989 F400
G1 X414.566 Y-103.225 F400
G1 X414.346 Y-103.469 F400
G1 X414.112 Y-103.712 F400
G1 X413.714 Y-104.086 F400
G1 X413.062 Y-104.651 F400
G1 X412.406 Y-105.152 F400
G1 X411.879 Y-105.475 F400
G1 X411.458 Y-105.662 F400
G1 X411.067 Y-105.787 F400
G1 X410.660 Y-105.894 F400
G1 X410.217 Y-105.991 F400
G1 X409.736 Y-106.077 F400
G1 X409.214 Y-106.148 F400
G1 X408.658 Y-106.197 F400
G1 X408.076 Y-106.215 F400
G1 X407.492 Y-106.195 F400
G1 X406.580 Y-106.126 F400
G1 X405.724 Y-106.004 F400
G1 X405.110 Y-105.847 F400
G1 X404.684 Y-105.670 F400
G1 X404.329 Y-105.475 F400
G1 X403.981 Y-105.258 F400
G1 X403.616 Y-105.013 F400
G1 X403.234 Y-104.737 F400
G1 X402.837 Y-104.427 F400
G1 X402.435 Y-104.085 F400
G1 X402.040 Y-103.712 F400
G1 X401.805 Y-103.467 F400
G1 X401.443 Y-103.070 F400
G1 X401.111 Y-102.678 F400
G1 X400.883 Y-102.371 F400
G1 X400.734 Y-102.130 F400
G1 X400.617 Y-101.911 F400
G1 X400.506 Y-101.682 F400
G1 X400.391 Y-101.434 F400
G1 X400.274 Y-101.163 F400
G1 X400.155 Y-100.870 F400
G1 X400.039 Y-100.556 F400
G1 X399.929 Y-100.228 F400
G1 X399.717 Y-100.228 F400
G1 X399.830 Y-100.572 F400
G1 X400.021 Y-101.108 F400
G1 X400.224 Y-101.611 F400
G1 X400.398 Y-101.972 F400
G1 X400.549 Y-102.225 F400
G1 X400.695 Y-102.437 F400
G1 X400.851 Y-102.647 F400
G1 X401.024 Y-102.869 F400
G1 X401.214 Y-103.104 F400
G1 X401.424 Y-103.350 F400
G1 X401.653 Y-103.603 F400
G1 X401.896 Y-103.856 F400
G1 X402.304 Y-104.239 F400
G1 X402.971 Y-104.817 F400
G1 X403.643 Y-105.330 F400
G1 X404.182 Y-105.661 F400
G1 X404.613 Y-105.852 F400
G1 X405.013 Y-105.981 F400
G1 X405.430 Y-106.090 F400
G1 X405.883 Y-106.189 F400
G1 X406.376 Y-106.278 F400
G1 X406.910 Y-106.350 F400
G1 X407.480 Y-106.400 F400
G1 X408.075 Y-106.419 F400
G1 X408.673 Y-106.399 F400
G1 X409.607 Y-106.327 F400
G1 X410.482 Y-106.203 F400
G1 X411.111 Y-106.042 F400
G1 X411.548 Y-105.861 F400
G1 X411.911 Y-105.662 F400
G1 X412.268 Y-105.439 F400
G1 X412.641 Y-105.188 F400
G1 X413.032 Y-104.905 F400
G1 X413.438 Y-104.589 F400
G1 X413.849 Y-104.238 F400
G1 X414.254 Y-103.856 F400
G1 X414.498 Y-103.601 F400
G1 X414.874 Y-103.189 F400
G1 X415.218 Y-102.781 F400
G1 X415.454 Y-102.461 F400
G1 X415.608 Y-102.210 F400
G1 X415.728 Y-101.981 F400
G1 X415.843 Y-101.743 F400
G1 X415.961 Y-101.485 F400
G1 X416.081 Y-101.202 F400
G1 X416.202 Y-100.897 F400
G1 X416.321 Y-100.570 F400
G1 X416.433 Y-100.228 F400
G1 X416.221 Y-100.228 F400
G1 X416.223 Y-100.228 F400
; --- Shape: PATH ---
; Target Depth: 17mm, Steps: 5
; Pass 1/5 at Z-4.000
G0 Z5.000
G0 X425.678 Y-70.797
G1 Z-4.000 F400.0
G1 X426.111 Y-71.006 F400
G1 X426.795 Y-71.335 F400
G1 X427.449 Y-71.644 F400
G1 X427.936 Y-71.865 F400
G1 X428.295 Y-72.014 F400
G1 X428.609 Y-72.133 F400
G1 X428.930 Y-72.243 F400
G1 X429.275 Y-72.351 F400
G1 X429.649 Y-72.457 F400
G1 X430.050 Y-72.556 F400
G1 X430.475 Y-72.645 F400
G1 X430.915 Y-72.716 F400
G1 X431.359 Y-72.764 F400
G1 X432.058 Y-72.815 F400
G1 X432.725 Y-72.829 F400
G1 X433.217 Y-72.796 F400
G1 X433.569 Y-72.733 F400
G1 X433.868 Y-72.650 F400
G1 X434.164 Y-72.553 F400
G1 X434.474 Y-72.441 F400
G1 X434.799 Y-72.311 F400
G1 X435.137 Y-72.162 F400
G1 X435.480 Y-71.992 F400
G1 X435.817 Y-71.803 F400
G1 X436.136 Y-71.595 F400
G1 X436.613 Y-71.245 F400
G1 X437.025 Y-70.878 F400
G1 X437.273 Y-70.562 F400
G1 X437.386 Y-70.283 F400
G1 X437.429 Y-70.002 F400
G1 X437.431 Y-69.692 F400
G1 X437.399 Y-69.337 F400
G1 X437.324 Y-68.932 F400
G1 X437.198 Y-68.472 F400
G1 X437.009 Y-67.954 F400
G1 X436.745 Y-67.381 F400
G1 X436.400 Y-66.759 F400
G1 X435.783 Y-65.740 F400
G1 X435.099 Y-64.720 F400
G1 X434.493 Y-63.918 F400
G1 X433.975 Y-63.307 F400
G1 X433.495 Y-62.775 F400
G1 X433.017 Y-62.254 F400
G1 X432.529 Y-61.723 F400
G1 X432.032 Y-61.185 F400
G1 X431.537 Y-60.648 F400
G1 X431.058 Y-60.131 F400
G1 X430.619 Y-59.657 F400
G1 X430.241 Y-59.251 F400
G1 X429.706 Y-58.679 F400
G1 X429.280 Y-58.226 F400
G1 X429.059 Y-57.996 F400
G1 X428.981 Y-57.921 F400
G1 X428.961 Y-57.909 F400
G1 X428.954 Y-57.913 F400
G1 X428.948 Y-57.919 F400
G1 X428.942 Y-57.926 F400
G1 X428.935 Y-57.935 F400
G1 X428.928 Y-57.944 F400
G1 X428.920 Y-57.955 F400
G1 X428.911 Y-57.967 F400
G1 X428.897 Y-57.986 F400
G1 X428.883 Y-58.006 F400
G1 X428.872 Y-58.022 F400
G1 X428.863 Y-58.034 F400
G1 X428.856 Y-58.046 F400
G1 X428.847 Y-58.058 F400
G1 X428.839 Y-58.072 F400
G1 X428.829 Y-58.086 F400
G1 X428.819 Y-58.101 F400
G1 X428.808 Y-58.117 F400
G1 X428.797 Y-58.134 F400
; Pass 2/5 at Z-8.000
G0 Z5.000
G0 X425.678 Y-70.797
G1 Z-8.000 F400.0
G1 X426.111 Y-71.006 F400
G1 X426.795 Y-71.335 F400
G1 X427.449 Y-71.644 F400
G1 X427.936 Y-71.865 F400
G1 X428.295 Y-72.014 F400
G1 X428.609 Y-72.133 F400
G1 X428.930 Y-72.243 F400
G1 X429.275 Y-72.351 F400
G1 X429.649 Y-72.457 F400
G1 X430.050 Y-72.556 F400
G1 X430.475 Y-72.645 F400
G1 X430.915 Y-72.716 F400
G1 X431.359 Y-72.764 F400
G1 X432.058 Y-72.815 F400
G1 X432.725 Y-72.829 F400
G1 X433.217 Y-72.796 F400
G1 X433.569 Y-72.733 F400
G1 X433.868 Y-72.650 F400
G1 X434.164 Y-72.553 F400
G1 X434.474 Y-72.441 F400
G1 X434.799 Y-72.311 F400
G1 X435.137 Y-72.162 F400
G1 X435.480 Y-71.992 F400
G1 X435.817 Y-71.803 F400
G1 X436.136 Y-71.595 F400
G1 X436.613 Y-71.245 F400
G1 X437.025 Y-70.878 F400
G1 X437.273 Y-70.562 F400
G1 X437.386 Y-70.283 F400
G1 X437.429 Y-70.002 F400
G1 X437.431 Y-69.692 F400
G1 X437.399 Y-69.337 F400
G1 X437.324 Y-68.932 F400
G1 X437.198 Y-68.472 F400
G1 X437.009 Y-67.954 F400
G1 X436.745 Y-67.381 F400
G1 X436.400 Y-66.759 F400
G1 X435.783 Y-65.740 F400
G1 X435.099 Y-64.720 F400
G1 X434.493 Y-63.918 F400
G1 X433.975 Y-63.307 F400
G1 X433.495 Y-62.775 F400
G1 X433.017 Y-62.254 F400
G1 X432.529 Y-61.723 F400
G1 X432.032 Y-61.185 F400
G1 X431.537 Y-60.648 F400
G1 X431.058 Y-60.131 F400
G1 X430.619 Y-59.657 F400
G1 X430.241 Y-59.251 F400
G1 X429.706 Y-58.679 F400
G1 X429.280 Y-58.226 F400
G1 X429.059 Y-57.996 F400
G1 X428.981 Y-57.921 F400
G1 X428.961 Y-57.909 F400
G1 X428.954 Y-57.913 F400
G1 X428.948 Y-57.919 F400
G1 X428.942 Y-57.926 F400
G1 X428.935 Y-57.935 F400
G1 X428.928 Y-57.944 F400
G1 X428.920 Y-57.955 F400
G1 X428.911 Y-57.967 F400
G1 X428.897 Y-57.986 F400
G1 X428.883 Y-58.006 F400
G1 X428.872 Y-58.022 F400
G1 X428.863 Y-58.034 F400
G1 X428.856 Y-58.046 F400
G1 X428.847 Y-58.058 F400
G1 X428.839 Y-58.072 F400
G1 X428.829 Y-58.086 F400
G1 X428.819 Y-58.101 F400
G1 X428.808 Y-58.117 F400
G1 X428.797 Y-58.134 F400
; Pass 3/5 at Z-12.000
G0 Z5.000
G0 X425.678 Y-70.797
G1 Z-12.000 F400.0
G1 X426.111 Y-71.006 F400
G1 X426.795 Y-71.335 F400
G1 X427.449 Y-71.644 F400
G1 X427.936 Y-71.865 F400
G1 X428.295 Y-72.014 F400
G1 X428.609 Y-72.133 F400
G1 X428.930 Y-72.243 F400
G1 X429.275 Y-72.351 F400
G1 X429.649 Y-72.457 F400
G1 X430.050 Y-72.556 F400
G1 X430.475 Y-72.645 F400
G1 X430.915 Y-72.716 F400
G1 X431.359 Y-72.764 F400
G1 X432.058 Y-72.815 F400
G1 X432.725 Y-72.829 F400
G1 X433.217 Y-72.796 F400
G1 X433.569 Y-72.733 F400
G1 X433.868 Y-72.650 F400
G1 X434.164 Y-72.553 F400
G1 X434.474 Y-72.441 F400
G1 X434.799 Y-72.311 F400
G1 X435.137 Y-72.162 F400
G1 X435.480 Y-71.992 F400
G1 X435.817 Y-71.803 F400
G1 X436.136 Y-71.595 F400
G1 X436.613 Y-71.245 F400
G1 X437.025 Y-70.878 F400
G1 X437.273 Y-70.562 F400
G1 X437.386 Y-70.283 F400
G1 X437.429 Y-70.002 F400
G1 X437.431 Y-69.692 F400
G1 X437.399 Y-69.337 F400
G1 X437.324 Y-68.932 F400
G1 X437.198 Y-68.472 F400
G1 X437.009 Y-67.954 F400
G1 X436.745 Y-67.381 F400
G1 X436.400 Y-66.759 F400
G1 X435.783 Y-65.740 F400
G1 X435.099 Y-64.720 F400
G1 X434.493 Y-63.918 F400
G1 X433.975 Y-63.307 F400
G1 X433.495 Y-62.775 F400
G1 X433.017 Y-62.254 F400
G1 X432.529 Y-61.723 F400
G1 X432.032 Y-61.185 F400
G1 X431.537 Y-60.648 F400
G1 X431.058 Y-60.131 F400
G1 X430.619 Y-59.657 F400
G1 X430.241 Y-59.251 F400
G1 X429.706 Y-58.679 F400
G1 X429.280 Y-58.226 F400
G1 X429.059 Y-57.996 F400
G1 X428.981 Y-57.921 F400
G1 X428.961 Y-57.909 F400
G1 X428.954 Y-57.913 F400
G1 X428.948 Y-57.919 F400
G1 X428.942 Y-57.926 F400
G1 X428.935 Y-57.935 F400
G1 X428.928 Y-57.944 F400
G1 X428.920 Y-57.955 F400
G1 X428.911 Y-57.967 F400
G1 X428.897 Y-57.986 F400
G1 X428.883 Y-58.006 F400
G1 X428.872 Y-58.022 F400
G1 X428.863 Y-58.034 F400
G1 X428.856 Y-58.046 F400
G1 X428.847 Y-58.058 F400
G1 X428.839 Y-58.072 F400
G1 X428.829 Y-58.086 F400
G1 X428.819 Y-58.101 F400
G1 X428.808 Y-58.117 F400
G1 X428.797 Y-58.134 F400
; Pass 4/5 at Z-16.000
G0 Z5.000
G0 X425.678 Y-70.797
G1 Z-16.000 F400.0
G1 X426.111 Y-71.006 F400
G1 X426.795 Y-71.335 F400
G1 X427.449 Y-71.644 F400
G1 X427.936 Y-71.865 F400
G1 X428.295 Y-72.014 F400
G1 X428.609 Y-72.133 F400
G1 X428.930 Y-72.243 F400
G1 X429.275 Y-72.351 F400
G1 X429.649 Y-72.457 F400
G1 X430.050 Y-72.556 F400
G1 X430.475 Y-72.645 F400
G1 X430.915 Y-72.716 F400
G1 X431.359 Y-72.764 F400
G1 X432.058 Y-72.815 F400
G1 X432.725 Y-72.829 F400
G1 X433.217 Y-72.796 F400
G1 X433.569 Y-72.733 F400
G1 X433.868 Y-72.650 F400
G1 X434.164 Y-72.553 F400
G1 X434.474 Y-72.441 F400
G1 X434.799 Y-72.311 F400
G1 X435.137 Y-72.162 F400
G1 X435.480 Y-71.992 F400
G1 X435.817 Y-71.803 F400
G1 X436.136 Y-71.595 F400
G1 X436.613 Y-71.245 F400
G1 X437.025 Y-70.878 F400
G1 X437.273 Y-70.562 F400
G1 X437.386 Y-70.283 F400
G1 X437.429 Y-70.002 F400
G1 X437.431 Y-69.692 F400
G1 X437.399 Y-69.337 F400
G1 X437.324 Y-68.932 F400
G1 X437.198 Y-68.472 F400
G1 X437.009 Y-67.954 F400
G1 X436.745 Y-67.381 F400
G1 X436.400 Y-66.759 F400
G1 X435.783 Y-65.740 F400
G1 X435.099 Y-64.720 F400
G1 X434.493 Y-63.918 F400
G1 X433.975 Y-63.307 F400
G1 X433.495 Y-62.775 F400
G1 X433.017 Y-62.254 F400
G1 X432.529 Y-61.723 F400
G1 X432.032 Y-61.185 F400
G1 X431.537 Y-60.648 F400
G1 X431.058 Y-60.131 F400
G1 X430.619 Y-59.657 F400
G1 X430.241 Y-59.251 F400
G1 X429.706 Y-58.679 F400
G1 X429.280 Y-58.226 F400
G1 X429.059 Y-57.996 F400
G1 X428.981 Y-57.921 F400
G1 X428.961 Y-57.909 F400
G1 X428.954 Y-57.913 F400
G1 X428.948 Y-57.919 F400
G1 X428.942 Y-57.926 F400
G1 X428.935 Y-57.935 F400
G1 X428.928 Y-57.944 F400
G1 X428.920 Y-57.955 F400
G1 X428.911 Y-57.967 F400
G1 X428.897 Y-57.986 F400
G1 X428.883 Y-58.006 F400
G1 X428.872 Y-58.022 F400
G1 X428.863 Y-58.034 F400
G1 X428.856 Y-58.046 F400
G1 X428.847 Y-58.058 F400
G1 X428.839 Y-58.072 F400
G1 X428.829 Y-58.086 F400
G1 X428.819 Y-58.101 F400
G1 X428.808 Y-58.117 F400
G1 X428.797 Y-58.134 F400
; Pass 5/5 at Z-17.000
G0 Z5.000
G0 X425.678 Y-70.797
G1 Z-17.000 F400.0
G1 X426.111 Y-71.006 F400
G1 X426.795 Y-71.335 F400
G1 X427.449 Y-71.644 F400
G1 X427.936 Y-71.865 F400
G1 X428.295 Y-72.014 F400
G1 X428.609 Y-72.133 F400
G1 X428.930 Y-72.243 F400
G1 X429.275 Y-72.351 F400
G1 X429.649 Y-72.457 F400
G1 X430.050 Y-72.556 F400
G1 X430.475 Y-72.645 F400
G1 X430.915 Y-72.716 F400
G1 X431.359 Y-72.764 F400
G1 X432.058 Y-72.815 F400
G1 X432.725 Y-72.829 F400
G1 X433.217 Y-72.796 F400
G1 X433.569 Y-72.733 F400
G1 X433.868 Y-72.650 F400
G1 X434.164 Y-72.553 F400
G1 X434.474 Y-72.441 F400
G1 X434.799 Y-72.311 F400
G1 X435.137 Y-72.162 F400
G1 X435.480 Y-71.992 F400
G1 X435.817 Y-71.803 F400
G1 X436.136 Y-71.595 F400
G1 X436.613 Y-71.245 F400
G1 X437.025 Y-70.878 F400
G1 X437.273 Y-70.562 F400
G1 X437.386 Y-70.283 F400
G1 X437.429 Y-70.002 F400
G1 X437.431 Y-69.692 F400
G1 X437.399 Y-69.337 F400
G1 X437.324 Y-68.932 F400
G1 X437.198 Y-68.472 F400
G1 X437.009 Y-67.954 F400
G1 X436.745 Y-67.381 F400
G1 X436.400 Y-66.759 F400
G1 X435.783 Y-65.740 F400
G1 X435.099 Y-64.720 F400
G1 X434.493 Y-63.918 F400
G1 X433.975 Y-63.307 F400
G1 X433.495 Y-62.775 F400
G1 X433.017 Y-62.254 F400
G1 X432.529 Y-61.723 F400
G1 X432.032 Y-61.185 F400
G1 X431.537 Y-60.648 F400
G1 X431.058 Y-60.131 F400
G1 X430.619 Y-59.657 F400
G1 X430.241 Y-59.251 F400
G1 X429.706 Y-58.679 F400
G1 X429.280 Y-58.226 F400
G1 X429.059 Y-57.996 F400
G1 X428.981 Y-57.921 F400
G1 X428.961 Y-57.909 F400
G1 X428.954 Y-57.913 F400
G1 X428.948 Y-57.919 F400
G1 X428.942 Y-57.926 F400
G1 X428.935 Y-57.935 F400
G1 X428.928 Y-57.944 F400
G1 X428.920 Y-57.955 F400
G1 X428.911 Y-57.967 F400
G1 X428.897 Y-57.986 F400
G1 X428.883 Y-58.006 F400
G1 X428.872 Y-58.022 F400
G1 X428.863 Y-58.034 F400
G1 X428.856 Y-58.046 F400
G1 X428.847 Y-58.058 F400
G1 X428.839 Y-58.072 F400
G1 X428.829 Y-58.086 F400
G1 X428.819 Y-58.101 F400
G1 X428.808 Y-58.117 F400
G1 X428.797 Y-58.134 F400
; --- Shape: PATH ---
; Target Depth: 17mm, Steps: 5
; Pass 1/5 at Z-4.000
G0 Z5.000
G0 X392.244 Y-70.797
G1 Z-4.000 F400.0
G1 X391.811 Y-71.006 F400
G1 X391.127 Y-71.335 F400
G1 X390.473 Y-71.644 F400
G1 X389.986 Y-71.865 F400
G1 X389.627 Y-72.014 F400
G1 X389.313 Y-72.133 F400
G1 X388.992 Y-72.243 F400
G1 X388.647 Y-72.351 F400
G1 X388.273 Y-72.457 F400
G1 X387.872 Y-72.556 F400
G1 X387.447 Y-72.645 F400
G1 X387.007 Y-72.716 F400
G1 X386.563 Y-72.764 F400
G1 X385.864 Y-72.815 F400
G1 X385.197 Y-72.829 F400
G1 X384.705 Y-72.796 F400
G1 X384.353 Y-72.733 F400
G1 X384.054 Y-72.650 F400
G1 X383.758 Y-72.553 F400
G1 X383.448 Y-72.441 F400
G1 X383.123 Y-72.311 F400
G1 X382.785 Y-72.162 F400
G1 X382.442 Y-71.992 F400
G1 X382.105 Y-71.803 F400
G1 X381.786 Y-71.595 F400
G1 X381.309 Y-71.245 F400
G1 X380.897 Y-70.878 F400
G1 X380.649 Y-70.562 F400
G1 X380.536 Y-70.283 F400
G1 X380.493 Y-70.002 F400
G1 X380.491 Y-69.692 F400
G1 X380.523 Y-69.337 F400
G1 X380.598 Y-68.932 F400
G1 X380.724 Y-68.472 F400
G1 X380.913 Y-67.954 F400
G1 X381.177 Y-67.381 F400
G1 X381.522 Y-66.759 F400
G1 X382.139 Y-65.740 F400
G1 X382.823 Y-64.720 F400
G1 X383.429 Y-63.918 F400
G1 X383.947 Y-63.307 F400
G1 X384.427 Y-62.775 F400
G1 X384.905 Y-62.254 F400
G1 X385.393 Y-61.723 F400
G1 X385.890 Y-61.185 F400
G1 X386.385 Y-60.648 F400
G1 X386.864 Y-60.131 F400
G1 X387.303 Y-59.657 F400
G1 X387.681 Y-59.251 F400
G1 X388.216 Y-58.679 F400
G1 X388.642 Y-58.226 F400
G1 X388.863 Y-57.996 F400
G1 X388.941 Y-57.921 F400
G1 X388.961 Y-57.909 F400
G1 X388.968 Y-57.913 F400
G1 X388.974 Y-57.919 F400
G1 X388.980 Y-57.926 F400
G1 X388.987 Y-57.935 F400
G1 X388.994 Y-57.944 F400
G1 X389.002 Y-57.955 F400
G1 X389.011 Y-57.967 F400
G1 X389.025 Y-57.986 F400
G1 X389.039 Y-58.006 F400
G1 X389.050 Y-58.022 F400
G1 X389.059 Y-58.034 F400
G1 X389.066 Y-58.046 F400
G1 X389.075 Y-58.058 F400
G1 X389.083 Y-58.072 F400
G1 X389.093 Y-58.086 F400
G1 X389.103 Y-58.101 F400
G1 X389.114 Y-58.117 F400
G1 X389.125 Y-58.134 F400
; Pass 2/5 at Z-8.000
G0 Z5.000
G0 X392.244 Y-70.797
G1 Z-8.000 F400.0
G1 X391.811 Y-71.006 F400
G1 X391.127 Y-71.335 F400
G1 X390.473 Y-71.644 F400
G1 X389.986 Y-71.865 F400
G1 X389.627 Y-72.014 F400
G1 X389.313 Y-72.133 F400
G1 X388.992 Y-72.243 F400
G1 X388.647 Y-72.351 F400
G1 X388.273 Y-72.457 F400
G1 X387.872 Y-72.556 F400
G1 X387.447 Y-72.645 F400
G1 X387.007 Y-72.716 F400
G1 X386.563 Y-72.764 F400
G1 X385.864 Y-72.815 F400
G1 X385.197 Y-72.829 F400
G1 X384.705 Y-72.796 F400
G1 X384.353 Y-72.733 F400
G1 X384.054 Y-72.650 F400
G1 X383.758 Y-72.553 F400
G1 X383.448 Y-72.441 F400
G1 X383.123 Y-72.311 F400
G1 X382.785 Y-72.162 F400
G1 X382.442 Y-71.992 F400
G1 X382.105 Y-71.803 F400
G1 X381.786 Y-71.595 F400
G1 X381.309 Y-71.245 F400
G1 X380.897 Y-70.878 F400
G1 X380.649 Y-70.562 F400
G1 X380.536 Y-70.283 F400
G1 X380.493 Y-70.002 F400
G1 X380.491 Y-69.692 F400
G1 X380.523 Y-69.337 F400
G1 X380.598 Y-68.932 F400
G1 X380.724 Y-68.472 F400
G1 X380.913 Y-67.954 F400
G1 X381.177 Y-67.381 F400
G1 X381.522 Y-66.759 F400
G1 X382.139 Y-65.740 F400
G1 X382.823 Y-64.720 F400
G1 X383.429 Y-63.918 F400
G1 X383.947 Y-63.307 F400
G1 X384.427 Y-62.775 F400
G1 X384.905 Y-62.254 F400
G1 X385.393 Y-61.723 F400
G1 X385.890 Y-61.185 F400
G1 X386.385 Y-60.648 F400
G1 X386.864 Y-60.131 F400
G1 X387.303 Y-59.657 F400
G1 X387.681 Y-59.251 F400
G1 X388.216 Y-58.679 F400
G1 X388.642 Y-58.226 F400
G1 X388.863 Y-57.996 F400
G1 X388.941 Y-57.921 F400
G1 X388.961 Y-57.909 F400
G1 X388.968 Y-57.913 F400
G1 X388.974 Y-57.919 F400
G1 X388.980 Y-57.926 F400
G1 X388.987 Y-57.935 F400
G1 X388.994 Y-57.944 F400
G1 X389.002 Y-57.955 F400
G1 X389.011 Y-57.967 F400
G1 X389.025 Y-57.986 F400
G1 X389.039 Y-58.006 F400
G1 X389.050 Y-58.022 F400
G1 X389.059 Y-58.034 F400
G1 X389.066 Y-58.046 F400
G1 X389.075 Y-58.058 F400
G1 X389.083 Y-58.072 F400
G1 X389.093 Y-58.086 F400
G1 X389.103 Y-58.101 F400
G1 X389.114 Y-58.117 F400
G1 X389.125 Y-58.134 F400
; Pass 3/5 at Z-12.000
G0 Z5.000
G0 X392.244 Y-70.797
G1 Z-12.000 F400.0
G1 X391.811 Y-71.006 F400
G1 X391.127 Y-71.335 F400
G1 X390.473 Y-71.644 F400
G1 X389.986 Y-71.865 F400
G1 X389.627 Y-72.014 F400
G1 X389.313 Y-72.133 F400
G1 X388.992 Y-72.243 F400
G1 X388.647 Y-72.351 F400
G1 X388.273 Y-72.457 F400
G1 X387.872 Y-72.556 F400
G1 X387.447 Y-72.645 F400
G1 X387.007 Y-72.716 F400
G1 X386.563 Y-72.764 F400
G1 X385.864 Y-72.815 F400
G1 X385.197 Y-72.829 F400
G1 X384.705 Y-72.796 F400
G1 X384.353 Y-72.733 F400
G1 X384.054 Y-72.650 F400
G1 X383.758 Y-72.553 F400
G1 X383.448 Y-72.441 F400
G1 X383.123 Y-72.311 F400
G1 X382.785 Y-72.162 F400
G1 X382.442 Y-71.992 F400
G1 X382.105 Y-71.803 F400
G1 X381.786 Y-71.595 F400
G1 X381.309 Y-71.245 F400
G1 X380.897 Y-70.878 F400
G1 X380.649 Y-70.562 F400
G1 X380.536 Y-70.283 F400
G1 X380.493 Y-70.002 F400
G1 X380.491 Y-69.692 F400
G1 X380.523 Y-69.337 F400
G1 X380.598 Y-68.932 F400
G1 X380.724 Y-68.472 F400
G1 X380.913 Y-67.954 F400
G1 X381.177 Y-67.381 F400
G1 X381.522 Y-66.759 F400
G1 X382.139 Y-65.740 F400
G1 X382.823 Y-64.720 F400
G1 X383.429 Y-63.918 F400
G1 X383.947 Y-63.307 F400
G1 X384.427 Y-62.775 F400
G1 X384.905 Y-62.254 F400
G1 X385.393 Y-61.723 F400
G1 X385.890 Y-61.185 F400
G1 X386.385 Y-60.648 F400
G1 X386.864 Y-60.131 F400
G1 X387.303 Y-59.657 F400
G1 X387.681 Y-59.251 F400
G1 X388.216 Y-58.679 F400
G1 X388.642 Y-58.226 F400
G1 X388.863 Y-57.996 F400
G1 X388.941 Y-57.921 F400
G1 X388.961 Y-57.909 F400
G1 X388.968 Y-57.913 F400
G1 X388.974 Y-57.919 F400
G1 X388.980 Y-57.926 F400
G1 X388.987 Y-57.935 F400
G1 X388.994 Y-57.944 F400
G1 X389.002 Y-57.955 F400
G1 X389.011 Y-57.967 F400
G1 X389.025 Y-57.986 F400
G1 X389.039 Y-58.006 F400
G1 X389.050 Y-58.022 F400
G1 X389.059 Y-58.034 F400
G1 X389.066 Y-58.046 F400
G1 X389.075 Y-58.058 F400
G1 X389.083 Y-58.072 F400
G1 X389.093 Y-58.086 F400
G1 X389.103 Y-58.101 F400
G1 X389.114 Y-58.117 F400
G1 X389.125 Y-58.134 F400
; Pass 4/5 at Z-16.000
G0 Z5.000
G0 X392.244 Y-70.797
G1 Z-16.000 F400.0
G1 X391.811 Y-71.006 F400
G1 X391.127 Y-71.335 F400
G1 X390.473 Y-71.644 F400
G1 X389.986 Y-71.865 F400
G1 X389.627 Y-72.014 F400
G1 X389.313 Y-72.133 F400
G1 X388.992 Y-72.243 F400
G1 X388.647 Y-72.351 F400
G1 X388.273 Y-72.457 F400
G1 X387.872 Y-72.556 F400
G1 X387.447 Y-72.645 F400
G1 X387.007 Y-72.716 F400
G1 X386.563 Y-72.764 F400
G1 X385.864 Y-72.815 F400
G1 X385.197 Y-72.829 F400
G1 X384.705 Y-72.796 F400
G1 X384.353 Y-72.733 F400
G1 X384.054 Y-72.650 F400
G1 X383.758 Y-72.553 F400
G1 X383.448 Y-72.441 F400
G1 X383.123 Y-72.311 F400
G1 X382.785 Y-72.162 F400
G1 X382.442 Y-71.992 F400
G1 X382.105 Y-71.803 F400
G1 X381.786 Y-71.595 F400
G1 X381.309 Y-71.245 F400
G1 X380.897 Y-70.878 F400
G1 X380.649 Y-70.562 F400
G1 X380.536 Y-70.283 F400
G1 X380.493 Y-70.002 F400
G1 X380.491 Y-69.692 F400
G1 X380.523 Y-69.337 F400
G1 X380.598 Y-68.932 F400
G1 X380.724 Y-68.472 F400
G1 X380.913 Y-67.954 F400
G1 X381.177 Y-67.381 F400
G1 X381.522 Y-66.759 F400
G1 X382.139 Y-65.740 F400
G1 X382.823 Y-64.720 F400
G1 X383.429 Y-63.918 F400
G1 X383.947 Y-63.307 F400
G1 X384.427 Y-62.775 F400
G1 X384.905 Y-62.254 F400
G1 X385.393 Y-61.723 F400
G1 X385.890 Y-61.185 F400
G1 X386.385 Y-60.648 F400
G1 X386.864 Y-60.131 F400
G1 X387.303 Y-59.657 F400
G1 X387.681 Y-59.251 F400
G1 X388.216 Y-58.679 F400
G1 X388.642 Y-58.226 F400
G1 X388.863 Y-57.996 F400
G1 X388.941 Y-57.921 F400
G1 X388.961 Y-57.909 F400
G1 X388.968 Y-57.913 F400
G1 X388.974 Y-57.919 F400
G1 X388.980 Y-57.926 F400
G1 X388.987 Y-57.935 F400
G1 X388.994 Y-57.944 F400
G1 X389.002 Y-57.955 F400
G1 X389.011 Y-57.967 F400
G1 X389.025 Y-57.986 F400
G1 X389.039 Y-58.006 F400
G1 X389.050 Y-58.022 F400
G1 X389.059 Y-58.034 F400
G1 X389.066 Y-58.046 F400
G1 X389.075 Y-58.058 F400
G1 X389.083 Y-58.072 F400
G1 X389.093 Y-58.086 F400
G1 X389.103 Y-58.101 F400
G1 X389.114 Y-58.117 F400
G1 X389.125 Y-58.134 F400
; Pass 5/5 at Z-17.000
G0 Z5.000
G0 X392.244 Y-70.797
G1 Z-17.000 F400.0
G1 X391.811 Y-71.006 F400
G1 X391.127 Y-71.335 F400
G1 X390.473 Y-71.644 F400
G1 X389.986 Y-71.865 F400
G1 X389.627 Y-72.014 F400
G1 X389.313 Y-72.133 F400
G1 X388.992 Y-72.243 F400
G1 X388.647 Y-72.351 F400
G1 X388.273 Y-72.457 F400
G1 X387.872 Y-72.556 F400
G1 X387.447 Y-72.645 F400
G1 X387.007 Y-72.716 F400
G1 X386.563 Y-72.764 F400
G1 X385.864 Y-72.815 F400
G1 X385.197 Y-72.829 F400
G1 X384.705 Y-72.796 F400
G1 X384.353 Y-72.733 F400
G1 X384.054 Y-72.650 F400
G1 X383.758 Y-72.553 F400
G1 X383.448 Y-72.441 F400
G1 X383.123 Y-72.311 F400
G1 X382.785 Y-72.162 F400
G1 X382.442 Y-71.992 F400
G1 X382.105 Y-71.803 F400
G1 X381.786 Y-71.595 F400
G1 X381.309 Y-71.245 F400
G1 X380.897 Y-70.878 F400
G1 X380.649 Y-70.562 F400
G1 X380.536 Y-70.283 F400
G1 X380.493 Y-70.002 F400
G1 X380.491 Y-69.692 F400
G1 X380.523 Y-69.337 F400
G1 X380.598 Y-68.932 F400
G1 X380.724 Y-68.472 F400
G1 X380.913 Y-67.954 F400
G1 X381.177 Y-67.381 F400
G1 X381.522 Y-66.759 F400
G1 X382.139 Y-65.740 F400
G1 X382.823 Y-64.720 F400
G1 X383.429 Y-63.918 F400
G1 X383.947 Y-63.307 F400
G1 X384.427 Y-62.775 F400
G1 X384.905 Y-62.254 F400
G1 X385.393 Y-61.723 F400
G1 X385.890 Y-61.185 F400
G1 X386.385 Y-60.648 F400
G1 X386.864 Y-60.131 F400
G1 X387.303 Y-59.657 F400
G1 X387.681 Y-59.251 F400
G1 X388.216 Y-58.679 F400
G1 X388.642 Y-58.226 F400
G1 X388.863 Y-57.996 F400
G1 X388.941 Y-57.921 F400
G1 X388.961 Y-57.909 F400
G1 X388.968 Y-57.913 F400
G1 X388.974 Y-57.919 F400
G1 X388.980 Y-57.926 F400
G1 X388.987 Y-57.935 F400
G1 X388.994 Y-57.944 F400
G1 X389.002 Y-57.955 F400
G1 X389.011 Y-57.967 F400
G1 X389.025 Y-57.986 F400
G1 X389.039 Y-58.006 F400
G1 X389.050 Y-58.022 F400
G1 X389.059 Y-58.034 F400
G1 X389.066 Y-58.046 F400
G1 X389.075 Y-58.058 F400
G1 X389.083 Y-58.072 F400
G1 X389.093 Y-58.086 F400
G1 X389.103 Y-58.101 F400
G1 X389.114 Y-58.117 F400
G1 X389.125 Y-58.134 F400
; --- Shape: PATH ---
; Target Depth: 17mm, Steps: 5
; Pass 1/5 at Z-4.000
G0 Z5.000
G0 X436.744 Y-45.066
G1 Z-4.000 F400.0
G1 X437.720 Y-45.114 F400
G1 X439.258 Y-45.185 F400
G1 X440.718 Y-45.241 F400
G1 X441.790 Y-45.263 F400
G1 X442.554 Y-45.253 F400
G1 X443.201 Y-45.217 F400
G1 X443.843 Y-45.156 F400
G1 X444.514 Y-45.069 F400
G1 X445.220 Y-44.950 F400
G1 X445.952 Y-44.792 F400
G1 X446.697 Y-44.590 F400
G1 X447.431 Y-44.338 F400
G1 X448.128 Y-44.032 F400
G1 X449.184 Y-43.500 F400
G1 X450.130 Y-42.921 F400
G1 X450.753 Y-42.412 F400
G1 X451.131 Y-41.969 F400
G1 X451.405 Y-41.543 F400
G1 X451.654 Y-41.095 F400
G1 X451.899 Y-40.612 F400
G1 X452.140 Y-40.089 F400
G1 X452.370 Y-39.528 F400
G1 X452.579 Y-38.934 F400
G1 X452.753 Y-38.320 F400
G1 X452.878 Y-37.700 F400
G1 X453.021 Y-36.719 F400
G1 X453.073 Y-35.777 F400
G1 X453.004 Y-35.070 F400
G1 X452.844 Y-34.545 F400
G1 X452.620 Y-34.081 F400
G1 X452.342 Y-33.603 F400
G1 X452.003 Y-33.087 F400
G1 X451.594 Y-32.526 F400
G1 X451.104 Y-31.920 F400
G1 X450.526 Y-31.275 F400
G1 X449.855 Y-30.603 F400
G1 X449.093 Y-29.920 F400
G1 X447.812 Y-28.840 F400
G1 X446.492 Y-27.810 F400
G1 X445.414 Y-27.054 F400
G1 X444.559 Y-26.519 F400
G1 X443.799 Y-26.076 F400
G1 X443.049 Y-25.649 F400
G1 X442.285 Y-25.214 F400
G1 X441.509 Y-24.772 F400
G1 X440.735 Y-24.332 F400
G1 X439.988 Y-23.907 F400
G1 X439.303 Y-23.517 F400
G1 X438.715 Y-23.182 F400
G1 X437.885 Y-22.710 F400
G1 X437.225 Y-22.335 F400
G1 X436.887 Y-22.142 F400
G1 X436.772 Y-22.077 F400
G1 X436.748 Y-22.063 F400
G1 X436.744 Y-22.061 F400
G1 X436.744 Y-22.061 F400
G1 X436.744 Y-22.061 F400
G1 X436.744 Y-22.061 F400
G1 X436.744 Y-22.061 F400
G1 X436.744 Y-22.061 F400
; Pass 2/5 at Z-8.000
G0 Z5.000
G0 X436.744 Y-45.066
G1 Z-8.000 F400.0
G1 X437.720 Y-45.114 F400
G1 X439.258 Y-45.185 F400
G1 X440.718 Y-45.241 F400
G1 X441.790 Y-45.263 F400
G1 X442.554 Y-45.253 F400
G1 X443.201 Y-45.217 F400
G1 X443.843 Y-45.156 F400
G1 X444.514 Y-45.069 F400
G1 X445.220 Y-44.950 F400
G1 X445.952 Y-44.792 F400
G1 X446.697 Y-44.590 F400
G1 X447.431 Y-44.338 F400
G1 X448.128 Y-44.032 F400
G1 X449.184 Y-43.500 F400
G1 X450.130 Y-42.921 F400
G1 X450.753 Y-42.412 F400
G1 X451.131 Y-41.969 F400
G1 X451.405 Y-41.543 F400
G1 X451.654 Y-41.095 F400
G1 X451.899 Y-40.612 F400
G1 X452.140 Y-40.089 F400
G1 X452.370 Y-39.528 F400
G1 X452.579 Y-38.934 F400
G1 X452.753 Y-38.320 F400
G1 X452.878 Y-37.700 F400
G1 X453.021 Y-36.719 F400
G1 X453.073 Y-35.777 F400
G1 X453.004 Y-35.070 F400
G1 X452.844 Y-34.545 F400
G1 X452.620 Y-34.081 F400
G1 X452.342 Y-33.603 F400
G1 X452.003 Y-33.087 F400
G1 X451.594 Y-32.526 F400
G1 X451.104 Y-31.920 F400
G1 X450.526 Y-31.275 F400
G1 X449.855 Y-30.603 F400
G1 X449.093 Y-29.920 F400
G1 X447.812 Y-28.840 F400
G1 X446.492 Y-27.810 F400
G1 X445.414 Y-27.054 F400
G1 X444.559 Y-26.519 F400
G1 X443.799 Y-26.076 F400
G1 X443.049 Y-25.649 F400
G1 X442.285 Y-25.214 F400
G1 X441.509 Y-24.772 F400
G1 X440.735 Y-24.332 F400
G1 X439.988 Y-23.907 F400
G1 X439.303 Y-23.517 F400
G1 X438.715 Y-23.182 F400
G1 X437.885 Y-22.710 F400
G1 X437.225 Y-22.335 F400
G1 X436.887 Y-22.142 F400
G1 X436.772 Y-22.077 F400
G1 X436.748 Y-22.063 F400
G1 X436.744 Y-22.061 F400
G1 X436.744 Y-22.061 F400
G1 X436.744 Y-22.061 F400
G1 X436.744 Y-22.061 F400
G1 X436.744 Y-22.061 F400
G1 X436.744 Y-22.061 F400
; Pass 3/5 at Z-12.000
G0 Z5.000
G0 X436.744 Y-45.066
G1 Z-12.000 F400.0
G1 X437.720 Y-45.114 F400
G1 X439.258 Y-45.185 F400
G1 X440.718 Y-45.241 F400
G1 X441.790 Y-45.263 F400
G1 X442.554 Y-45.253 F400
G1 X443.201 Y-45.217 F400
G1 X443.843 Y-45.156 F400
G1 X444.514 Y-45.069 F400
G1 X445.220 Y-44.950 F400
G1 X445.952 Y-44.792 F400
G1 X446.697 Y-44.590 F400
G1 X447.431 Y-44.338 F400
G1 X448.128 Y-44.032 F400
G1 X449.184 Y-43.500 F400
G1 X450.130 Y-42.921 F400
G1 X450.753 Y-42.412 F400
G1 X451.131 Y-41.969 F400
G1 X451.405 Y-41.543 F400
G1 X451.654 Y-41.095 F400
G1 X451.899 Y-40.612 F400
G1 X452.140 Y-40.089 F400
G1 X452.370 Y-39.528 F400
G1 X452.579 Y-38.934 F400
G1 X452.753 Y-38.320 F400
G1 X452.878 Y-37.700 F400
G1 X453.021 Y-36.719 F400
G1 X453.073 Y-35.777 F400
G1 X453.004 Y-35.070 F400
G1 X452.844 Y-34.545 F400
G1 X452.620 Y-34.081 F400
G1 X452.342 Y-33.603 F400
G1 X452.003 Y-33.087 F400
G1 X451.594 Y-32.526 F400
G1 X451.104 Y-31.920 F400
G1 X450.526 Y-31.275 F400
G1 X449.855 Y-30.603 F400
G1 X449.093 Y-29.920 F400
G1 X447.812 Y-28.840 F400
G1 X446.492 Y-27.810 F400
G1 X445.414 Y-27.054 F400
G1 X444.559 Y-26.519 F400
G1 X443.799 Y-26.076 F400
G1 X443.049 Y-25.649 F400
G1 X442.285 Y-25.214 F400
G1 X441.509 Y-24.772 F400
G1 X440.735 Y-24.332 F400
G1 X439.988 Y-23.907 F400
G1 X439.303 Y-23.517 F400
G1 X438.715 Y-23.182 F400
G1 X437.885 Y-22.710 F400
G1 X437.225 Y-22.335 F400
G1 X436.887 Y-22.142 F400
G1 X436.772 Y-22.077 F400
G1 X436.748 Y-22.063 F400
G1 X436.744 Y-22.061 F400
G1 X436.744 Y-22.061 F400
G1 X436.744 Y-22.061 F400
G1 X436.744 Y-22.061 F400
G1 X436.744 Y-22.061 F400
G1 X436.744 Y-22.061 F400
; Pass 4/5 at Z-16.000
G0 Z5.000
G0 X436.744 Y-45.066
G1 Z-16.000 F400.0
G1 X437.720 Y-45.114 F400
G1 X439.258 Y-45.185 F400
G1 X440.718 Y-45.241 F400
G1 X441.790 Y-45.263 F400
G1 X442.554 Y-45.253 F400
G1 X443.201 Y-45.217 F400
G1 X443.843 Y-45.156 F400
G1 X444.514 Y-45.069 F400
G1 X445.220 Y-44.950 F400
G1 X445.952 Y-44.792 F400
G1 X446.697 Y-44.590 F400
G1 X447.431 Y-44.338 F400
G1 X448.128 Y-44.032 F400
G1 X449.184 Y-43.500 F400
G1 X450.130 Y-42.921 F400
G1 X450.753 Y-42.412 F400
G1 X451.131 Y-41.969 F400
G1 X451.405 Y-41.543 F400
G1 X451.654 Y-41.095 F400
G1 X451.899 Y-40.612 F400
G1 X452.140 Y-40.089 F400
G1 X452.370 Y-39.528 F400
G1 X452.579 Y-38.934 F400
G1 X452.753 Y-38.320 F400
G1 X452.878 Y-37.700 F400
G1 X453.021 Y-36.719 F400
G1 X453.073 Y-35.777 F400
G1 X453.004 Y-35.070 F400
G1 X452.844 Y-34.545 F400
G1 X452.620 Y-34.081 F400
G1 X452.342 Y-33.603 F400
G1 X452.003 Y-33.087 F400
G1 X451.594 Y-32.526 F400
G1 X451.104 Y-31.920 F400
G1 X450.526 Y-31.275 F400
G1 X449.855 Y-30.603 F400
G1 X449.093 Y-29.920 F400
G1 X447.812 Y-28.840 F400
G1 X446.492 Y-27.810 F400
G1 X445.414 Y-27.054 F400
G1 X444.559 Y-26.519 F400
G1 X443.799 Y-26.076 F400
G1 X443.049 Y-25.649 F400
G1 X442.285 Y-25.214 F400
G1 X441.509 Y-24.772 F400
G1 X440.735 Y-24.332 F400
G1 X439.988 Y-23.907 F400
G1 X439.303 Y-23.517 F400
G1 X438.715 Y-23.182 F400
G1 X437.885 Y-22.710 F400
G1 X437.225 Y-22.335 F400
G1 X436.887 Y-22.142 F400
G1 X436.772 Y-22.077 F400
G1 X436.748 Y-22.063 F400
G1 X436.744 Y-22.061 F400
G1 X436.744 Y-22.061 F400
G1 X436.744 Y-22.061 F400
G1 X436.744 Y-22.061 F400
G1 X436.744 Y-22.061 F400
G1 X436.744 Y-22.061 F400
; Pass 5/5 at Z-17.000
G0 Z5.000
G0 X436.744 Y-45.066
G1 Z-17.000 F400.0
G1 X437.720 Y-45.114 F400
G1 X439.258 Y-45.185 F400
G1 X440.718 Y-45.241 F400
G1 X441.790 Y-45.263 F400
G1 X442.554 Y-45.253 F400
G1 X443.201 Y-45.217 F400
G1 X443.843 Y-45.156 F400
G1 X444.514 Y-45.069 F400
G1 X445.220 Y-44.950 F400
G1 X445.952 Y-44.792 F400
G1 X446.697 Y-44.590 F400
G1 X447.431 Y-44.338 F400
G1 X448.128 Y-44.032 F400
G1 X449.184 Y-43.500 F400
G1 X450.130 Y-42.921 F400
G1 X450.753 Y-42.412 F400
G1 X451.131 Y-41.969 F400
G1 X451.405 Y-41.543 F400
G1 X451.654 Y-41.095 F400
G1 X451.899 Y-40.612 F400
G1 X452.140 Y-40.089 F400
G1 X452.370 Y-39.528 F400
G1 X452.579 Y-38.934 F400
G1 X452.753 Y-38.320 F400
G1 X452.878 Y-37.700 F400
G1 X453.021 Y-36.719 F400
G1 X453.073 Y-35.777 F400
G1 X453.004 Y-35.070 F400
G1 X452.844 Y-34.545 F400
G1 X452.620 Y-34.081 F400
G1 X452.342 Y-33.603 F400
G1 X452.003 Y-33.087 F400
G1 X451.594 Y-32.526 F400
G1 X451.104 Y-31.920 F400
G1 X450.526 Y-31.275 F400
G1 X449.855 Y-30.603 F400
G1 X449.093 Y-29.920 F400
G1 X447.812 Y-28.840 F400
G1 X446.492 Y-27.810 F400
G1 X445.414 Y-27.054 F400
G1 X444.559 Y-26.519 F400
G1 X443.799 Y-26.076 F400
G1 X443.049 Y-25.649 F400
G1 X442.285 Y-25.214 F400
G1 X441.509 Y-24.772 F400
G1 X440.735 Y-24.332 F400
G1 X439.988 Y-23.907 F400
G1 X439.303 Y-23.517 F400
G1 X438.715 Y-23.182 F400
G1 X437.885 Y-22.710 F400
G1 X437.225 Y-22.335 F400
G1 X436.887 Y-22.142 F400
G1 X436.772 Y-22.077 F400
G1 X436.748 Y-22.063 F400
G1 X436.744 Y-22.061 F400
G1 X436.744 Y-22.061 F400
G1 X436.744 Y-22.061 F400
G1 X436.744 Y-22.061 F400
G1 X436.744 Y-22.061 F400
G1 X436.744 Y-22.061 F400
; --- Shape: PATH ---
; Target Depth: 17mm, Steps: 5
; Pass 1/5 at Z-4.000
G0 Z5.000
G0 X381.178 Y-45.066
G1 Z-4.000 F400.0
G1 X380.202 Y-45.114 F400
G1 X378.664 Y-45.185 F400
G1 X377.204 Y-45.241 F400
G1 X376.132 Y-45.263 F400
G1 X375.368 Y-45.253 F400
G1 X374.721 Y-45.217 F400
G1 X374.079 Y-45.156 F400
G1 X373.408 Y-45.069 F400
G1 X372.702 Y-44.950 F400
G1 X371.970 Y-44.792 F400
G1 X371.225 Y-44.590 F400
G1 X370.491 Y-44.338 F400
G1 X369.794 Y-44.032 F400
G1 X368.738 Y-43.500 F400
G1 X367.792 Y-42.921 F400
G1 X367.169 Y-42.412 F400
G1 X366.791 Y-41.969 F400
G1 X366.517 Y-41.543 F400
G1 X366.268 Y-41.095 F400
G1 X366.023 Y-40.612 F400
G1 X365.782 Y-40.089 F400
G1 X365.552 Y-39.528 F400
G1 X365.343 Y-38.934 F400
G1 X365.169 Y-38.320 F400
G1 X365.044 Y-37.700 F400
G1 X364.901 Y-36.719 F400
G1 X364.849 Y-35.777 F400
G1 X364.918 Y-35.070 F400
G1 X365.078 Y-34.545 F400
G1 X365.302 Y-34.081 F400
G1 X365.580 Y-33.603 F400
G1 X365.919 Y-33.087 F400
G1 X366.329 Y-32.526 F400
G1 X366.818 Y-31.920 F400
G1 X367.396 Y-31.275 F400
G1 X368.068 Y-30.603 F400
G1 X368.830 Y-29.920 F400
G1 X370.111 Y-28.840 F400
G1 X371.431 Y-27.810 F400
G1 X372.509 Y-27.054 F400
G1 X373.363 Y-26.519 F400
G1 X374.124 Y-26.076 F400
G1 X374.873 Y-25.649 F400
G1 X375.637 Y-25.214 F400
G1 X376.414 Y-24.772 F400
G1 X377.188 Y-24.332 F400
G1 X377.935 Y-23.907 F400
G1 X378.620 Y-23.517 F400
G1 X379.208 Y-23.182 F400
G1 X380.038 Y-22.710 F400
G1 X380.698 Y-22.335 F400
G1 X381.036 Y-22.142 F400
G1 X381.151 Y-22.077 F400
G1 X381.175 Y-22.063 F400
G1 X381.179 Y-22.061 F400
G1 X381.179 Y-22.061 F400
G1 X381.179 Y-22.061 F400
G1 X381.179 Y-22.061 F400
G1 X381.179 Y-22.061 F400
G1 X381.179 Y-22.061 F400
; Pass 2/5 at Z-8.000
G0 Z5.000
G0 X381.178 Y-45.066
G1 Z-8.000 F400.0
G1 X380.202 Y-45.114 F400
G1 X378.664 Y-45.185 F400
G1 X377.204 Y-45.241 F400
G1 X376.132 Y-45.263 F400
G1 X375.368 Y-45.253 F400
G1 X374.721 Y-45.217 F400
G1 X374.079 Y-45.156 F400
G1 X373.408 Y-45.069 F400
G1 X372.702 Y-44.950 F400
G1 X371.970 Y-44.792 F400
G1 X371.225 Y-44.590 F400
G1 X370.491 Y-44.338 F400
G1 X369.794 Y-44.032 F400
G1 X368.738 Y-43.500 F400
G1 X367.792 Y-42.921 F400
G1 X367.169 Y-42.412 F400
G1 X366.791 Y-41.969 F400
G1 X366.517 Y-41.543 F400
G1 X366.268 Y-41.095 F400
G1 X366.023 Y-40.612 F400
G1 X365.782 Y-40.089 F400
G1 X365.552 Y-39.528 F400
G1 X365.343 Y-38.934 F400
G1 X365.169 Y-38.320 F400
G1 X365.044 Y-37.700 F400
G1 X364.901 Y-36.719 F400
G1 X364.849 Y-35.777 F400
G1 X364.918 Y-35.070 F400
G1 X365.078 Y-34.545 F400
G1 X365.302 Y-34.081 F400
G1 X365.580 Y-33.603 F400
G1 X365.919 Y-33.087 F400
G1 X366.329 Y-32.526 F400
G1 X366.818 Y-31.920 F400
G1 X367.396 Y-31.275 F400
G1 X368.068 Y-30.603 F400
G1 X368.830 Y-29.920 F400
G1 X370.111 Y-28.840 F400
G1 X371.431 Y-27.810 F400
G1 X372.509 Y-27.054 F400
G1 X373.363 Y-26.519 F400
G1 X374.124 Y-26.076 F400
G1 X374.873 Y-25.649 F400
G1 X375.637 Y-25.214 F400
G1 X376.414 Y-24.772 F400
G1 X377.188 Y-24.332 F400
G1 X377.935 Y-23.907 F400
G1 X378.620 Y-23.517 F400
G1 X379.208 Y-23.182 F400
G1 X380.038 Y-22.710 F400
G1 X380.698 Y-22.335 F400
G1 X381.036 Y-22.142 F400
G1 X381.151 Y-22.077 F400
G1 X381.175 Y-22.063 F400
G1 X381.179 Y-22.061 F400
G1 X381.179 Y-22.061 F400
G1 X381.179 Y-22.061 F400
G1 X381.179 Y-22.061 F400
G1 X381.179 Y-22.061 F400
G1 X381.179 Y-22.061 F400
; Pass 3/5 at Z-12.000
G0 Z5.000
G0 X381.178 Y-45.066
G1 Z-12.000 F400.0
G1 X380.202 Y-45.114 F400
G1 X378.664 Y-45.185 F400
G1 X377.204 Y-45.241 F400
G1 X376.132 Y-45.263 F400
G1 X375.368 Y-45.253 F400
G1 X374.721 Y-45.217 F400
G1 X374.079 Y-45.156 F400
G1 X373.408 Y-45.069 F400
G1 X372.702 Y-44.950 F400
G1 X371.970 Y-44.792 F400
G1 X371.225 Y-44.590 F400
G1 X370.491 Y-44.338 F400
G1 X369.794 Y-44.032 F400
G1 X368.738 Y-43.500 F400
G1 X367.792 Y-42.921 F400
G1 X367.169 Y-42.412 F400
G1 X366.791 Y-41.969 F400
G1 X366.517 Y-41.543 F400
G1 X366.268 Y-41.095 F400
G1 X366.023 Y-40.612 F400
G1 X365.782 Y-40.089 F400
G1 X365.552 Y-39.528 F400
G1 X365.343 Y-38.934 F400
G1 X365.169 Y-38.320 F400
G1 X365.044 Y-37.700 F400
G1 X364.901 Y-36.719 F400
G1 X364.849 Y-35.777 F400
G1 X364.918 Y-35.070 F400
G1 X365.078 Y-34.545 F400
G1 X365.302 Y-34.081 F400
G1 X365.580 Y-33.603 F400
G1 X365.919 Y-33.087 F400
G1 X366.329 Y-32.526 F400
G1 X366.818 Y-31.920 F400
G1 X367.396 Y-31.275 F400
G1 X368.068 Y-30.603 F400
G1 X368.830 Y-29.920 F400
G1 X370.111 Y-28.840 F400
G1 X371.431 Y-27.810 F400
G1 X372.509 Y-27.054 F400
G1 X373.363 Y-26.519 F400
G1 X374.124 Y-26.076 F400
G1 X374.873 Y-25.649 F400
G1 X375.637 Y-25.214 F400
G1 X376.414 Y-24.772 F400
G1 X377.188 Y-24.332 F400
G1 X377.935 Y-23.907 F400
G1 X378.620 Y-23.517 F400
G1 X379.208 Y-23.182 F400
G1 X380.038 Y-22.710 F400
G1 X380.698 Y-22.335 F400
G1 X381.036 Y-22.142 F400
G1 X381.151 Y-22.077 F400
G1 X381.175 Y-22.063 F400
G1 X381.179 Y-22.061 F400
G1 X381.179 Y-22.061 F400
G1 X381.179 Y-22.061 F400
G1 X381.179 Y-22.061 F400
G1 X381.179 Y-22.061 F400
G1 X381.179 Y-22.061 F400
; Pass 4/5 at Z-16.000
G0 Z5.000
G0 X381.178 Y-45.066
G1 Z-16.000 F400.0
G1 X380.202 Y-45.114 F400
G1 X378.664 Y-45.185 F400
G1 X377.204 Y-45.241 F400
G1 X376.132 Y-45.263 F400
G1 X375.368 Y-45.253 F400
G1 X374.721 Y-45.217 F400
G1 X374.079 Y-45.156 F400
G1 X373.408 Y-45.069 F400
G1 X372.702 Y-44.950 F400
G1 X371.970 Y-44.792 F400
G1 X371.225 Y-44.590 F400
G1 X370.491 Y-44.338 F400
G1 X369.794 Y-44.032 F400
G1 X368.738 Y-43.500 F400
G1 X367.792 Y-42.921 F400
G1 X367.169 Y-42.412 F400
G1 X366.791 Y-41.969 F400
G1 X366.517 Y-41.543 F400
G1 X366.268 Y-41.095 F400
G1 X366.023 Y-40.612 F400
G1 X365.782 Y-40.089 F400
G1 X365.552 Y-39.528 F400
G1 X365.343 Y-38.934 F400
G1 X365.169 Y-38.320 F400
G1 X365.044 Y-37.700 F400
G1 X364.901 Y-36.719 F400
G1 X364.849 Y-35.777 F400
G1 X364.918 Y-35.070 F400
G1 X365.078 Y-34.545 F400
G1 X365.302 Y-34.081 F400
G1 X365.580 Y-33.603 F400
G1 X365.919 Y-33.087 F400
G1 X366.329 Y-32.526 F400
G1 X366.818 Y-31.920 F400
G1 X367.396 Y-31.275 F400
G1 X368.068 Y-30.603 F400
G1 X368.830 Y-29.920 F400
G1 X370.111 Y-28.840 F400
G1 X371.431 Y-27.810 F400
G1 X372.509 Y-27.054 F400
G1 X373.363 Y-26.519 F400
G1 X374.124 Y-26.076 F400
G1 X374.873 Y-25.649 F400
G1 X375.637 Y-25.214 F400
G1 X376.414 Y-24.772 F400
G1 X377.188 Y-24.332 F400
G1 X377.935 Y-23.907 F400
G1 X378.620 Y-23.517 F400
G1 X379.208 Y-23.182 F400
G1 X380.038 Y-22.710 F400
G1 X380.698 Y-22.335 F400
G1 X381.036 Y-22.142 F400
G1 X381.151 Y-22.077 F400
G1 X381.175 Y-22.063 F400
G1 X381.179 Y-22.061 F400
G1 X381.179 Y-22.061 F400
G1 X381.179 Y-22.061 F400
G1 X381.179 Y-22.061 F400
G1 X381.179 Y-22.061 F400
G1 X381.179 Y-22.061 F400
; Pass 5/5 at Z-17.000
G0 Z5.000
G0 X381.178 Y-45.066
G1 Z-17.000 F400.0
G1 X380.202 Y-45.114 F400
G1 X378.664 Y-45.185 F400
G1 X377.204 Y-45.241 F400
G1 X376.132 Y-45.263 F400
G1 X375.368 Y-45.253 F400
G1 X374.721 Y-45.217 F400
G1 X374.079 Y-45.156 F400
G1 X373.408 Y-45.069 F400
G1 X372.702 Y-44.950 F400
G1 X371.970 Y-44.792 F400
G1 X371.225 Y-44.590 F400
G1 X370.491 Y-44.338 F400
G1 X369.794 Y-44.032 F400
G1 X368.738 Y-43.500 F400
G1 X367.792 Y-42.921 F400
G1 X367.169 Y-42.412 F400
G1 X366.791 Y-41.969 F400
G1 X366.517 Y-41.543 F400
G1 X366.268 Y-41.095 F400
G1 X366.023 Y-40.612 F400
G1 X365.782 Y-40.089 F400
G1 X365.552 Y-39.528 F400
G1 X365.343 Y-38.934 F400
G1 X365.169 Y-38.320 F400
G1 X365.044 Y-37.700 F400
G1 X364.901 Y-36.719 F400
G1 X364.849 Y-35.777 F400
G1 X364.918 Y-35.070 F400
G1 X365.078 Y-34.545 F400
G1 X365.302 Y-34.081 F400
G1 X365.580 Y-33.603 F400
G1 X365.919 Y-33.087 F400
G1 X366.329 Y-32.526 F400
G1 X366.818 Y-31.920 F400
G1 X367.396 Y-31.275 F400
G1 X368.068 Y-30.603 F400
G1 X368.830 Y-29.920 F400
G1 X370.111 Y-28.840 F400
G1 X371.431 Y-27.810 F400
G1 X372.509 Y-27.054 F400
G1 X373.363 Y-26.519 F400
G1 X374.124 Y-26.076 F400
G1 X374.873 Y-25.649 F400
G1 X375.637 Y-25.214 F400
G1 X376.414 Y-24.772 F400
G1 X377.188 Y-24.332 F400
G1 X377.935 Y-23.907 F400
G1 X378.620 Y-23.517 F400
G1 X379.208 Y-23.182 F400
G1 X380.038 Y-22.710 F400
G1 X380.698 Y-22.335 F400
G1 X381.036 Y-22.142 F400
G1 X381.151 Y-22.077 F400
G1 X381.175 Y-22.063 F400
G1 X381.179 Y-22.061 F400
G1 X381.179 Y-22.061 F400
G1 X381.179 Y-22.061 F400
G1 X381.179 Y-22.061 F400
G1 X381.179 Y-22.061 F400
G1 X381.179 Y-22.061 F400
; --- Shape: PATH ---
; Target Depth: 17mm, Steps: 5
; Pass 1/5 at Z-4.000
G0 Z5.000
G0 X405.861 Y-72.003
G1 Z-4.000 F400.0
G1 X406.382 Y-71.456 F400
G1 X407.205 Y-70.591 F400
G1 X407.992 Y-69.756 F400
G1 X408.578 Y-69.121 F400
G1 X409.009 Y-68.638 F400
G1 X409.387 Y-68.197 F400
G1 X409.773 Y-67.732 F400
G1 X410.188 Y-67.218 F400
G1 X410.638 Y-66.646 F400
G1 X411.121 Y-66.012 F400
G1 X411.633 Y-65.320 F400
G1 X412.162 Y-64.577 F400
G1 X412.696 Y-63.795 F400
G1 X413.539 Y-62.527 F400
G1 X414.345 Y-61.269 F400
G1 X414.941 Y-60.282 F400
G1 X415.372 Y-59.514 F400
G1 X415.741 Y-58.817 F400
G1 X416.111 Y-58.100 F400
G1 X416.502 Y-57.330 F400
G1 X416.916 Y-56.499 F400
G1 X417.350 Y-55.609 F400
G1 X417.797 Y-54.671 F400
G1 X418.245 Y-53.705 F400
G1 X418.678 Y-52.736 F400
G1 X419.342 Y-51.210 F400
G1 X419.945 Y-49.761 F400
G1 X420.352 Y-48.697 F400
G1 X420.604 Y-47.935 F400
G1 X420.787 Y-47.287 F400
G1 X420.950 Y-46.640 F400
G1 X421.104 Y-45.958 F400
G1 X421.248 Y-45.237 F400
G1 X421.375 Y-44.481 F400
G1 X421.476 Y-43.705 F400
G1 X421.541 Y-42.930 F400
G1 X421.559 Y-42.182 F400
G1 X421.539 Y-41.032 F400
G1 X421.451 Y-39.978 F400
G1 X421.303 Y-39.249 F400
G1 X421.116 Y-38.767 F400
G1 X420.900 Y-38.381 F400
G1 X420.656 Y-38.004 F400
G1 X420.379 Y-37.610 F400
G1 X420.064 Y-37.195 F400
G1 X419.709 Y-36.764 F400
G1 X419.312 Y-36.325 F400
G1 X418.875 Y-35.892 F400
G1 X418.404 Y-35.480 F400
G1 X417.630 Y-34.854 F400
G1 X416.845 Y-34.294 F400
G1 X416.211 Y-33.924 F400
G1 X415.700 Y-33.702 F400
G1 X415.224 Y-33.543 F400
G1 X414.729 Y-33.402 F400
G1 X414.192 Y-33.265 F400
G1 X413.608 Y-33.134 F400
G1 X412.977 Y-33.014 F400
G1 X412.305 Y-32.911 F400
G1 X411.605 Y-32.834 F400
G1 X410.892 Y-32.791 F400
G1 X409.761 Y-32.759 F400
G1 X408.675 Y-32.779 F400
G1 X407.866 Y-32.854 F400
G1 X407.277 Y-32.967 F400
G1 X406.772 Y-33.102 F400
G1 X406.268 Y-33.258 F400
G1 X405.740 Y-33.435 F400
G1 X405.185 Y-33.638 F400
G1 X404.607 Y-33.868 F400
G1 X404.019 Y-34.126 F400
G1 X403.438 Y-34.411 F400
G1 X402.885 Y-34.719 F400
G1 X402.044 Y-35.227 F400
G1 X401.288 Y-35.739 F400
G1 X400.785 Y-36.151 F400
G1 X400.475 Y-36.477 F400
G1 X400.245 Y-36.774 F400
G1 X400.032 Y-37.078 F400
G1 X399.819 Y-37.402 F400
G1 X399.606 Y-37.747 F400
G1 X399.397 Y-38.112 F400
G1 X399.201 Y-38.492 F400
G1 X399.028 Y-38.876 F400
G1 X398.888 Y-39.254 F400
G1 X398.703 Y-39.841 F400
G1 X398.574 Y-40.389 F400
G1 X398.536 Y-40.781 F400
G1 X398.562 Y-41.053 F400
G1 X398.618 Y-41.281 F400
G1 X398.690 Y-41.507 F400
G1 X398.775 Y-41.747 F400
G1 X398.874 Y-42.003 F400
G1 X398.989 Y-42.272 F400
G1 X399.121 Y-42.551 F400
G1 X399.270 Y-42.832 F400
G1 X399.435 Y-43.107 F400
G1 X399.709 Y-43.532 F400
G1 X399.986 Y-43.925 F400
G1 X400.208 Y-44.200 F400
G1 X400.381 Y-44.383 F400
G1 X400.533 Y-44.530 F400
G1 X400.682 Y-44.671 F400
G1 X400.834 Y-44.816 F400
G1 X400.988 Y-44.965 F400
G1 X401.142 Y-45.115 F400
G1 X401.291 Y-45.264 F400
G1 X401.427 Y-45.404 F400
G1 X401.544 Y-45.530 F400
G1 X401.709 Y-45.713 F400
G1 X401.840 Y-45.868 F400
G1 X401.908 Y-45.960 F400
G1 X401.930 Y-46.008 F400
G1 X401.935 Y-46.037 F400
G1 X401.936 Y-46.065 F400
G1 X401.936 Y-46.093 F400
G1 X401.936 Y-46.124 F400
G1 X401.936 Y-46.158 F400
G1 X401.936 Y-46.193 F400
G1 X401.936 Y-46.229 F400
; Pass 2/5 at Z-8.000
G0 Z5.000
G0 X405.861 Y-72.003
G1 Z-8.000 F400.0
G1 X406.382 Y-71.456 F400
G1 X407.205 Y-70.591 F400
G1 X407.992 Y-69.756 F400
G1 X408.578 Y-69.121 F400
G1 X409.009 Y-68.638 F400
G1 X409.387 Y-68.197 F400
G1 X409.773 Y-67.732 F400
G1 X410.188 Y-67.218 F400
G1 X410.638 Y-66.646 F400
G1 X411.121 Y-66.012 F400
G1 X411.633 Y-65.320 F400
G1 X412.162 Y-64.577 F400
G1 X412.696 Y-63.795 F400
G1 X413.539 Y-62.527 F400
G1 X414.345 Y-61.269 F400
G1 X414.941 Y-60.282 F400
G1 X415.372 Y-59.514 F400
G1 X415.741 Y-58.817 F400
G1 X416.111 Y-58.100 F400
G1 X416.502 Y-57.330 F400
G1 X416.916 Y-56.499 F400
G1 X417.350 Y-55.609 F400
G1 X417.797 Y-54.671 F400
G1 X418.245 Y-53.705 F400
G1 X418.678 Y-52.736 F400
G1 X419.342 Y-51.210 F400
G1 X419.945 Y-49.761 F400
G1 X420.352 Y-48.697 F400
G1 X420.604 Y-47.935 F400
G1 X420.787 Y-47.287 F400
G1 X420.950 Y-46.640 F400
G1 X421.104 Y-45.958 F400
G1 X421.248 Y-45.237 F400
G1 X421.375 Y-44.481 F400
G1 X421.476 Y-43.705 F400
G1 X421.541 Y-42.930 F400
G1 X421.559 Y-42.182 F400
G1 X421.539 Y-41.032 F400
G1 X421.451 Y-39.978 F400
G1 X421.303 Y-39.249 F400
G1 X421.116 Y-38.767 F400
G1 X420.900 Y-38.381 F400
G1 X420.656 Y-38.004 F400
G1 X420.379 Y-37.610 F400
G1 X420.064 Y-37.195 F400
G1 X419.709 Y-36.764 F400
G1 X419.312 Y-36.325 F400
G1 X418.875 Y-35.892 F400
G1 X418.404 Y-35.480 F400
G1 X417.630 Y-34.854 F400
G1 X416.845 Y-34.294 F400
G1 X416.211 Y-33.924 F400
G1 X415.700 Y-33.702 F400
G1 X415.224 Y-33.543 F400
G1 X414.729 Y-33.402 F400
G1 X414.192 Y-33.265 F400
G1 X413.608 Y-33.134 F400
G1 X412.977 Y-33.014 F400
G1 X412.305 Y-32.911 F400
G1 X411.605 Y-32.834 F400
G1 X410.892 Y-32.791 F400
G1 X409.761 Y-32.759 F400
G1 X408.675 Y-32.779 F400
G1 X407.866 Y-32.854 F400
G1 X407.277 Y-32.967 F400
G1 X406.772 Y-33.102 F400
G1 X406.268 Y-33.258 F400
G1 X405.740 Y-33.435 F400
G1 X405.185 Y-33.638 F400
G1 X404.607 Y-33.868 F400
G1 X404.019 Y-34.126 F400
G1 X403.438 Y-34.411 F400
G1 X402.885 Y-34.719 F400
G1 X402.044 Y-35.227 F400
G1 X401.288 Y-35.739 F400
G1 X400.785 Y-36.151 F400
G1 X400.475 Y-36.477 F400
G1 X400.245 Y-36.774 F400
G1 X400.032 Y-37.078 F400
G1 X399.819 Y-37.402 F400
G1 X399.606 Y-37.747 F400
G1 X399.397 Y-38.112 F400
G1 X399.201 Y-38.492 F400
G1 X399.028 Y-38.876 F400
G1 X398.888 Y-39.254 F400
G1 X398.703 Y-39.841 F400
G1 X398.574 Y-40.389 F400
G1 X398.536 Y-40.781 F400
G1 X398.562 Y-41.053 F400
G1 X398.618 Y-41.281 F400
G1 X398.690 Y-41.507 F400
G1 X398.775 Y-41.747 F400
G1 X398.874 Y-42.003 F400
G1 X398.989 Y-42.272 F400
G1 X399.121 Y-42.551 F400
G1 X399.270 Y-42.832 F400
G1 X399.435 Y-43.107 F400
G1 X399.709 Y-43.532 F400
G1 X399.986 Y-43.925 F400
G1 X400.208 Y-44.200 F400
G1 X400.381 Y-44.383 F400
G1 X400.533 Y-44.530 F400
G1 X400.682 Y-44.671 F400
G1 X400.834 Y-44.816 F400
G1 X400.988 Y-44.965 F400
G1 X401.142 Y-45.115 F400
G1 X401.291 Y-45.264 F400
G1 X401.427 Y-45.404 F400
G1 X401.544 Y-45.530 F400
G1 X401.709 Y-45.713 F400
G1 X401.840 Y-45.868 F400
G1 X401.908 Y-45.960 F400
G1 X401.930 Y-46.008 F400
G1 X401.935 Y-46.037 F400
G1 X401.936 Y-46.065 F400
G1 X401.936 Y-46.093 F400
G1 X401.936 Y-46.124 F400
G1 X401.936 Y-46.158 F400
G1 X401.936 Y-46.193 F400
G1 X401.936 Y-46.229 F400
; Pass 3/5 at Z-12.000
G0 Z5.000
G0 X405.861 Y-72.003
G1 Z-12.000 F400.0
G1 X406.382 Y-71.456 F400
G1 X407.205 Y-70.591 F400
G1 X407.992 Y-69.756 F400
G1 X408.578 Y-69.121 F400
G1 X409.009 Y-68.638 F400
G1 X409.387 Y-68.197 F400
G1 X409.773 Y-67.732 F400
G1 X410.188 Y-67.218 F400
G1 X410.638 Y-66.646 F400
G1 X411.121 Y-66.012 F400
G1 X411.633 Y-65.320 F400
G1 X412.162 Y-64.577 F400
G1 X412.696 Y-63.795 F400
G1 X413.539 Y-62.527 F400
G1 X414.345 Y-61.269 F400
G1 X414.941 Y-60.282 F400
G1 X415.372 Y-59.514 F400
G1 X415.741 Y-58.817 F400
G1 X416.111 Y-58.100 F400
G1 X416.502 Y-57.330 F400
G1 X416.916 Y-56.499 F400
G1 X417.350 Y-55.609 F400
G1 X417.797 Y-54.671 F400
G1 X418.245 Y-53.705 F400
G1 X418.678 Y-52.736 F400
G1 X419.342 Y-51.210 F400
G1 X419.945 Y-49.761 F400
G1 X420.352 Y-48.697 F400
G1 X420.604 Y-47.935 F400
G1 X420.787 Y-47.287 F400
G1 X420.950 Y-46.640 F400
G1 X421.104 Y-45.958 F400
G1 X421.248 Y-45.237 F400
G1 X421.375 Y-44.481 F400
G1 X421.476 Y-43.705 F400
G1 X421.541 Y-42.930 F400
G1 X421.559 Y-42.182 F400
G1 X421.539 Y-41.032 F400
G1 X421.451 Y-39.978 F400
G1 X421.303 Y-39.249 F400
G1 X421.116 Y-38.767 F400
G1 X420.900 Y-38.381 F400
G1 X420.656 Y-38.004 F400
G1 X420.379 Y-37.610 F400
G1 X420.064 Y-37.195 F400
G1 X419.709 Y-36.764 F400
G1 X419.312 Y-36.325 F400
G1 X418.875 Y-35.892 F400
G1 X418.404 Y-35.480 F400
G1 X417.630 Y-34.854 F400
G1 X416.845 Y-34.294 F400
G1 X416.211 Y-33.924 F400
G1 X415.700 Y-33.702 F400
G1 X415.224 Y-33.543 F400
G1 X414.729 Y-33.402 F400
G1 X414.192 Y-33.265 F400
G1 X413.608 Y-33.134 F400
G1 X412.977 Y-33.014 F400
G1 X412.305 Y-32.911 F400
G1 X411.605 Y-32.834 F400
G1 X410.892 Y-32.791 F400
G1 X409.761 Y-32.759 F400
G1 X408.675 Y-32.779 F400
G1 X407.866 Y-32.854 F400
G1 X407.277 Y-32.967 F400
G1 X406.772 Y-33.102 F400
G1 X406.268 Y-33.258 F400
G1 X405.740 Y-33.435 F400
G1 X405.185 Y-33.638 F400
G1 X404.607 Y-33.868 F400
G1 X404.019 Y-34.126 F400
G1 X403.438 Y-34.411 F400
G1 X402.885 Y-34.719 F400
G1 X402.044 Y-35.227 F400
G1 X401.288 Y-35.739 F400
G1 X400.785 Y-36.151 F400
G1 X400.475 Y-36.477 F400
G1 X400.245 Y-36.774 F400
G1 X400.032 Y-37.078 F400
G1 X399.819 Y-37.402 F400
G1 X399.606 Y-37.747 F400
G1 X399.397 Y-38.112 F400
G1 X399.201 Y-38.492 F400
G1 X399.028 Y-38.876 F400
G1 X398.888 Y-39.254 F400
G1 X398.703 Y-39.841 F400
G1 X398.574 Y-40.389 F400
G1 X398.536 Y-40.781 F400
G1 X398.562 Y-41.053 F400
G1 X398.618 Y-41.281 F400
G1 X398.690 Y-41.507 F400
G1 X398.775 Y-41.747 F400
G1 X398.874 Y-42.003 F400
G1 X398.989 Y-42.272 F400
G1 X399.121 Y-42.551 F400
G1 X399.270 Y-42.832 F400
G1 X399.435 Y-43.107 F400
G1 X399.709 Y-43.532 F400
G1 X399.986 Y-43.925 F400
G1 X400.208 Y-44.200 F400
G1 X400.381 Y-44.383 F400
G1 X400.533 Y-44.530 F400
G1 X400.682 Y-44.671 F400
G1 X400.834 Y-44.816 F400
G1 X400.988 Y-44.965 F400
G1 X401.142 Y-45.115 F400
G1 X401.291 Y-45.264 F400
G1 X401.427 Y-45.404 F400
G1 X401.544 Y-45.530 F400
G1 X401.709 Y-45.713 F400
G1 X401.840 Y-45.868 F400
G1 X401.908 Y-45.960 F400
G1 X401.930 Y-46.008 F400
G1 X401.935 Y-46.037 F400
G1 X401.936 Y-46.065 F400
G1 X401.936 Y-46.093 F400
G1 X401.936 Y-46.124 F400
G1 X401.936 Y-46.158 F400
G1 X401.936 Y-46.193 F400
G1 X401.936 Y-46.229 F400
; Pass 4/5 at Z-16.000
G0 Z5.000
G0 X405.861 Y-72.003
G1 Z-16.000 F400.0
G1 X406.382 Y-71.456 F400
G1 X407.205 Y-70.591 F400
G1 X407.992 Y-69.756 F400
G1 X408.578 Y-69.121 F400
G1 X409.009 Y-68.638 F400
G1 X409.387 Y-68.197 F400
G1 X409.773 Y-67.732 F400
G1 X410.188 Y-67.218 F400
G1 X410.638 Y-66.646 F400
G1 X411.121 Y-66.012 F400
G1 X411.633 Y-65.320 F400
G1 X412.162 Y-64.577 F400
G1 X412.696 Y-63.795 F400
G1 X413.539 Y-62.527 F400
G1 X414.345 Y-61.269 F400
G1 X414.941 Y-60.282 F400
G1 X415.372 Y-59.514 F400
G1 X415.741 Y-58.817 F400
G1 X416.111 Y-58.100 F400
G1 X416.502 Y-57.330 F400
G1 X416.916 Y-56.499 F400
G1 X417.350 Y-55.609 F400
G1 X417.797 Y-54.671 F400
G1 X418.245 Y-53.705 F400
G1 X418.678 Y-52.736 F400
G1 X419.342 Y-51.210 F400
G1 X419.945 Y-49.761 F400
G1 X420.352 Y-48.697 F400
G1 X420.604 Y-47.935 F400
G1 X420.787 Y-47.287 F400
G1 X420.950 Y-46.640 F400
G1 X421.104 Y-45.958 F400
G1 X421.248 Y-45.237 F400
G1 X421.375 Y-44.481 F400
G1 X421.476 Y-43.705 F400
G1 X421.541 Y-42.930 F400
G1 X421.559 Y-42.182 F400
G1 X421.539 Y-41.032 F400
G1 X421.451 Y-39.978 F400
G1 X421.303 Y-39.249 F400
G1 X421.116 Y-38.767 F400
G1 X420.900 Y-38.381 F400
G1 X420.656 Y-38.004 F400
G1 X420.379 Y-37.610 F400
G1 X420.064 Y-37.195 F400
G1 X419.709 Y-36.764 F400
G1 X419.312 Y-36.325 F400
G1 X418.875 Y-35.892 F400
G1 X418.404 Y-35.480 F400
G1 X417.630 Y-34.854 F400
G1 X416.845 Y-34.294 F400
G1 X416.211 Y-33.924 F400
G1 X415.700 Y-33.702 F400
G1 X415.224 Y-33.543 F400
G1 X414.729 Y-33.402 F400
G1 X414.192 Y-33.265 F400
G1 X413.608 Y-33.134 F400
G1 X412.977 Y-33.014 F400
G1 X412.305 Y-32.911 F400
G1 X411.605 Y-32.834 F400
G1 X410.892 Y-32.791 F400
G1 X409.761 Y-32.759 F400
G1 X408.675 Y-32.779 F400
G1 X407.866 Y-32.854 F400
G1 X407.277 Y-32.967 F400
G1 X406.772 Y-33.102 F400
G1 X406.268 Y-33.258 F400
G1 X405.740 Y-33.435 F400
G1 X405.185 Y-33.638 F400
G1 X404.607 Y-33.868 F400
G1 X404.019 Y-34.126 F400
G1 X403.438 Y-34.411 F400
G1 X402.885 Y-34.719 F400
G1 X402.044 Y-35.227 F400
G1 X401.288 Y-35.739 F400
G1 X400.785 Y-36.151 F400
G1 X400.475 Y-36.477 F400
G1 X400.245 Y-36.774 F400
G1 X400.032 Y-37.078 F400
G1 X399.819 Y-37.402 F400
G1 X399.606 Y-37.747 F400
G1 X399.397 Y-38.112 F400
G1 X399.201 Y-38.492 F400
G1 X399.028 Y-38.876 F400
G1 X398.888 Y-39.254 F400
G1 X398.703 Y-39.841 F400
G1 X398.574 Y-40.389 F400
G1 X398.536 Y-40.781 F400
G1 X398.562 Y-41.053 F400
G1 X398.618 Y-41.281 F400
G1 X398.690 Y-41.507 F400
G1 X398.775 Y-41.747 F400
G1 X398.874 Y-42.003 F400
G1 X398.989 Y-42.272 F400
G1 X399.121 Y-42.551 F400
G1 X399.270 Y-42.832 F400
G1 X399.435 Y-43.107 F400
G1 X399.709 Y-43.532 F400
G1 X399.986 Y-43.925 F400
G1 X400.208 Y-44.200 F400
G1 X400.381 Y-44.383 F400
G1 X400.533 Y-44.530 F400
G1 X400.682 Y-44.671 F400
G1 X400.834 Y-44.816 F400
G1 X400.988 Y-44.965 F400
G1 X401.142 Y-45.115 F400
G1 X401.291 Y-45.264 F400
G1 X401.427 Y-45.404 F400
G1 X401.544 Y-45.530 F400
G1 X401.709 Y-45.713 F400
G1 X401.840 Y-45.868 F400
G1 X401.908 Y-45.960 F400
G1 X401.930 Y-46.008 F400
G1 X401.935 Y-46.037 F400
G1 X401.936 Y-46.065 F400
G1 X401.936 Y-46.093 F400
G1 X401.936 Y-46.124 F400
G1 X401.936 Y-46.158 F400
G1 X401.936 Y-46.193 F400
G1 X401.936 Y-46.229 F400
; Pass 5/5 at Z-17.000
G0 Z5.000
G0 X405.861 Y-72.003
G1 Z-17.000 F400.0
G1 X406.382 Y-71.456 F400
G1 X407.205 Y-70.591 F400
G1 X407.992 Y-69.756 F400
G1 X408.578 Y-69.121 F400
G1 X409.009 Y-68.638 F400
G1 X409.387 Y-68.197 F400
G1 X409.773 Y-67.732 F400
G1 X410.188 Y-67.218 F400
G1 X410.638 Y-66.646 F400
G1 X411.121 Y-66.012 F400
G1 X411.633 Y-65.320 F400
G1 X412.162 Y-64.577 F400
G1 X412.696 Y-63.795 F400
G1 X413.539 Y-62.527 F400
G1 X414.345 Y-61.269 F400
G1 X414.941 Y-60.282 F400
G1 X415.372 Y-59.514 F400
G1 X415.741 Y-58.817 F400
G1 X416.111 Y-58.100 F400
G1 X416.502 Y-57.330 F400
G1 X416.916 Y-56.499 F400
G1 X417.350 Y-55.609 F400
G1 X417.797 Y-54.671 F400
G1 X418.245 Y-53.705 F400
G1 X418.678 Y-52.736 F400
G1 X419.342 Y-51.210 F400
G1 X419.945 Y-49.761 F400
G1 X420.352 Y-48.697 F400
G1 X420.604 Y-47.935 F400
G1 X420.787 Y-47.287 F400
G1 X420.950 Y-46.640 F400
G1 X421.104 Y-45.958 F400
G1 X421.248 Y-45.237 F400
G1 X421.375 Y-44.481 F400
G1 X421.476 Y-43.705 F400
G1 X421.541 Y-42.930 F400
G1 X421.559 Y-42.182 F400
G1 X421.539 Y-41.032 F400
G1 X421.451 Y-39.978 F400
G1 X421.303 Y-39.249 F400
G1 X421.116 Y-38.767 F400
G1 X420.900 Y-38.381 F400
G1 X420.656 Y-38.004 F400
G1 X420.379 Y-37.610 F400
G1 X420.064 Y-37.195 F400
G1 X419.709 Y-36.764 F400
G1 X419.312 Y-36.325 F400
G1 X418.875 Y-35.892 F400
G1 X418.404 Y-35.480 F400
G1 X417.630 Y-34.854 F400
G1 X416.845 Y-34.294 F400
G1 X416.211 Y-33.924 F400
G1 X415.700 Y-33.702 F400
G1 X415.224 Y-33.543 F400
G1 X414.729 Y-33.402 F400
G1 X414.192 Y-33.265 F400
G1 X413.608 Y-33.134 F400
G1 X412.977 Y-33.014 F400
G1 X412.305 Y-32.911 F400
G1 X411.605 Y-32.834 F400
G1 X410.892 Y-32.791 F400
G1 X409.761 Y-32.759 F400
G1 X408.675 Y-32.779 F400
G1 X407.866 Y-32.854 F400
G1 X407.277 Y-32.967 F400
G1 X406.772 Y-33.102 F400
G1 X406.268 Y-33.258 F400
G1 X405.740 Y-33.435 F400
G1 X405.185 Y-33.638 F400
G1 X404.607 Y-33.868 F400
G1 X404.019 Y-34.126 F400
G1 X403.438 Y-34.411 F400
G1 X402.885 Y-34.719 F400
G1 X402.044 Y-35.227 F400
G1 X401.288 Y-35.739 F400
G1 X400.785 Y-36.151 F400
G1 X400.475 Y-36.477 F400
G1 X400.245 Y-36.774 F400
G1 X400.032 Y-37.078 F400
G1 X399.819 Y-37.402 F400
G1 X399.606 Y-37.747 F400
G1 X399.397 Y-38.112 F400
G1 X399.201 Y-38.492 F400
G1 X399.028 Y-38.876 F400
G1 X398.888 Y-39.254 F400
G1 X398.703 Y-39.841 F400
G1 X398.574 Y-40.389 F400
G1 X398.536 Y-40.781 F400
G1 X398.562 Y-41.053 F400
G1 X398.618 Y-41.281 F400
G1 X398.690 Y-41.507 F400
G1 X398.775 Y-41.747 F400
G1 X398.874 Y-42.003 F400
G1 X398.989 Y-42.272 F400
G1 X399.121 Y-42.551 F400
G1 X399.270 Y-42.832 F400
G1 X399.435 Y-43.107 F400
G1 X399.709 Y-43.532 F400
G1 X399.986 Y-43.925 F400
G1 X400.208 Y-44.200 F400
G1 X400.381 Y-44.383 F400
G1 X400.533 Y-44.530 F400
G1 X400.682 Y-44.671 F400
G1 X400.834 Y-44.816 F400
G1 X400.988 Y-44.965 F400
G1 X401.142 Y-45.115 F400
G1 X401.291 Y-45.264 F400
G1 X401.427 Y-45.404 F400
G1 X401.544 Y-45.530 F400
G1 X401.709 Y-45.713 F400
G1 X401.840 Y-45.868 F400
G1 X401.908 Y-45.960 F400
G1 X401.930 Y-46.008 F400
G1 X401.935 Y-46.037 F400
G1 X401.936 Y-46.065 F400
G1 X401.936 Y-46.093 F400
G1 X401.936 Y-46.124 F400
G1 X401.936 Y-46.158 F400
G1 X401.936 Y-46.193 F400
G1 X401.936 Y-46.229 F400
; --- Shape: PATH ---
; Target Depth: 17mm, Steps: 5
; Pass 1/5 at Z-4.000
G0 Z5.000
G0 X483.998 Y-62.830
G1 Z-4.000 F400.0
G1 X485.005 Y-63.054 F400
G1 X486.591 Y-63.405 F400
G1 X488.101 Y-63.730 F400
G1 X489.214 Y-63.955 F400
G1 X490.014 Y-64.097 F400
G1 X490.698 Y-64.198 F400
G1 X491.382 Y-64.281 F400
G1 X492.105 Y-64.352 F400
G1 X492.870 Y-64.406 F400
G1 X493.674 Y-64.439 F400
G1 X494.501 Y-64.442 F400
G1 X495.330 Y-64.409 F400
G1 X496.133 Y-64.331 F400
G1 X497.368 Y-64.161 F400
G1 X498.497 Y-63.934 F400
G1 X499.272 Y-63.686 F400
G1 X499.773 Y-63.430 F400
G1 X500.161 Y-63.157 F400
G1 X500.526 Y-62.855 F400
G1 X500.895 Y-62.516 F400
G1 X501.266 Y-62.134 F400
G1 X501.633 Y-61.708 F400
G1 X501.984 Y-61.236 F400
G1 X502.300 Y-60.724 F400
G1 X502.564 Y-60.178 F400
G1 X502.923 Y-59.284 F400
G1 X503.184 Y-58.386 F400
G1 X503.277 Y-57.667 F400
G1 X503.245 Y-57.094 F400
G1 X503.149 Y-56.564 F400
G1 X503.014 Y-56.011 F400
G1 X502.845 Y-55.412 F400
G1 X502.634 Y-54.759 F400
G1 X502.378 Y-54.052 F400
G1 X502.069 Y-53.299 F400
G1 X501.704 Y-52.513 F400
G1 X501.283 Y-51.712 F400
G1 X500.570 Y-50.442 F400
G1 X499.829 Y-49.228 F400
G1 X499.217 Y-48.333 F400
G1 X498.725 Y-47.698 F400
G1 X498.285 Y-47.170 F400
G1 X497.850 Y-46.660 F400
G1 X497.407 Y-46.141 F400
G1 X496.955 Y-45.614 F400
G1 X496.505 Y-45.088 F400
G1 X496.069 Y-44.580 F400
G1 X495.669 Y-44.114 F400
G1 X495.324 Y-43.714 F400
G1 X494.836 Y-43.147 F400
G1 X494.446 Y-42.697 F400
G1 X494.245 Y-42.465 F400
G1 X494.175 Y-42.385 F400
G1 X494.158 Y-42.366 F400
G1 X494.155 Y-42.362 F400
G1 X494.155 Y-42.360 F400
G1 X494.156 Y-42.358 F400
G1 X494.160 Y-42.356 F400
G1 X494.165 Y-42.354 F400
G1 X494.173 Y-42.352 F400
G1 X494.184 Y-42.350 F400
G1 X494.203 Y-42.348 F400
G1 X494.224 Y-42.347 F400
G1 X494.242 Y-42.347 F400
G1 X494.257 Y-42.349 F400
G1 X494.269 Y-42.351 F400
G1 X494.281 Y-42.354 F400
G1 X494.291 Y-42.358 F400
G1 X494.299 Y-42.364 F400
G1 X494.306 Y-42.371 F400
G1 X494.309 Y-42.379 F400
G1 X494.309 Y-42.389 F400
G1 X494.304 Y-42.401 F400
G1 X494.291 Y-42.421 F400
G1 X494.272 Y-42.443 F400
G1 X494.251 Y-42.462 F400
G1 X494.230 Y-42.478 F400
G1 X494.207 Y-42.494 F400
G1 X494.183 Y-42.510 F400
G1 X494.157 Y-42.527 F400
G1 X494.129 Y-42.546 F400
G1 X494.099 Y-42.566 F400
G1 X494.067 Y-42.587 F400
G1 X494.034 Y-42.609 F400
; Pass 2/5 at Z-8.000
G0 Z5.000
G0 X483.998 Y-62.830
G1 Z-8.000 F400.0
G1 X485.005 Y-63.054 F400
G1 X486.591 Y-63.405 F400
G1 X488.101 Y-63.730 F400
G1 X489.214 Y-63.955 F400
G1 X490.014 Y-64.097 F400
G1 X490.698 Y-64.198 F400
G1 X491.382 Y-64.281 F400
G1 X492.105 Y-64.352 F400
G1 X492.870 Y-64.406 F400
G1 X493.674 Y-64.439 F400
G1 X494.501 Y-64.442 F400
G1 X495.330 Y-64.409 F400
G1 X496.133 Y-64.331 F400
G1 X497.368 Y-64.161 F400
G1 X498.497 Y-63.934 F400
G1 X499.272 Y-63.686 F400
G1 X499.773 Y-63.430 F400
G1 X500.161 Y-63.157 F400
G1 X500.526 Y-62.855 F400
G1 X500.895 Y-62.516 F400
G1 X501.266 Y-62.134 F400
G1 X501.633 Y-61.708 F400
G1 X501.984 Y-61.236 F400
G1 X502.300 Y-60.724 F400
G1 X502.564 Y-60.178 F400
G1 X502.923 Y-59.284 F400
G1 X503.184 Y-58.386 F400
G1 X503.277 Y-57.667 F400
G1 X503.245 Y-57.094 F400
G1 X503.149 Y-56.564 F400
G1 X503.014 Y-56.011 F400
G1 X502.845 Y-55.412 F400
G1 X502.634 Y-54.759 F400
G1 X502.378 Y-54.052 F400
G1 X502.069 Y-53.299 F400
G1 X501.704 Y-52.513 F400
G1 X501.283 Y-51.712 F400
G1 X500.570 Y-50.442 F400
G1 X499.829 Y-49.228 F400
G1 X499.217 Y-48.333 F400
G1 X498.725 Y-47.698 F400
G1 X498.285 Y-47.170 F400
G1 X497.850 Y-46.660 F400
G1 X497.407 Y-46.141 F400
G1 X496.955 Y-45.614 F400
G1 X496.505 Y-45.088 F400
G1 X496.069 Y-44.580 F400
G1 X495.669 Y-44.114 F400
G1 X495.324 Y-43.714 F400
G1 X494.836 Y-43.147 F400
G1 X494.446 Y-42.697 F400
G1 X494.245 Y-42.465 F400
G1 X494.175 Y-42.385 F400
G1 X494.158 Y-42.366 F400
G1 X494.155 Y-42.362 F400
G1 X494.155 Y-42.360 F400
G1 X494.156 Y-42.358 F400
G1 X494.160 Y-42.356 F400
G1 X494.165 Y-42.354 F400
G1 X494.173 Y-42.352 F400
G1 X494.184 Y-42.350 F400
G1 X494.203 Y-42.348 F400
G1 X494.224 Y-42.347 F400
G1 X494.242 Y-42.347 F400
G1 X494.257 Y-42.349 F400
G1 X494.269 Y-42.351 F400
G1 X494.281 Y-42.354 F400
G1 X494.291 Y-42.358 F400
G1 X494.299 Y-42.364 F400
G1 X494.306 Y-42.371 F400
G1 X494.309 Y-42.379 F400
G1 X494.309 Y-42.389 F400
G1 X494.304 Y-42.401 F400
G1 X494.291 Y-42.421 F400
G1 X494.272 Y-42.443 F400
G1 X494.251 Y-42.462 F400
G1 X494.230 Y-42.478 F400
G1 X494.207 Y-42.494 F400
G1 X494.183 Y-42.510 F400
G1 X494.157 Y-42.527 F400
G1 X494.129 Y-42.546 F400
G1 X494.099 Y-42.566 F400
G1 X494.067 Y-42.587 F400
G1 X494.034 Y-42.609 F400
; Pass 3/5 at Z-12.000
G0 Z5.000
G0 X483.998 Y-62.830
G1 Z-12.000 F400.0
G1 X485.005 Y-63.054 F400
G1 X486.591 Y-63.405 F400
G1 X488.101 Y-63.730 F400
G1 X489.214 Y-63.955 F400
G1 X490.014 Y-64.097 F400
G1 X490.698 Y-64.198 F400
G1 X491.382 Y-64.281 F400
G1 X492.105 Y-64.352 F400
G1 X492.870 Y-64.406 F400
G1 X493.674 Y-64.439 F400
G1 X494.501 Y-64.442 F400
G1 X495.330 Y-64.409 F400
G1 X496.133 Y-64.331 F400
G1 X497.368 Y-64.161 F400
G1 X498.497 Y-63.934 F400
G1 X499.272 Y-63.686 F400
G1 X499.773 Y-63.430 F400
G1 X500.161 Y-63.157 F400
G1 X500.526 Y-62.855 F400
G1 X500.895 Y-62.516 F400
G1 X501.266 Y-62.134 F400
G1 X501.633 Y-61.708 F400
G1 X501.984 Y-61.236 F400
G1 X502.300 Y-60.724 F400
G1 X502.564 Y-60.178 F400
G1 X502.923 Y-59.284 F400
G1 X503.184 Y-58.386 F400
G1 X503.277 Y-57.667 F400
G1 X503.245 Y-57.094 F400
G1 X503.149 Y-56.564 F400
G1 X503.014 Y-56.011 F400
G1 X502.845 Y-55.412 F400
G1 X502.634 Y-54.759 F400
G1 X502.378 Y-54.052 F400
G1 X502.069 Y-53.299 F400
G1 X501.704 Y-52.513 F400
G1 X501.283 Y-51.712 F400
G1 X500.570 Y-50.442 F400
G1 X499.829 Y-49.228 F400
G1 X499.217 Y-48.333 F400
G1 X498.725 Y-47.698 F400
G1 X498.285 Y-47.170 F400
G1 X497.850 Y-46.660 F400
G1 X497.407 Y-46.141 F400
G1 X496.955 Y-45.614 F400
G1 X496.505 Y-45.088 F400
G1 X496.069 Y-44.580 F400
G1 X495.669 Y-44.114 F400
G1 X495.324 Y-43.714 F400
G1 X494.836 Y-43.147 F400
G1 X494.446 Y-42.697 F400
G1 X494.245 Y-42.465 F400
G1 X494.175 Y-42.385 F400
G1 X494.158 Y-42.366 F400
G1 X494.155 Y-42.362 F400
G1 X494.155 Y-42.360 F400
G1 X494.156 Y-42.358 F400
G1 X494.160 Y-42.356 F400
G1 X494.165 Y-42.354 F400
G1 X494.173 Y-42.352 F400
G1 X494.184 Y-42.350 F400
G1 X494.203 Y-42.348 F400
G1 X494.224 Y-42.347 F400
G1 X494.242 Y-42.347 F400
G1 X494.257 Y-42.349 F400
G1 X494.269 Y-42.351 F400
G1 X494.281 Y-42.354 F400
G1 X494.291 Y-42.358 F400
G1 X494.299 Y-42.364 F400
G1 X494.306 Y-42.371 F400
G1 X494.309 Y-42.379 F400
G1 X494.309 Y-42.389 F400
G1 X494.304 Y-42.401 F400
G1 X494.291 Y-42.421 F400
G1 X494.272 Y-42.443 F400
G1 X494.251 Y-42.462 F400
G1 X494.230 Y-42.478 F400
G1 X494.207 Y-42.494 F400
G1 X494.183 Y-42.510 F400
G1 X494.157 Y-42.527 F400
G1 X494.129 Y-42.546 F400
G1 X494.099 Y-42.566 F400
G1 X494.067 Y-42.587 F400
G1 X494.034 Y-42.609 F400
; Pass 4/5 at Z-16.000
G0 Z5.000
G0 X483.998 Y-62.830
G1 Z-16.000 F400.0
G1 X485.005 Y-63.054 F400
G1 X486.591 Y-63.405 F400
G1 X488.101 Y-63.730 F400
G1 X489.214 Y-63.955 F400
G1 X490.014 Y-64.097 F400
G1 X490.698 Y-64.198 F400
G1 X491.382 Y-64.281 F400
G1 X492.105 Y-64.352 F400
G1 X492.870 Y-64.406 F400
G1 X493.674 Y-64.439 F400
G1 X494.501 Y-64.442 F400
G1 X495.330 Y-64.409 F400
G1 X496.133 Y-64.331 F400
G1 X497.368 Y-64.161 F400
G1 X498.497 Y-63.934 F400
G1 X499.272 Y-63.686 F400
G1 X499.773 Y-63.430 F400
G1 X500.161 Y-63.157 F400
G1 X500.526 Y-62.855 F400
G1 X500.895 Y-62.516 F400
G1 X501.266 Y-62.134 F400
G1 X501.633 Y-61.708 F400
G1 X501.984 Y-61.236 F400
G1 X502.300 Y-60.724 F400
G1 X502.564 Y-60.178 F400
G1 X502.923 Y-59.284 F400
G1 X503.184 Y-58.386 F400
G1 X503.277 Y-57.667 F400
G1 X503.245 Y-57.094 F400
G1 X503.149 Y-56.564 F400
G1 X503.014 Y-56.011 F400
G1 X502.845 Y-55.412 F400
G1 X502.634 Y-54.759 F400
G1 X502.378 Y-54.052 F400
G1 X502.069 Y-53.299 F400
G1 X501.704 Y-52.513 F400
G1 X501.283 Y-51.712 F400
G1 X500.570 Y-50.442 F400
G1 X499.829 Y-49.228 F400
G1 X499.217 Y-48.333 F400
G1 X498.725 Y-47.698 F400
G1 X498.285 Y-47.170 F400
G1 X497.850 Y-46.660 F400
G1 X497.407 Y-46.141 F400
G1 X496.955 Y-45.614 F400
G1 X496.505 Y-45.088 F400
G1 X496.069 Y-44.580 F400
G1 X495.669 Y-44.114 F400
G1 X495.324 Y-43.714 F400
G1 X494.836 Y-43.147 F400
G1 X494.446 Y-42.697 F400
G1 X494.245 Y-42.465 F400
G1 X494.175 Y-42.385 F400
G1 X494.158 Y-42.366 F400
G1 X494.155 Y-42.362 F400
G1 X494.155 Y-42.360 F400
G1 X494.156 Y-42.358 F400
G1 X494.160 Y-42.356 F400
G1 X494.165 Y-42.354 F400
G1 X494.173 Y-42.352 F400
G1 X494.184 Y-42.350 F400
G1 X494.203 Y-42.348 F400
G1 X494.224 Y-42.347 F400
G1 X494.242 Y-42.347 F400
G1 X494.257 Y-42.349 F400
G1 X494.269 Y-42.351 F400
G1 X494.281 Y-42.354 F400
G1 X494.291 Y-42.358 F400
G1 X494.299 Y-42.364 F400
G1 X494.306 Y-42.371 F400
G1 X494.309 Y-42.379 F400
G1 X494.309 Y-42.389 F400
G1 X494.304 Y-42.401 F400
G1 X494.291 Y-42.421 F400
G1 X494.272 Y-42.443 F400
G1 X494.251 Y-42.462 F400
G1 X494.230 Y-42.478 F400
G1 X494.207 Y-42.494 F400
G1 X494.183 Y-42.510 F400
G1 X494.157 Y-42.527 F400
G1 X494.129 Y-42.546 F400
G1 X494.099 Y-42.566 F400
G1 X494.067 Y-42.587 F400
G1 X494.034 Y-42.609 F400
; Pass 5/5 at Z-17.000
G0 Z5.000
G0 X483.998 Y-62.830
G1 Z-17.000 F400.0
G1 X485.005 Y-63.054 F400
G1 X486.591 Y-63.405 F400
G1 X488.101 Y-63.730 F400
G1 X489.214 Y-63.955 F400
G1 X490.014 Y-64.097 F400
G1 X490.698 Y-64.198 F400
G1 X491.382 Y-64.281 F400
G1 X492.105 Y-64.352 F400
G1 X492.870 Y-64.406 F400
G1 X493.674 Y-64.439 F400
G1 X494.501 Y-64.442 F400
G1 X495.330 Y-64.409 F400
G1 X496.133 Y-64.331 F400
G1 X497.368 Y-64.161 F400
G1 X498.497 Y-63.934 F400
G1 X499.272 Y-63.686 F400
G1 X499.773 Y-63.430 F400
G1 X500.161 Y-63.157 F400
G1 X500.526 Y-62.855 F400
G1 X500.895 Y-62.516 F400
G1 X501.266 Y-62.134 F400
G1 X501.633 Y-61.708 F400
G1 X501.984 Y-61.236 F400
G1 X502.300 Y-60.724 F400
G1 X502.564 Y-60.178 F400
G1 X502.923 Y-59.284 F400
G1 X503.184 Y-58.386 F400
G1 X503.277 Y-57.667 F400
G1 X503.245 Y-57.094 F400
G1 X503.149 Y-56.564 F400
G1 X503.014 Y-56.011 F400
G1 X502.845 Y-55.412 F400
G1 X502.634 Y-54.759 F400
G1 X502.378 Y-54.052 F400
G1 X502.069 Y-53.299 F400
G1 X501.704 Y-52.513 F400
G1 X501.283 Y-51.712 F400
G1 X500.570 Y-50.442 F400
G1 X499.829 Y-49.228 F400
G1 X499.217 Y-48.333 F400
G1 X498.725 Y-47.698 F400
G1 X498.285 Y-47.170 F400
G1 X497.850 Y-46.660 F400
G1 X497.407 Y-46.141 F400
G1 X496.955 Y-45.614 F400
G1 X496.505 Y-45.088 F400
G1 X496.069 Y-44.580 F400
G1 X495.669 Y-44.114 F400
G1 X495.324 Y-43.714 F400
G1 X494.836 Y-43.147 F400
G1 X494.446 Y-42.697 F400
G1 X494.245 Y-42.465 F400
G1 X494.175 Y-42.385 F400
G1 X494.158 Y-42.366 F400
G1 X494.155 Y-42.362 F400
G1 X494.155 Y-42.360 F400
G1 X494.156 Y-42.358 F400
G1 X494.160 Y-42.356 F400
G1 X494.165 Y-42.354 F400
G1 X494.173 Y-42.352 F400
G1 X494.184 Y-42.350 F400
G1 X494.203 Y-42.348 F400
G1 X494.224 Y-42.347 F400
G1 X494.242 Y-42.347 F400
G1 X494.257 Y-42.349 F400
G1 X494.269 Y-42.351 F400
G1 X494.281 Y-42.354 F400
G1 X494.291 Y-42.358 F400
G1 X494.299 Y-42.364 F400
G1 X494.306 Y-42.371 F400
G1 X494.309 Y-42.379 F400
G1 X494.309 Y-42.389 F400
G1 X494.304 Y-42.401 F400
G1 X494.291 Y-42.421 F400
G1 X494.272 Y-42.443 F400
G1 X494.251 Y-42.462 F400
G1 X494.230 Y-42.478 F400
G1 X494.207 Y-42.494 F400
G1 X494.183 Y-42.510 F400
G1 X494.157 Y-42.527 F400
G1 X494.129 Y-42.546 F400
G1 X494.099 Y-42.566 F400
G1 X494.067 Y-42.587 F400
G1 X494.034 Y-42.609 F400
; --- Shape: PATH ---
; Target Depth: 17mm, Steps: 5
; Pass 1/5 at Z-4.000
G0 Z5.000
G0 X333.924 Y-62.830
G1 Z-4.000 F400.0
G1 X332.917 Y-63.054 F400
G1 X331.331 Y-63.405 F400
G1 X329.821 Y-63.730 F400
G1 X328.708 Y-63.955 F400
G1 X327.908 Y-64.097 F400
G1 X327.224 Y-64.198 F400
G1 X326.540 Y-64.281 F400
G1 X325.817 Y-64.352 F400
G1 X325.052 Y-64.406 F400
G1 X324.248 Y-64.439 F400
G1 X323.421 Y-64.442 F400
G1 X322.592 Y-64.409 F400
G1 X321.789 Y-64.331 F400
G1 X320.554 Y-64.161 F400
G1 X319.425 Y-63.934 F400
G1 X318.650 Y-63.686 F400
G1 X318.149 Y-63.430 F400
G1 X317.761 Y-63.157 F400
G1 X317.396 Y-62.855 F400
G1 X317.027 Y-62.516 F400
G1 X316.656 Y-62.134 F400
G1 X316.289 Y-61.708 F400
G1 X315.938 Y-61.236 F400
G1 X315.622 Y-60.724 F400
G1 X315.358 Y-60.178 F400
G1 X314.999 Y-59.284 F400
G1 X314.738 Y-58.386 F400
G1 X314.645 Y-57.667 F400
G1 X314.677 Y-57.094 F400
G1 X314.773 Y-56.564 F400
G1 X314.908 Y-56.011 F400
G1 X315.077 Y-55.412 F400
G1 X315.288 Y-54.759 F400
G1 X315.544 Y-54.052 F400
G1 X315.853 Y-53.299 F400
G1 X316.218 Y-52.513 F400
G1 X316.639 Y-51.712 F400
G1 X317.352 Y-50.442 F400
G1 X318.093 Y-49.228 F400
G1 X318.705 Y-48.333 F400
G1 X319.197 Y-47.698 F400
G1 X319.637 Y-47.170 F400
G1 X320.072 Y-46.660 F400
G1 X320.515 Y-46.141 F400
G1 X320.967 Y-45.614 F400
G1 X321.417 Y-45.088 F400
G1 X321.853 Y-44.580 F400
G1 X322.253 Y-44.114 F400
G1 X322.598 Y-43.714 F400
G1 X323.086 Y-43.147 F400
G1 X323.476 Y-42.697 F400
G1 X323.677 Y-42.465 F400
G1 X323.747 Y-42.385 F400
G1 X323.764 Y-42.366 F400
G1 X323.767 Y-42.362 F400
G1 X323.767 Y-42.360 F400
G1 X323.766 Y-42.358 F400
G1 X323.762 Y-42.356 F400
G1 X323.757 Y-42.354 F400
G1 X323.749 Y-42.352 F400
G1 X323.738 Y-42.350 F400
G1 X323.719 Y-42.348 F400
G1 X323.698 Y-42.347 F400
G1 X323.680 Y-42.347 F400
G1 X323.665 Y-42.349 F400
G1 X323.653 Y-42.351 F400
G1 X323.641 Y-42.354 F400
G1 X323.631 Y-42.358 F400
G1 X323.623 Y-42.364 F400
G1 X323.616 Y-42.371 F400
G1 X323.613 Y-42.379 F400
G1 X323.613 Y-42.389 F400
G1 X323.618 Y-42.401 F400
G1 X323.631 Y-42.421 F400
G1 X323.650 Y-42.443 F400
G1 X323.671 Y-42.462 F400
G1 X323.692 Y-42.478 F400
G1 X323.715 Y-42.494 F400
G1 X323.739 Y-42.510 F400
G1 X323.765 Y-42.527 F400
G1 X323.793 Y-42.546 F400
G1 X323.823 Y-42.566 F400
G1 X323.855 Y-42.587 F400
G1 X323.888 Y-42.609 F400
; Pass 2/5 at Z-8.000
G0 Z5.000
G0 X333.924 Y-62.830
G1 Z-8.000 F400.0
G1 X332.917 Y-63.054 F400
G1 X331.331 Y-63.405 F400
G1 X329.821 Y-63.730 F400
G1 X328.708 Y-63.955 F400
G1 X327.908 Y-64.097 F400
G1 X327.224 Y-64.198 F400
G1 X326.540 Y-64.281 F400
G1 X325.817 Y-64.352 F400
G1 X325.052 Y-64.406 F400
G1 X324.248 Y-64.439 F400
G1 X323.421 Y-64.442 F400
G1 X322.592 Y-64.409 F400
G1 X321.789 Y-64.331 F400
G1 X320.554 Y-64.161 F400
G1 X319.425 Y-63.934 F400
G1 X318.650 Y-63.686 F400
G1 X318.149 Y-63.430 F400
G1 X317.761 Y-63.157 F400
G1 X317.396 Y-62.855 F400
G1 X317.027 Y-62.516 F400
G1 X316.656 Y-62.134 F400
G1 X316.289 Y-61.708 F400
G1 X315.938 Y-61.236 F400
G1 X315.622 Y-60.724 F400
G1 X315.358 Y-60.178 F400
G1 X314.999 Y-59.284 F400
G1 X314.738 Y-58.386 F400
G1 X314.645 Y-57.667 F400
G1 X314.677 Y-57.094 F400
G1 X314.773 Y-56.564 F400
G1 X314.908 Y-56.011 F400
G1 X315.077 Y-55.412 F400
G1 X315.288 Y-54.759 F400
G1 X315.544 Y-54.052 F400
G1 X315.853 Y-53.299 F400
G1 X316.218 Y-52.513 F400
G1 X316.639 Y-51.712 F400
G1 X317.352 Y-50.442 F400
G1 X318.093 Y-49.228 F400
G1 X318.705 Y-48.333 F400
G1 X319.197 Y-47.698 F400
G1 X319.637 Y-47.170 F400
G1 X320.072 Y-46.660 F400
G1 X320.515 Y-46.141 F400
G1 X320.967 Y-45.614 F400
G1 X321.417 Y-45.088 F400
G1 X321.853 Y-44.580 F400
G1 X322.253 Y-44.114 F400
G1 X322.598 Y-43.714 F400
G1 X323.086 Y-43.147 F400
G1 X323.476 Y-42.697 F400
G1 X323.677 Y-42.465 F400
G1 X323.747 Y-42.385 F400
G1 X323.764 Y-42.366 F400
G1 X323.767 Y-42.362 F400
G1 X323.767 Y-42.360 F400
G1 X323.766 Y-42.358 F400
G1 X323.762 Y-42.356 F400
G1 X323.757 Y-42.354 F400
G1 X323.749 Y-42.352 F400
G1 X323.738 Y-42.350 F400
G1 X323.719 Y-42.348 F400
G1 X323.698 Y-42.347 F400
G1 X323.680 Y-42.347 F400
G1 X323.665 Y-42.349 F400
G1 X323.653 Y-42.351 F400
G1 X323.641 Y-42.354 F400
G1 X323.631 Y-42.358 F400
G1 X323.623 Y-42.364 F400
G1 X323.616 Y-42.371 F400
G1 X323.613 Y-42.379 F400
G1 X323.613 Y-42.389 F400
G1 X323.618 Y-42.401 F400
G1 X323.631 Y-42.421 F400
G1 X323.650 Y-42.443 F400
G1 X323.671 Y-42.462 F400
G1 X323.692 Y-42.478 F400
G1 X323.715 Y-42.494 F400
G1 X323.739 Y-42.510 F400
G1 X323.765 Y-42.527 F400
G1 X323.793 Y-42.546 F400
G1 X323.823 Y-42.566 F400
G1 X323.855 Y-42.587 F400
G1 X323.888 Y-42.609 F400
; Pass 3/5 at Z-12.000
G0 Z5.000
G0 X333.924 Y-62.830
G1 Z-12.000 F400.0
G1 X332.917 Y-63.054 F400
G1 X331.331 Y-63.405 F400
G1 X329.821 Y-63.730 F400
G1 X328.708 Y-63.955 F400
G1 X327.908 Y-64.097 F400
G1 X327.224 Y-64.198 F400
G1 X326.540 Y-64.281 F400
G1 X325.817 Y-64.352 F400
G1 X325.052 Y-64.406 F400
G1 X324.248 Y-64.439 F400
G1 X323.421 Y-64.442 F400
G1 X322.592 Y-64.409 F400
G1 X321.789 Y-64.331 F400
G1 X320.554 Y-64.161 F400
G1 X319.425 Y-63.934 F400
G1 X318.650 Y-63.686 F400
G1 X318.149 Y-63.430 F400
G1 X317.761 Y-63.157 F400
G1 X317.396 Y-62.855 F400
G1 X317.027 Y-62.516 F400
G1 X316.656 Y-62.134 F400
G1 X316.289 Y-61.708 F400
G1 X315.938 Y-61.236 F400
G1 X315.622 Y-60.724 F400
G1 X315.358 Y-60.178 F400
G1 X314.999 Y-59.284 F400
G1 X314.738 Y-58.386 F400
G1 X314.645 Y-57.667 F400
G1 X314.677 Y-57.094 F400
G1 X314.773 Y-56.564 F400
G1 X314.908 Y-56.011 F400
G1 X315.077 Y-55.412 F400
G1 X315.288 Y-54.759 F400
G1 X315.544 Y-54.052 F400
G1 X315.853 Y-53.299 F400
G1 X316.218 Y-52.513 F400
G1 X316.639 Y-51.712 F400
G1 X317.352 Y-50.442 F400
G1 X318.093 Y-49.228 F400
G1 X318.705 Y-48.333 F400
G1 X319.197 Y-47.698 F400
G1 X319.637 Y-47.170 F400
G1 X320.072 Y-46.660 F400
G1 X320.515 Y-46.141 F400
G1 X320.967 Y-45.614 F400
G1 X321.417 Y-45.088 F400
G1 X321.853 Y-44.580 F400
G1 X322.253 Y-44.114 F400
G1 X322.598 Y-43.714 F400
G1 X323.086 Y-43.147 F400
G1 X323.476 Y-42.697 F400
G1 X323.677 Y-42.465 F400
G1 X323.747 Y-42.385 F400
G1 X323.764 Y-42.366 F400
G1 X323.767 Y-42.362 F400
G1 X323.767 Y-42.360 F400
G1 X323.766 Y-42.358 F400
G1 X323.762 Y-42.356 F400
G1 X323.757 Y-42.354 F400
G1 X323.749 Y-42.352 F400
G1 X323.738 Y-42.350 F400
G1 X323.719 Y-42.348 F400
G1 X323.698 Y-42.347 F400
G1 X323.680 Y-42.347 F400
G1 X323.665 Y-42.349 F400
G1 X323.653 Y-42.351 F400
G1 X323.641 Y-42.354 F400
G1 X323.631 Y-42.358 F400
G1 X323.623 Y-42.364 F400
G1 X323.616 Y-42.371 F400
G1 X323.613 Y-42.379 F400
G1 X323.613 Y-42.389 F400
G1 X323.618 Y-42.401 F400
G1 X323.631 Y-42.421 F400
G1 X323.650 Y-42.443 F400
G1 X323.671 Y-42.462 F400
G1 X323.692 Y-42.478 F400
G1 X323.715 Y-42.494 F400
G1 X323.739 Y-42.510 F400
G1 X323.765 Y-42.527 F400
G1 X323.793 Y-42.546 F400
G1 X323.823 Y-42.566 F400
G1 X323.855 Y-42.587 F400
G1 X323.888 Y-42.609 F400
; Pass 4/5 at Z-16.000
G0 Z5.000
G0 X333.924 Y-62.830
G1 Z-16.000 F400.0
G1 X332.917 Y-63.054 F400
G1 X331.331 Y-63.405 F400
G1 X329.821 Y-63.730 F400
G1 X328.708 Y-63.955 F400
G1 X327.908 Y-64.097 F400
G1 X327.224 Y-64.198 F400
G1 X326.540 Y-64.281 F400
G1 X325.817 Y-64.352 F400
G1 X325.052 Y-64.406 F400
G1 X324.248 Y-64.439 F400
G1 X323.421 Y-64.442 F400
G1 X322.592 Y-64.409 F400
G1 X321.789 Y-64.331 F400
G1 X320.554 Y-64.161 F400
G1 X319.425 Y-63.934 F400
G1 X318.650 Y-63.686 F400
G1 X318.149 Y-63.430 F400
G1 X317.761 Y-63.157 F400
G1 X317.396 Y-62.855 F400
G1 X317.027 Y-62.516 F400
G1 X316.656 Y-62.134 F400
G1 X316.289 Y-61.708 F400
G1 X315.938 Y-61.236 F400
G1 X315.622 Y-60.724 F400
G1 X315.358 Y-60.178 F400
G1 X314.999 Y-59.284 F400
G1 X314.738 Y-58.386 F400
G1 X314.645 Y-57.667 F400
G1 X314.677 Y-57.094 F400
G1 X314.773 Y-56.564 F400
G1 X314.908 Y-56.011 F400
G1 X315.077 Y-55.412 F400
G1 X315.288 Y-54.759 F400
G1 X315.544 Y-54.052 F400
G1 X315.853 Y-53.299 F400
G1 X316.218 Y-52.513 F400
G1 X316.639 Y-51.712 F400
G1 X317.352 Y-50.442 F400
G1 X318.093 Y-49.228 F400
G1 X318.705 Y-48.333 F400
G1 X319.197 Y-47.698 F400
G1 X319.637 Y-47.170 F400
G1 X320.072 Y-46.660 F400
G1 X320.515 Y-46.141 F400
G1 X320.967 Y-45.614 F400
G1 X321.417 Y-45.088 F400
G1 X321.853 Y-44.580 F400
G1 X322.253 Y-44.114 F400
G1 X322.598 Y-43.714 F400
G1 X323.086 Y-43.147 F400
G1 X323.476 Y-42.697 F400
G1 X323.677 Y-42.465 F400
G1 X323.747 Y-42.385 F400
G1 X323.764 Y-42.366 F400
G1 X323.767 Y-42.362 F400
G1 X323.767 Y-42.360 F400
G1 X323.766 Y-42.358 F400
G1 X323.762 Y-42.356 F400
G1 X323.757 Y-42.354 F400
G1 X323.749 Y-42.352 F400
G1 X323.738 Y-42.350 F400
G1 X323.719 Y-42.348 F400
G1 X323.698 Y-42.347 F400
G1 X323.680 Y-42.347 F400
G1 X323.665 Y-42.349 F400
G1 X323.653 Y-42.351 F400
G1 X323.641 Y-42.354 F400
G1 X323.631 Y-42.358 F400
G1 X323.623 Y-42.364 F400
G1 X323.616 Y-42.371 F400
G1 X323.613 Y-42.379 F400
G1 X323.613 Y-42.389 F400
G1 X323.618 Y-42.401 F400
G1 X323.631 Y-42.421 F400
G1 X323.650 Y-42.443 F400
G1 X323.671 Y-42.462 F400
G1 X323.692 Y-42.478 F400
G1 X323.715 Y-42.494 F400
G1 X323.739 Y-42.510 F400
G1 X323.765 Y-42.527 F400
G1 X323.793 Y-42.546 F400
G1 X323.823 Y-42.566 F400
G1 X323.855 Y-42.587 F400
G1 X323.888 Y-42.609 F400
; Pass 5/5 at Z-17.000
G0 Z5.000
G0 X333.924 Y-62.830
G1 Z-17.000 F400.0
G1 X332.917 Y-63.054 F400
G1 X331.331 Y-63.405 F400
G1 X329.821 Y-63.730 F400
G1 X328.708 Y-63.955 F400
G1 X327.908 Y-64.097 F400
G1 X327.224 Y-64.198 F400
G1 X326.540 Y-64.281 F400
G1 X325.817 Y-64.352 F400
G1 X325.052 Y-64.406 F400
G1 X324.248 Y-64.439 F400
G1 X323.421 Y-64.442 F400
G1 X322.592 Y-64.409 F400
G1 X321.789 Y-64.331 F400
G1 X320.554 Y-64.161 F400
G1 X319.425 Y-63.934 F400
G1 X318.650 Y-63.686 F400
G1 X318.149 Y-63.430 F400
G1 X317.761 Y-63.157 F400
G1 X317.396 Y-62.855 F400
G1 X317.027 Y-62.516 F400
G1 X316.656 Y-62.134 F400
G1 X316.289 Y-61.708 F400
G1 X315.938 Y-61.236 F400
G1 X315.622 Y-60.724 F400
G1 X315.358 Y-60.178 F400
G1 X314.999 Y-59.284 F400
G1 X314.738 Y-58.386 F400
G1 X314.645 Y-57.667 F400
G1 X314.677 Y-57.094 F400
G1 X314.773 Y-56.564 F400
G1 X314.908 Y-56.011 F400
G1 X315.077 Y-55.412 F400
G1 X315.288 Y-54.759 F400
G1 X315.544 Y-54.052 F400
G1 X315.853 Y-53.299 F400
G1 X316.218 Y-52.513 F400
G1 X316.639 Y-51.712 F400
G1 X317.352 Y-50.442 F400
G1 X318.093 Y-49.228 F400
G1 X318.705 Y-48.333 F400
G1 X319.197 Y-47.698 F400
G1 X319.637 Y-47.170 F400
G1 X320.072 Y-46.660 F400
G1 X320.515 Y-46.141 F400
G1 X320.967 Y-45.614 F400
G1 X321.417 Y-45.088 F400
G1 X321.853 Y-44.580 F400
G1 X322.253 Y-44.114 F400
G1 X322.598 Y-43.714 F400
G1 X323.086 Y-43.147 F400
G1 X323.476 Y-42.697 F400
G1 X323.677 Y-42.465 F400
G1 X323.747 Y-42.385 F400
G1 X323.764 Y-42.366 F400
G1 X323.767 Y-42.362 F400
G1 X323.767 Y-42.360 F400
G1 X323.766 Y-42.358 F400
G1 X323.762 Y-42.356 F400
G1 X323.757 Y-42.354 F400
G1 X323.749 Y-42.352 F400
G1 X323.738 Y-42.350 F400
G1 X323.719 Y-42.348 F400
G1 X323.698 Y-42.347 F400
G1 X323.680 Y-42.347 F400
G1 X323.665 Y-42.349 F400
G1 X323.653 Y-42.351 F400
G1 X323.641 Y-42.354 F400
G1 X323.631 Y-42.358 F400
G1 X323.623 Y-42.364 F400
G1 X323.616 Y-42.371 F400
G1 X323.613 Y-42.379 F400
G1 X323.613 Y-42.389 F400
G1 X323.618 Y-42.401 F400
G1 X323.631 Y-42.421 F400
G1 X323.650 Y-42.443 F400
G1 X323.671 Y-42.462 F400
G1 X323.692 Y-42.478 F400
G1 X323.715 Y-42.494 F400
G1 X323.739 Y-42.510 F400
G1 X323.765 Y-42.527 F400
G1 X323.793 Y-42.546 F400
G1 X323.823 Y-42.566 F400
G1 X323.855 Y-42.587 F400
G1 X323.888 Y-42.609 F400
; --- Shape: PATH ---
; Target Depth: 17mm, Steps: 5
; Pass 1/5 at Z-4.000
G0 Z5.000
G0 X524.610 Y-39.876
G1 Z-4.000 F400.0
G1 X525.771 Y-40.577 F400
G1 X527.606 Y-41.679 F400
G1 X529.363 Y-42.722 F400
G1 X530.677 Y-43.481 F400
G1 X531.647 Y-44.013 F400
G1 X532.503 Y-44.453 F400
G1 X533.382 Y-44.882 F400
G1 X534.333 Y-45.322 F400
G1 X535.368 Y-45.775 F400
G1 X536.485 Y-46.233 F400
G1 X537.674 Y-46.685 F400
G1 X538.913 Y-47.111 F400
G1 X540.174 Y-47.493 F400
G1 X542.180 Y-48.048 F400
G1 X544.121 Y-48.510 F400
G1 X545.593 Y-48.774 F400
G1 X546.700 Y-48.891 F400
G1 X547.687 Y-48.944 F400
G1 X548.704 Y-48.975 F400
G1 X549.804 Y-48.996 F400
G1 X551.000 Y-49.004 F400
G1 X552.291 Y-48.997 F400
G1 X553.664 Y-48.971 F400
G1 X555.095 Y-48.920 F400
G1 X556.549 Y-48.841 F400
G1 X558.852 Y-48.684 F400
G1 X561.058 Y-48.488 F400
G1 X562.693 Y-48.282 F400
G1 X563.870 Y-48.071 F400
G1 X564.868 Y-47.840 F400
G1 X565.853 Y-47.579 F400
G1 X566.877 Y-47.276 F400
G1 X567.943 Y-46.927 F400
G1 X569.038 Y-46.526 F400
G1 X570.138 Y-46.071 F400
G1 X571.204 Y-45.561 F400
G1 X572.194 Y-45.002 F400
G1 X573.674 Y-44.075 F400
G1 X574.971 Y-43.129 F400
G1 X575.798 Y-42.359 F400
G1 X576.274 Y-41.738 F400
G1 X576.607 Y-41.166 F400
G1 X576.910 Y-40.576 F400
G1 X577.215 Y-39.946 F400
G1 X577.524 Y-39.270 F400
G1 X577.830 Y-38.552 F400
G1 X578.124 Y-37.800 F400
G1 X578.392 Y-37.034 F400
G1 X578.618 Y-36.274 F400
G1 X578.929 Y-35.087 F400
G1 X579.155 Y-33.974 F400
G1 X579.235 Y-33.176 F400
G1 X579.204 Y-32.624 F400
G1 X579.111 Y-32.168 F400
G1 X578.978 Y-31.723 F400
G1 X578.804 Y-31.262 F400
G1 X578.585 Y-30.782 F400
G1 X578.313 Y-30.290 F400
G1 X577.980 Y-29.796 F400
G1 X577.581 Y-29.319 F400
G1 X577.115 Y-28.878 F400
G1 X576.316 Y-28.221 F400
G1 X575.467 Y-27.654 F400
G1 X574.740 Y-27.305 F400
G1 X574.126 Y-27.122 F400
G1 X573.546 Y-27.014 F400
G1 X572.944 Y-26.931 F400
G1 X572.301 Y-26.862 F400
G1 X571.610 Y-26.810 F400
G1 X570.876 Y-26.778 F400
G1 X570.108 Y-26.775 F400
G1 X569.324 Y-26.809 F400
G1 X568.547 Y-26.887 F400
G1 X567.333 Y-27.053 F400
G1 X566.197 Y-27.271 F400
G1 X565.385 Y-27.501 F400
G1 X564.827 Y-27.731 F400
G1 X564.371 Y-27.967 F400
G1 X563.929 Y-28.220 F400
G1 X563.475 Y-28.496 F400
G1 X563.007 Y-28.798 F400
G1 X562.533 Y-29.124 F400
G1 X562.064 Y-29.472 F400
G1 X561.620 Y-29.836 F400
G1 X561.220 Y-30.208 F400
G1 X560.637 Y-30.800 F400
G1 X560.147 Y-31.371 F400
G1 X559.863 Y-31.800 F400
G1 X559.731 Y-32.117 F400
G1 X559.665 Y-32.392 F400
G1 X559.620 Y-32.668 F400
G1 X559.585 Y-32.960 F400
G1 X559.561 Y-33.270 F400
G1 X559.552 Y-33.595 F400
G1 X559.560 Y-33.930 F400
G1 X559.593 Y-34.266 F400
G1 X559.653 Y-34.592 F400
G1 X559.773 Y-35.093 F400
G1 X559.920 Y-35.553 F400
G1 X560.065 Y-35.869 F400
G1 X560.199 Y-36.075 F400
G1 X560.328 Y-36.235 F400
G1 X560.457 Y-36.387 F400
G1 X560.590 Y-36.540 F400
G1 X560.724 Y-36.696 F400
G1 X560.858 Y-36.851 F400
G1 X560.988 Y-37.000 F400
G1 X561.107 Y-37.136 F400
G1 X561.209 Y-37.252 F400
G1 X561.354 Y-37.416 F400
G1 X561.469 Y-37.544 F400
G1 X561.528 Y-37.609 F400
G1 X561.547 Y-37.630 F400
G1 X561.551 Y-37.633 F400
G1 X561.549 Y-37.632 F400
G1 X561.547 Y-37.631 F400
G1 X561.544 Y-37.631 F400
G1 X561.540 Y-37.630 F400
G1 X561.534 Y-37.631 F400
G1 X561.527 Y-37.632 F400
G1 X561.519 Y-37.634 F400
G1 X561.504 Y-37.639 F400
G1 X561.488 Y-37.645 F400
G1 X561.474 Y-37.651 F400
G1 X561.462 Y-37.657 F400
G1 X561.450 Y-37.662 F400
G1 X561.438 Y-37.668 F400
G1 X561.425 Y-37.675 F400
G1 X561.411 Y-37.682 F400
G1 X561.395 Y-37.690 F400
G1 X561.379 Y-37.698 F400
G1 X561.363 Y-37.706 F400
; Pass 2/5 at Z-8.000
G0 Z5.000
G0 X524.610 Y-39.876
G1 Z-8.000 F400.0
G1 X525.771 Y-40.577 F400
G1 X527.606 Y-41.679 F400
G1 X529.363 Y-42.722 F400
G1 X530.677 Y-43.481 F400
G1 X531.647 Y-44.013 F400
G1 X532.503 Y-44.453 F400
G1 X533.382 Y-44.882 F400
G1 X534.333 Y-45.322 F400
G1 X535.368 Y-45.775 F400
G1 X536.485 Y-46.233 F400
G1 X537.674 Y-46.685 F400
G1 X538.913 Y-47.111 F400
G1 X540.174 Y-47.493 F400
G1 X542.180 Y-48.048 F400
G1 X544.121 Y-48.510 F400
G1 X545.593 Y-48.774 F400
G1 X546.700 Y-48.891 F400
G1 X547.687 Y-48.944 F400
G1 X548.704 Y-48.975 F400
G1 X549.804 Y-48.996 F400
G1 X551.000 Y-49.004 F400
G1 X552.291 Y-48.997 F400
G1 X553.664 Y-48.971 F400
G1 X555.095 Y-48.920 F400
G1 X556.549 Y-48.841 F400
G1 X558.852 Y-48.684 F400
G1 X561.058 Y-48.488 F400
G1 X562.693 Y-48.282 F400
G1 X563.870 Y-48.071 F400
G1 X564.868 Y-47.840 F400
G1 X565.853 Y-47.579 F400
G1 X566.877 Y-47.276 F400
G1 X567.943 Y-46.927 F400
G1 X569.038 Y-46.526 F400
G1 X570.138 Y-46.071 F400
G1 X571.204 Y-45.561 F400
G1 X572.194 Y-45.002 F400
G1 X573.674 Y-44.075 F400
G1 X574.971 Y-43.129 F400
G1 X575.798 Y-42.359 F400
G1 X576.274 Y-41.738 F400
G1 X576.607 Y-41.166 F400
G1 X576.910 Y-40.576 F400
G1 X577.215 Y-39.946 F400
G1 X577.524 Y-39.270 F400
G1 X577.830 Y-38.552 F400
G1 X578.124 Y-37.800 F400
G1 X578.392 Y-37.034 F400
G1 X578.618 Y-36.274 F400
G1 X578.929 Y-35.087 F400
G1 X579.155 Y-33.974 F400
G1 X579.235 Y-33.176 F400
G1 X579.204 Y-32.624 F400
G1 X579.111 Y-32.168 F400
G1 X578.978 Y-31.723 F400
G1 X578.804 Y-31.262 F400
G1 X578.585 Y-30.782 F400
G1 X578.313 Y-30.290 F400
G1 X577.980 Y-29.796 F400
G1 X577.581 Y-29.319 F400
G1 X577.115 Y-28.878 F400
G1 X576.316 Y-28.221 F400
G1 X575.467 Y-27.654 F400
G1 X574.740 Y-27.305 F400
G1 X574.126 Y-27.122 F400
G1 X573.546 Y-27.014 F400
G1 X572.944 Y-26.931 F400
G1 X572.301 Y-26.862 F400
G1 X571.610 Y-26.810 F400
G1 X570.876 Y-26.778 F400
G1 X570.108 Y-26.775 F400
G1 X569.324 Y-26.809 F400
G1 X568.547 Y-26.887 F400
G1 X567.333 Y-27.053 F400
G1 X566.197 Y-27.271 F400
G1 X565.385 Y-27.501 F400
G1 X564.827 Y-27.731 F400
G1 X564.371 Y-27.967 F400
G1 X563.929 Y-28.220 F400
G1 X563.475 Y-28.496 F400
G1 X563.007 Y-28.798 F400
G1 X562.533 Y-29.124 F400
G1 X562.064 Y-29.472 F400
G1 X561.620 Y-29.836 F400
G1 X561.220 Y-30.208 F400
G1 X560.637 Y-30.800 F400
G1 X560.147 Y-31.371 F400
G1 X559.863 Y-31.800 F400
G1 X559.731 Y-32.117 F400
G1 X559.665 Y-32.392 F400
G1 X559.620 Y-32.668 F400
G1 X559.585 Y-32.960 F400
G1 X559.561 Y-33.270 F400
G1 X559.552 Y-33.595 F400
G1 X559.560 Y-33.930 F400
G1 X559.593 Y-34.266 F400
G1 X559.653 Y-34.592 F400
G1 X559.773 Y-35.093 F400
G1 X559.920 Y-35.553 F400
G1 X560.065 Y-35.869 F400
G1 X560.199 Y-36.075 F400
G1 X560.328 Y-36.235 F400
G1 X560.457 Y-36.387 F400
G1 X560.590 Y-36.540 F400
G1 X560.724 Y-36.696 F400
G1 X560.858 Y-36.851 F400
G1 X560.988 Y-37.000 F400
G1 X561.107 Y-37.136 F400
G1 X561.209 Y-37.252 F400
G1 X561.354 Y-37.416 F400
G1 X561.469 Y-37.544 F400
G1 X561.528 Y-37.609 F400
G1 X561.547 Y-37.630 F400
G1 X561.551 Y-37.633 F400
G1 X561.549 Y-37.632 F400
G1 X561.547 Y-37.631 F400
G1 X561.544 Y-37.631 F400
G1 X561.540 Y-37.630 F400
G1 X561.534 Y-37.631 F400
G1 X561.527 Y-37.632 F400
G1 X561.519 Y-37.634 F400
G1 X561.504 Y-37.639 F400
G1 X561.488 Y-37.645 F400
G1 X561.474 Y-37.651 F400
G1 X561.462 Y-37.657 F400
G1 X561.450 Y-37.662 F400
G1 X561.438 Y-37.668 F400
G1 X561.425 Y-37.675 F400
G1 X561.411 Y-37.682 F400
G1 X561.395 Y-37.690 F400
G1 X561.379 Y-37.698 F400
G1 X561.363 Y-37.706 F400
; Pass 3/5 at Z-12.000
G0 Z5.000
G0 X524.610 Y-39.876
G1 Z-12.000 F400.0
G1 X525.771 Y-40.577 F400
G1 X527.606 Y-41.679 F400
G1 X529.363 Y-42.722 F400
G1 X530.677 Y-43.481 F400
G1 X531.647 Y-44.013 F400
G1 X532.503 Y-44.453 F400
G1 X533.382 Y-44.882 F400
G1 X534.333 Y-45.322 F400
G1 X535.368 Y-45.775 F400
G1 X536.485 Y-46.233 F400
G1 X537.674 Y-46.685 F400
G1 X538.913 Y-47.111 F400
G1 X540.174 Y-47.493 F400
G1 X542.180 Y-48.048 F400
G1 X544.121 Y-48.510 F400
G1 X545.593 Y-48.774 F400
G1 X546.700 Y-48.891 F400
G1 X547.687 Y-48.944 F400
G1 X548.704 Y-48.975 F400
G1 X549.804 Y-48.996 F400
G1 X551.000 Y-49.004 F400
G1 X552.291 Y-48.997 F400
G1 X553.664 Y-48.971 F400
G1 X555.095 Y-48.920 F400
G1 X556.549 Y-48.841 F400
G1 X558.852 Y-48.684 F400
G1 X561.058 Y-48.488 F400
G1 X562.693 Y-48.282 F400
G1 X563.870 Y-48.071 F400
G1 X564.868 Y-47.840 F400
G1 X565.853 Y-47.579 F400
G1 X566.877 Y-47.276 F400
G1 X567.943 Y-46.927 F400
G1 X569.038 Y-46.526 F400
G1 X570.138 Y-46.071 F400
G1 X571.204 Y-45.561 F400
G1 X572.194 Y-45.002 F400
G1 X573.674 Y-44.075 F400
G1 X574.971 Y-43.129 F400
G1 X575.798 Y-42.359 F400
G1 X576.274 Y-41.738 F400
G1 X576.607 Y-41.166 F400
G1 X576.910 Y-40.576 F400
G1 X577.215 Y-39.946 F400
G1 X577.524 Y-39.270 F400
G1 X577.830 Y-38.552 F400
G1 X578.124 Y-37.800 F400
G1 X578.392 Y-37.034 F400
G1 X578.618 Y-36.274 F400
G1 X578.929 Y-35.087 F400
G1 X579.155 Y-33.974 F400
G1 X579.235 Y-33.176 F400
G1 X579.204 Y-32.624 F400
G1 X579.111 Y-32.168 F400
G1 X578.978 Y-31.723 F400
G1 X578.804 Y-31.262 F400
G1 X578.585 Y-30.782 F400
G1 X578.313 Y-30.290 F400
G1 X577.980 Y-29.796 F400
G1 X577.581 Y-29.319 F400
G1 X577.115 Y-28.878 F400
G1 X576.316 Y-28.221 F400
G1 X575.467 Y-27.654 F400
G1 X574.740 Y-27.305 F400
G1 X574.126 Y-27.122 F400
G1 X573.546 Y-27.014 F400
G1 X572.944 Y-26.931 F400
G1 X572.301 Y-26.862 F400
G1 X571.610 Y-26.810 F400
G1 X570.876 Y-26.778 F400
G1 X570.108 Y-26.775 F400
G1 X569.324 Y-26.809 F400
G1 X568.547 Y-26.887 F400
G1 X567.333 Y-27.053 F400
G1 X566.197 Y-27.271 F400
G1 X565.385 Y-27.501 F400
G1 X564.827 Y-27.731 F400
G1 X564.371 Y-27.967 F400
G1 X563.929 Y-28.220 F400
G1 X563.475 Y-28.496 F400
G1 X563.007 Y-28.798 F400
G1 X562.533 Y-29.124 F400
G1 X562.064 Y-29.472 F400
G1 X561.620 Y-29.836 F400
G1 X561.220 Y-30.208 F400
G1 X560.637 Y-30.800 F400
G1 X560.147 Y-31.371 F400
G1 X559.863 Y-31.800 F400
G1 X559.731 Y-32.117 F400
G1 X559.665 Y-32.392 F400
G1 X559.620 Y-32.668 F400
G1 X559.585 Y-32.960 F400
G1 X559.561 Y-33.270 F400
G1 X559.552 Y-33.595 F400
G1 X559.560 Y-33.930 F400
G1 X559.593 Y-34.266 F400
G1 X559.653 Y-34.592 F400
G1 X559.773 Y-35.093 F400
G1 X559.920 Y-35.553 F400
G1 X560.065 Y-35.869 F400
G1 X560.199 Y-36.075 F400
G1 X560.328 Y-36.235 F400
G1 X560.457 Y-36.387 F400
G1 X560.590 Y-36.540 F400
G1 X560.724 Y-36.696 F400
G1 X560.858 Y-36.851 F400
G1 X560.988 Y-37.000 F400
G1 X561.107 Y-37.136 F400
G1 X561.209 Y-37.252 F400
G1 X561.354 Y-37.416 F400
G1 X561.469 Y-37.544 F400
G1 X561.528 Y-37.609 F400
G1 X561.547 Y-37.630 F400
G1 X561.551 Y-37.633 F400
G1 X561.549 Y-37.632 F400
G1 X561.547 Y-37.631 F400
G1 X561.544 Y-37.631 F400
G1 X561.540 Y-37.630 F400
G1 X561.534 Y-37.631 F400
G1 X561.527 Y-37.632 F400
G1 X561.519 Y-37.634 F400
G1 X561.504 Y-37.639 F400
G1 X561.488 Y-37.645 F400
G1 X561.474 Y-37.651 F400
G1 X561.462 Y-37.657 F400
G1 X561.450 Y-37.662 F400
G1 X561.438 Y-37.668 F400
G1 X561.425 Y-37.675 F400
G1 X561.411 Y-37.682 F400
G1 X561.395 Y-37.690 F400
G1 X561.379 Y-37.698 F400
G1 X561.363 Y-37.706 F400
; Pass 4/5 at Z-16.000
G0 Z5.000
G0 X524.610 Y-39.876
G1 Z-16.000 F400.0
G1 X525.771 Y-40.577 F400
G1 X527.606 Y-41.679 F400
G1 X529.363 Y-42.722 F400
G1 X530.677 Y-43.481 F400
G1 X531.647 Y-44.013 F400
G1 X532.503 Y-44.453 F400
G1 X533.382 Y-44.882 F400
G1 X534.333 Y-45.322 F400
G1 X535.368 Y-45.775 F400
G1 X536.485 Y-46.233 F400
G1 X537.674 Y-46.685 F400
G1 X538.913 Y-47.111 F400
G1 X540.174 Y-47.493 F400
G1 X542.180 Y-48.048 F400
G1 X544.121 Y-48.510 F400
G1 X545.593 Y-48.774 F400
G1 X546.700 Y-48.891 F400
G1 X547.687 Y-48.944 F400
G1 X548.704 Y-48.975 F400
G1 X549.804 Y-48.996 F400
G1 X551.000 Y-49.004 F400
G1 X552.291 Y-48.997 F400
G1 X553.664 Y-48.971 F400
G1 X555.095 Y-48.920 F400
G1 X556.549 Y-48.841 F400
G1 X558.852 Y-48.684 F400
G1 X561.058 Y-48.488 F400
G1 X562.693 Y-48.282 F400
G1 X563.870 Y-48.071 F400
G1 X564.868 Y-47.840 F400
G1 X565.853 Y-47.579 F400
G1 X566.877 Y-47.276 F400
G1 X567.943 Y-46.927 F400
G1 X569.038 Y-46.526 F400
G1 X570.138 Y-46.071 F400
G1 X571.204 Y-45.561 F400
G1 X572.194 Y-45.002 F400
G1 X573.674 Y-44.075 F400
G1 X574.971 Y-43.129 F400
G1 X575.798 Y-42.359 F400
G1 X576.274 Y-41.738 F400
G1 X576.607 Y-41.166 F400
G1 X576.910 Y-40.576 F400
G1 X577.215 Y-39.946 F400
G1 X577.524 Y-39.270 F400
G1 X577.830 Y-38.552 F400
G1 X578.124 Y-37.800 F400
G1 X578.392 Y-37.034 F400
G1 X578.618 Y-36.274 F400
G1 X578.929 Y-35.087 F400
G1 X579.155 Y-33.974 F400
G1 X579.235 Y-33.176 F400
G1 X579.204 Y-32.624 F400
G1 X579.111 Y-32.168 F400
G1 X578.978 Y-31.723 F400
G1 X578.804 Y-31.262 F400
G1 X578.585 Y-30.782 F400
G1 X578.313 Y-30.290 F400
G1 X577.980 Y-29.796 F400
G1 X577.581 Y-29.319 F400
G1 X577.115 Y-28.878 F400
G1 X576.316 Y-28.221 F400
G1 X575.467 Y-27.654 F400
G1 X574.740 Y-27.305 F400
G1 X574.126 Y-27.122 F400
G1 X573.546 Y-27.014 F400
G1 X572.944 Y-26.931 F400
G1 X572.301 Y-26.862 F400
G1 X571.610 Y-26.810 F400
G1 X570.876 Y-26.778 F400
G1 X570.108 Y-26.775 F400
G1 X569.324 Y-26.809 F400
G1 X568.547 Y-26.887 F400
G1 X567.333 Y-27.053 F400
G1 X566.197 Y-27.271 F400
G1 X565.385 Y-27.501 F400
G1 X564.827 Y-27.731 F400
G1 X564.371 Y-27.967 F400
G1 X563.929 Y-28.220 F400
G1 X563.475 Y-28.496 F400
G1 X563.007 Y-28.798 F400
G1 X562.533 Y-29.124 F400
G1 X562.064 Y-29.472 F400
G1 X561.620 Y-29.836 F400
G1 X561.220 Y-30.208 F400
G1 X560.637 Y-30.800 F400
G1 X560.147 Y-31.371 F400
G1 X559.863 Y-31.800 F400
G1 X559.731 Y-32.117 F400
G1 X559.665 Y-32.392 F400
G1 X559.620 Y-32.668 F400
G1 X559.585 Y-32.960 F400
G1 X559.561 Y-33.270 F400
G1 X559.552 Y-33.595 F400
G1 X559.560 Y-33.930 F400
G1 X559.593 Y-34.266 F400
G1 X559.653 Y-34.592 F400
G1 X559.773 Y-35.093 F400
G1 X559.920 Y-35.553 F400
G1 X560.065 Y-35.869 F400
G1 X560.199 Y-36.075 F400
G1 X560.328 Y-36.235 F400
G1 X560.457 Y-36.387 F400
G1 X560.590 Y-36.540 F400
G1 X560.724 Y-36.696 F400
G1 X560.858 Y-36.851 F400
G1 X560.988 Y-37.000 F400
G1 X561.107 Y-37.136 F400
G1 X561.209 Y-37.252 F400
G1 X561.354 Y-37.416 F400
G1 X561.469 Y-37.544 F400
G1 X561.528 Y-37.609 F400
G1 X561.547 Y-37.630 F400
G1 X561.551 Y-37.633 F400
G1 X561.549 Y-37.632 F400
G1 X561.547 Y-37.631 F400
G1 X561.544 Y-37.631 F400
G1 X561.540 Y-37.630 F400
G1 X561.534 Y-37.631 F400
G1 X561.527 Y-37.632 F400
G1 X561.519 Y-37.634 F400
G1 X561.504 Y-37.639 F400
G1 X561.488 Y-37.645 F400
G1 X561.474 Y-37.651 F400
G1 X561.462 Y-37.657 F400
G1 X561.450 Y-37.662 F400
G1 X561.438 Y-37.668 F400
G1 X561.425 Y-37.675 F400
G1 X561.411 Y-37.682 F400
G1 X561.395 Y-37.690 F400
G1 X561.379 Y-37.698 F400
G1 X561.363 Y-37.706 F400
; Pass 5/5 at Z-17.000
G0 Z5.000
G0 X524.610 Y-39.876
G1 Z-17.000 F400.0
G1 X525.771 Y-40.577 F400
G1 X527.606 Y-41.679 F400
G1 X529.363 Y-42.722 F400
G1 X530.677 Y-43.481 F400
G1 X531.647 Y-44.013 F400
G1 X532.503 Y-44.453 F400
G1 X533.382 Y-44.882 F400
G1 X534.333 Y-45.322 F400
G1 X535.368 Y-45.775 F400
G1 X536.485 Y-46.233 F400
G1 X537.674 Y-46.685 F400
G1 X538.913 Y-47.111 F400
G1 X540.174 Y-47.493 F400
G1 X542.180 Y-48.048 F400
G1 X544.121 Y-48.510 F400
G1 X545.593 Y-48.774 F400
G1 X546.700 Y-48.891 F400
G1 X547.687 Y-48.944 F400
G1 X548.704 Y-48.975 F400
G1 X549.804 Y-48.996 F400
G1 X551.000 Y-49.004 F400
G1 X552.291 Y-48.997 F400
G1 X553.664 Y-48.971 F400
G1 X555.095 Y-48.920 F400
G1 X556.549 Y-48.841 F400
G1 X558.852 Y-48.684 F400
G1 X561.058 Y-48.488 F400
G1 X562.693 Y-48.282 F400
G1 X563.870 Y-48.071 F400
G1 X564.868 Y-47.840 F400
G1 X565.853 Y-47.579 F400
G1 X566.877 Y-47.276 F400
G1 X567.943 Y-46.927 F400
G1 X569.038 Y-46.526 F400
G1 X570.138 Y-46.071 F400
G1 X571.204 Y-45.561 F400
G1 X572.194 Y-45.002 F400
G1 X573.674 Y-44.075 F400
G1 X574.971 Y-43.129 F400
G1 X575.798 Y-42.359 F400
G1 X576.274 Y-41.738 F400
G1 X576.607 Y-41.166 F400
G1 X576.910 Y-40.576 F400
G1 X577.215 Y-39.946 F400
G1 X577.524 Y-39.270 F400
G1 X577.830 Y-38.552 F400
G1 X578.124 Y-37.800 F400
G1 X578.392 Y-37.034 F400
G1 X578.618 Y-36.274 F400
G1 X578.929 Y-35.087 F400
G1 X579.155 Y-33.974 F400
G1 X579.235 Y-33.176 F400
G1 X579.204 Y-32.624 F400
G1 X579.111 Y-32.168 F400
G1 X578.978 Y-31.723 F400
G1 X578.804 Y-31.262 F400
G1 X578.585 Y-30.782 F400
G1 X578.313 Y-30.290 F400
G1 X577.980 Y-29.796 F400
G1 X577.581 Y-29.319 F400
G1 X577.115 Y-28.878 F400
G1 X576.316 Y-28.221 F400
G1 X575.467 Y-27.654 F400
G1 X574.740 Y-27.305 F400
G1 X574.126 Y-27.122 F400
G1 X573.546 Y-27.014 F400
G1 X572.944 Y-26.931 F400
G1 X572.301 Y-26.862 F400
G1 X571.610 Y-26.810 F400
G1 X570.876 Y-26.778 F400
G1 X570.108 Y-26.775 F400
G1 X569.324 Y-26.809 F400
G1 X568.547 Y-26.887 F400
G1 X567.333 Y-27.053 F400
G1 X566.197 Y-27.271 F400
G1 X565.385 Y-27.501 F400
G1 X564.827 Y-27.731 F400
G1 X564.371 Y-27.967 F400
G1 X563.929 Y-28.220 F400
G1 X563.475 Y-28.496 F400
G1 X563.007 Y-28.798 F400
G1 X562.533 Y-29.124 F400
G1 X562.064 Y-29.472 F400
G1 X561.620 Y-29.836 F400
G1 X561.220 Y-30.208 F400
G1 X560.637 Y-30.800 F400
G1 X560.147 Y-31.371 F400
G1 X559.863 Y-31.800 F400
G1 X559.731 Y-32.117 F400
G1 X559.665 Y-32.392 F400
G1 X559.620 Y-32.668 F400
G1 X559.585 Y-32.960 F400
G1 X559.561 Y-33.270 F400
G1 X559.552 Y-33.595 F400
G1 X559.560 Y-33.930 F400
G1 X559.593 Y-34.266 F400
G1 X559.653 Y-34.592 F400
G1 X559.773 Y-35.093 F400
G1 X559.920 Y-35.553 F400
G1 X560.065 Y-35.869 F400
G1 X560.199 Y-36.075 F400
G1 X560.328 Y-36.235 F400
G1 X560.457 Y-36.387 F400
G1 X560.590 Y-36.540 F400
G1 X560.724 Y-36.696 F400
G1 X560.858 Y-36.851 F400
G1 X560.988 Y-37.000 F400
G1 X561.107 Y-37.136 F400
G1 X561.209 Y-37.252 F400
G1 X561.354 Y-37.416 F400
G1 X561.469 Y-37.544 F400
G1 X561.528 Y-37.609 F400
G1 X561.547 Y-37.630 F400
G1 X561.551 Y-37.633 F400
G1 X561.549 Y-37.632 F400
G1 X561.547 Y-37.631 F400
G1 X561.544 Y-37.631 F400
G1 X561.540 Y-37.630 F400
G1 X561.534 Y-37.631 F400
G1 X561.527 Y-37.632 F400
G1 X561.519 Y-37.634 F400
G1 X561.504 Y-37.639 F400
G1 X561.488 Y-37.645 F400
G1 X561.474 Y-37.651 F400
G1 X561.462 Y-37.657 F400
G1 X561.450 Y-37.662 F400
G1 X561.438 Y-37.668 F400
G1 X561.425 Y-37.675 F400
G1 X561.411 Y-37.682 F400
G1 X561.395 Y-37.690 F400
G1 X561.379 Y-37.698 F400
G1 X561.363 Y-37.706 F400
; --- Shape: PATH ---
; Target Depth: 17mm, Steps: 5
; Pass 1/5 at Z-4.000
G0 Z5.000
G0 X293.313 Y-39.876
G1 Z-4.000 F400.0
G1 X292.152 Y-40.577 F400
G1 X290.317 Y-41.679 F400
G1 X288.560 Y-42.722 F400
G1 X287.246 Y-43.481 F400
G1 X286.276 Y-44.013 F400
G1 X285.420 Y-44.453 F400
G1 X284.541 Y-44.882 F400
G1 X283.590 Y-45.322 F400
G1 X282.555 Y-45.775 F400
G1 X281.439 Y-46.233 F400
G1 X280.250 Y-46.685 F400
G1 X279.011 Y-47.111 F400
G1 X277.750 Y-47.493 F400
G1 X275.744 Y-48.048 F400
G1 X273.803 Y-48.510 F400
G1 X272.331 Y-48.774 F400
G1 X271.224 Y-48.891 F400
G1 X270.237 Y-48.944 F400
G1 X269.220 Y-48.975 F400
G1 X268.119 Y-48.996 F400
G1 X266.923 Y-49.004 F400
G1 X265.632 Y-48.997 F400
G1 X264.259 Y-48.971 F400
G1 X262.828 Y-48.920 F400
G1 X261.374 Y-48.841 F400
G1 X259.071 Y-48.684 F400
G1 X256.865 Y-48.488 F400
G1 X255.230 Y-48.282 F400
G1 X254.053 Y-48.071 F400
G1 X253.055 Y-47.840 F400
G1 X252.070 Y-47.579 F400
G1 X251.046 Y-47.276 F400
G1 X249.980 Y-46.927 F400
G1 X248.885 Y-46.526 F400
G1 X247.785 Y-46.071 F400
G1 X246.719 Y-45.561 F400
G1 X245.729 Y-45.002 F400
G1 X244.249 Y-44.075 F400
G1 X242.952 Y-43.129 F400
G1 X242.125 Y-42.359 F400
G1 X241.649 Y-41.738 F400
G1 X241.316 Y-41.166 F400
G1 X241.013 Y-40.576 F400
G1 X240.708 Y-39.946 F400
G1 X240.399 Y-39.270 F400
G1 X240.093 Y-38.552 F400
G1 X239.799 Y-37.800 F400
G1 X239.531 Y-37.034 F400
G1 X239.305 Y-36.274 F400
G1 X238.994 Y-35.087 F400
G1 X238.768 Y-33.974 F400
G1 X238.688 Y-33.176 F400
G1 X238.719 Y-32.624 F400
G1 X238.812 Y-32.168 F400
G1 X238.945 Y-31.723 F400
G1 X239.119 Y-31.262 F400
G1 X239.338 Y-30.782 F400
G1 X239.610 Y-30.290 F400
G1 X239.943 Y-29.796 F400
G1 X240.342 Y-29.319 F400
G1 X240.808 Y-28.878 F400
G1 X241.607 Y-28.221 F400
G1 X242.456 Y-27.654 F400
G1 X243.183 Y-27.305 F400
G1 X243.797 Y-27.122 F400
G1 X244.377 Y-27.014 F400
G1 X244.979 Y-26.931 F400
G1 X245.622 Y-26.862 F400
G1 X246.313 Y-26.810 F400
G1 X247.047 Y-26.778 F400
G1 X247.815 Y-26.775 F400
G1 X248.599 Y-26.809 F400
G1 X249.376 Y-26.887 F400
G1 X250.590 Y-27.053 F400
G1 X251.726 Y-27.271 F400
G1 X252.539 Y-27.501 F400
G1 X253.097 Y-27.731 F400
G1 X253.552 Y-27.967 F400
G1 X253.994 Y-28.220 F400
G1 X254.448 Y-28.496 F400
G1 X254.916 Y-28.798 F400
G1 X255.391 Y-29.124 F400
G1 X255.859 Y-29.472 F400
G1 X256.303 Y-29.836 F400
G1 X256.703 Y-30.208 F400
G1 X257.286 Y-30.800 F400
G1 X257.776 Y-31.371 F400
G1 X258.060 Y-31.800 F400
G1 X258.192 Y-32.117 F400
G1 X258.258 Y-32.392 F400
G1 X258.303 Y-32.668 F400
G1 X258.338 Y-32.960 F400
G1 X258.362 Y-33.270 F400
G1 X258.371 Y-33.595 F400
G1 X258.363 Y-33.930 F400
G1 X258.330 Y-34.266 F400
G1 X258.270 Y-34.592 F400
G1 X258.150 Y-35.093 F400
G1 X258.003 Y-35.553 F400
G1 X257.858 Y-35.869 F400
G1 X257.724 Y-36.075 F400
G1 X257.595 Y-36.235 F400
G1 X257.466 Y-36.387 F400
G1 X257.333 Y-36.540 F400
G1 X257.199 Y-36.696 F400
G1 X257.065 Y-36.851 F400
G1 X256.935 Y-37.000 F400
G1 X256.816 Y-37.136 F400
G1 X256.714 Y-37.252 F400
G1 X256.569 Y-37.416 F400
G1 X256.454 Y-37.544 F400
G1 X256.395 Y-37.609 F400
G1 X256.376 Y-37.630 F400
G1 X256.372 Y-37.633 F400
G1 X256.374 Y-37.632 F400
G1 X256.376 Y-37.631 F400
G1 X256.379 Y-37.631 F400
G1 X256.383 Y-37.630 F400
G1 X256.389 Y-37.631 F400
G1 X256.396 Y-37.632 F400
G1 X256.404 Y-37.634 F400
G1 X256.419 Y-37.639 F400
G1 X256.435 Y-37.645 F400
G1 X256.449 Y-37.651 F400
G1 X256.461 Y-37.657 F400
G1 X256.473 Y-37.662 F400
G1 X256.485 Y-37.668 F400
G1 X256.498 Y-37.675 F400
G1 X256.512 Y-37.682 F400
G1 X256.527 Y-37.690 F400
G1 X256.543 Y-37.698 F400
G1 X256.560 Y-37.706 F400
; Pass 2/5 at Z-8.000
G0 Z5.000
G0 X293.313 Y-39.876
G1 Z-8.000 F400.0
G1 X292.152 Y-40.577 F400
G1 X290.317 Y-41.679 F400
G1 X288.560 Y-42.722 F400
G1 X287.246 Y-43.481 F400
G1 X286.276 Y-44.013 F400
G1 X285.420 Y-44.453 F400
G1 X284.541 Y-44.882 F400
G1 X283.590 Y-45.322 F400
G1 X282.555 Y-45.775 F400
G1 X281.439 Y-46.233 F400
G1 X280.250 Y-46.685 F400
G1 X279.011 Y-47.111 F400
G1 X277.750 Y-47.493 F400
G1 X275.744 Y-48.048 F400
G1 X273.803 Y-48.510 F400
G1 X272.331 Y-48.774 F400
G1 X271.224 Y-48.891 F400
G1 X270.237 Y-48.944 F400
G1 X269.220 Y-48.975 F400
G1 X268.119 Y-48.996 F400
G1 X266.923 Y-49.004 F400
G1 X265.632 Y-48.997 F400
G1 X264.259 Y-48.971 F400
G1 X262.828 Y-48.920 F400
G1 X261.374 Y-48.841 F400
G1 X259.071 Y-48.684 F400
G1 X256.865 Y-48.488 F400
G1 X255.230 Y-48.282 F400
G1 X254.053 Y-48.071 F400
G1 X253.055 Y-47.840 F400
G1 X252.070 Y-47.579 F400
G1 X251.046 Y-47.276 F400
G1 X249.980 Y-46.927 F400
G1 X248.885 Y-46.526 F400
G1 X247.785 Y-46.071 F400
G1 X246.719 Y-45.561 F400
G1 X245.729 Y-45.002 F400
G1 X244.249 Y-44.075 F400
G1 X242.952 Y-43.129 F400
G1 X242.125 Y-42.359 F400
G1 X241.649 Y-41.738 F400
G1 X241.316 Y-41.166 F400
G1 X241.013 Y-40.576 F400
G1 X240.708 Y-39.946 F400
G1 X240.399 Y-39.270 F400
G1 X240.093 Y-38.552 F400
G1 X239.799 Y-37.800 F400
G1 X239.531 Y-37.034 F400
G1 X239.305 Y-36.274 F400
G1 X238.994 Y-35.087 F400
G1 X238.768 Y-33.974 F400
G1 X238.688 Y-33.176 F400
G1 X238.719 Y-32.624 F400
G1 X238.812 Y-32.168 F400
G1 X238.945 Y-31.723 F400
G1 X239.119 Y-31.262 F400
G1 X239.338 Y-30.782 F400
G1 X239.610 Y-30.290 F400
G1 X239.943 Y-29.796 F400
G1 X240.342 Y-29.319 F400
G1 X240.808 Y-28.878 F400
G1 X241.607 Y-28.221 F400
G1 X242.456 Y-27.654 F400
G1 X243.183 Y-27.305 F400
G1 X243.797 Y-27.122 F400
G1 X244.377 Y-27.014 F400
G1 X244.979 Y-26.931 F400
G1 X245.622 Y-26.862 F400
G1 X246.313 Y-26.810 F400
G1 X247.047 Y-26.778 F400
G1 X247.815 Y-26.775 F400
G1 X248.599 Y-26.809 F400
G1 X249.376 Y-26.887 F400
G1 X250.590 Y-27.053 F400
G1 X251.726 Y-27.271 F400
G1 X252.539 Y-27.501 F400
G1 X253.097 Y-27.731 F400
G1 X253.552 Y-27.967 F400
G1 X253.994 Y-28.220 F400
G1 X254.448 Y-28.496 F400
G1 X254.916 Y-28.798 F400
G1 X255.391 Y-29.124 F400
G1 X255.859 Y-29.472 F400
G1 X256.303 Y-29.836 F400
G1 X256.703 Y-30.208 F400
G1 X257.286 Y-30.800 F400
G1 X257.776 Y-31.371 F400
G1 X258.060 Y-31.800 F400
G1 X258.192 Y-32.117 F400
G1 X258.258 Y-32.392 F400
G1 X258.303 Y-32.668 F400
G1 X258.338 Y-32.960 F400
G1 X258.362 Y-33.270 F400
G1 X258.371 Y-33.595 F400
G1 X258.363 Y-33.930 F400
G1 X258.330 Y-34.266 F400
G1 X258.270 Y-34.592 F400
G1 X258.150 Y-35.093 F400
G1 X258.003 Y-35.553 F400
G1 X257.858 Y-35.869 F400
G1 X257.724 Y-36.075 F400
G1 X257.595 Y-36.235 F400
G1 X257.466 Y-36.387 F400
G1 X257.333 Y-36.540 F400
G1 X257.199 Y-36.696 F400
G1 X257.065 Y-36.851 F400
G1 X256.935 Y-37.000 F400
G1 X256.816 Y-37.136 F400
G1 X256.714 Y-37.252 F400
G1 X256.569 Y-37.416 F400
G1 X256.454 Y-37.544 F400
G1 X256.395 Y-37.609 F400
G1 X256.376 Y-37.630 F400
G1 X256.372 Y-37.633 F400
G1 X256.374 Y-37.632 F400
G1 X256.376 Y-37.631 F400
G1 X256.379 Y-37.631 F400
G1 X256.383 Y-37.630 F400
G1 X256.389 Y-37.631 F400
G1 X256.396 Y-37.632 F400
G1 X256.404 Y-37.634 F400
G1 X256.419 Y-37.639 F400
G1 X256.435 Y-37.645 F400
G1 X256.449 Y-37.651 F400
G1 X256.461 Y-37.657 F400
G1 X256.473 Y-37.662 F400
G1 X256.485 Y-37.668 F400
G1 X256.498 Y-37.675 F400
G1 X256.512 Y-37.682 F400
G1 X256.527 Y-37.690 F400
G1 X256.543 Y-37.698 F400
G1 X256.560 Y-37.706 F400
; Pass 3/5 at Z-12.000
G0 Z5.000
G0 X293.313 Y-39.876
G1 Z-12.000 F400.0
G1 X292.152 Y-40.577 F400
G1 X290.317 Y-41.679 F400
G1 X288.560 Y-42.722 F400
G1 X287.246 Y-43.481 F400
G1 X286.276 Y-44.013 F400
G1 X285.420 Y-44.453 F400
G1 X284.541 Y-44.882 F400
G1 X283.590 Y-45.322 F400
G1 X282.555 Y-45.775 F400
G1 X281.439 Y-46.233 F400
G1 X280.250 Y-46.685 F400
G1 X279.011 Y-47.111 F400
G1 X277.750 Y-47.493 F400
G1 X275.744 Y-48.048 F400
G1 X273.803 Y-48.510 F400
G1 X272.331 Y-48.774 F400
G1 X271.224 Y-48.891 F400
G1 X270.237 Y-48.944 F400
G1 X269.220 Y-48.975 F400
G1 X268.119 Y-48.996 F400
G1 X266.923 Y-49.004 F400
G1 X265.632 Y-48.997 F400
G1 X264.259 Y-48.971 F400
G1 X262.828 Y-48.920 F400
G1 X261.374 Y-48.841 F400
G1 X259.071 Y-48.684 F400
G1 X256.865 Y-48.488 F400
G1 X255.230 Y-48.282 F400
G1 X254.053 Y-48.071 F400
G1 X253.055 Y-47.840 F400
G1 X252.070 Y-47.579 F400
G1 X251.046 Y-47.276 F400
G1 X249.980 Y-46.927 F400
G1 X248.885 Y-46.526 F400
G1 X247.785 Y-46.071 F400
G1 X246.719 Y-45.561 F400
G1 X245.729 Y-45.002 F400
G1 X244.249 Y-44.075 F400
G1 X242.952 Y-43.129 F400
G1 X242.125 Y-42.359 F400
G1 X241.649 Y-41.738 F400
G1 X241.316 Y-41.166 F400
G1 X241.013 Y-40.576 F400
G1 X240.708 Y-39.946 F400
G1 X240.399 Y-39.270 F400
G1 X240.093 Y-38.552 F400
G1 X239.799 Y-37.800 F400
G1 X239.531 Y-37.034 F400
G1 X239.305 Y-36.274 F400
G1 X238.994 Y-35.087 F400
G1 X238.768 Y-33.974 F400
G1 X238.688 Y-33.176 F400
G1 X238.719 Y-32.624 F400
G1 X238.812 Y-32.168 F400
G1 X238.945 Y-31.723 F400
G1 X239.119 Y-31.262 F400
G1 X239.338 Y-30.782 F400
G1 X239.610 Y-30.290 F400
G1 X239.943 Y-29.796 F400
G1 X240.342 Y-29.319 F400
G1 X240.808 Y-28.878 F400
G1 X241.607 Y-28.221 F400
G1 X242.456 Y-27.654 F400
G1 X243.183 Y-27.305 F400
G1 X243.797 Y-27.122 F400
G1 X244.377 Y-27.014 F400
G1 X244.979 Y-26.931 F400
G1 X245.622 Y-26.862 F400
G1 X246.313 Y-26.810 F400
G1 X247.047 Y-26.778 F400
G1 X247.815 Y-26.775 F400
G1 X248.599 Y-26.809 F400
G1 X249.376 Y-26.887 F400
G1 X250.590 Y-27.053 F400
G1 X251.726 Y-27.271 F400
G1 X252.539 Y-27.501 F400
G1 X253.097 Y-27.731 F400
G1 X253.552 Y-27.967 F400
G1 X253.994 Y-28.220 F400
G1 X254.448 Y-28.496 F400
G1 X254.916 Y-28.798 F400
G1 X255.391 Y-29.124 F400
G1 X255.859 Y-29.472 F400
G1 X256.303 Y-29.836 F400
G1 X256.703 Y-30.208 F400
G1 X257.286 Y-30.800 F400
G1 X257.776 Y-31.371 F400
G1 X258.060 Y-31.800 F400
G1 X258.192 Y-32.117 F400
G1 X258.258 Y-32.392 F400
G1 X258.303 Y-32.668 F400
G1 X258.338 Y-32.960 F400
G1 X258.362 Y-33.270 F400
G1 X258.371 Y-33.595 F400
G1 X258.363 Y-33.930 F400
G1 X258.330 Y-34.266 F400
G1 X258.270 Y-34.592 F400
G1 X258.150 Y-35.093 F400
G1 X258.003 Y-35.553 F400
G1 X257.858 Y-35.869 F400
G1 X257.724 Y-36.075 F400
G1 X257.595 Y-36.235 F400
G1 X257.466 Y-36.387 F400
G1 X257.333 Y-36.540 F400
G1 X257.199 Y-36.696 F400
G1 X257.065 Y-36.851 F400
G1 X256.935 Y-37.000 F400
G1 X256.816 Y-37.136 F400
G1 X256.714 Y-37.252 F400
G1 X256.569 Y-37.416 F400
G1 X256.454 Y-37.544 F400
G1 X256.395 Y-37.609 F400
G1 X256.376 Y-37.630 F400
G1 X256.372 Y-37.633 F400
G1 X256.374 Y-37.632 F400
G1 X256.376 Y-37.631 F400
G1 X256.379 Y-37.631 F400
G1 X256.383 Y-37.630 F400
G1 X256.389 Y-37.631 F400
G1 X256.396 Y-37.632 F400
G1 X256.404 Y-37.634 F400
G1 X256.419 Y-37.639 F400
G1 X256.435 Y-37.645 F400
G1 X256.449 Y-37.651 F400
G1 X256.461 Y-37.657 F400
G1 X256.473 Y-37.662 F400
G1 X256.485 Y-37.668 F400
G1 X256.498 Y-37.675 F400
G1 X256.512 Y-37.682 F400
G1 X256.527 Y-37.690 F400
G1 X256.543 Y-37.698 F400
G1 X256.560 Y-37.706 F400
; Pass 4/5 at Z-16.000
G0 Z5.000
G0 X293.313 Y-39.876
G1 Z-16.000 F400.0
G1 X292.152 Y-40.577 F400
G1 X290.317 Y-41.679 F400
G1 X288.560 Y-42.722 F400
G1 X287.246 Y-43.481 F400
G1 X286.276 Y-44.013 F400
G1 X285.420 Y-44.453 F400
G1 X284.541 Y-44.882 F400
G1 X283.590 Y-45.322 F400
G1 X282.555 Y-45.775 F400
G1 X281.439 Y-46.233 F400
G1 X280.250 Y-46.685 F400
G1 X279.011 Y-47.111 F400
G1 X277.750 Y-47.493 F400
G1 X275.744 Y-48.048 F400
G1 X273.803 Y-48.510 F400
G1 X272.331 Y-48.774 F400
G1 X271.224 Y-48.891 F400
G1 X270.237 Y-48.944 F400
G1 X269.220 Y-48.975 F400
G1 X268.119 Y-48.996 F400
G1 X266.923 Y-49.004 F400
G1 X265.632 Y-48.997 F400
G1 X264.259 Y-48.971 F400
G1 X262.828 Y-48.920 F400
G1 X261.374 Y-48.841 F400
G1 X259.071 Y-48.684 F400
G1 X256.865 Y-48.488 F400
G1 X255.230 Y-48.282 F400
G1 X254.053 Y-48.071 F400
G1 X253.055 Y-47.840 F400
G1 X252.070 Y-47.579 F400
G1 X251.046 Y-47.276 F400
G1 X249.980 Y-46.927 F400
G1 X248.885 Y-46.526 F400
G1 X247.785 Y-46.071 F400
G1 X246.719 Y-45.561 F400
G1 X245.729 Y-45.002 F400
G1 X244.249 Y-44.075 F400
G1 X242.952 Y-43.129 F400
G1 X242.125 Y-42.359 F400
G1 X241.649 Y-41.738 F400
G1 X241.316 Y-41.166 F400
G1 X241.013 Y-40.576 F400
G1 X240.708 Y-39.946 F400
G1 X240.399 Y-39.270 F400
G1 X240.093 Y-38.552 F400
G1 X239.799 Y-37.800 F400
G1 X239.531 Y-37.034 F400
G1 X239.305 Y-36.274 F400
G1 X238.994 Y-35.087 F400
G1 X238.768 Y-33.974 F400
G1 X238.688 Y-33.176 F400
G1 X238.719 Y-32.624 F400
G1 X238.812 Y-32.168 F400
G1 X238.945 Y-31.723 F400
G1 X239.119 Y-31.262 F400
G1 X239.338 Y-30.782 F400
G1 X239.610 Y-30.290 F400
G1 X239.943 Y-29.796 F400
G1 X240.342 Y-29.319 F400
G1 X240.808 Y-28.878 F400
G1 X241.607 Y-28.221 F400
G1 X242.456 Y-27.654 F400
G1 X243.183 Y-27.305 F400
G1 X243.797 Y-27.122 F400
G1 X244.377 Y-27.014 F400
G1 X244.979 Y-26.931 F400
G1 X245.622 Y-26.862 F400
G1 X246.313 Y-26.810 F400
G1 X247.047 Y-26.778 F400
G1 X247.815 Y-26.775 F400
G1 X248.599 Y-26.809 F400
G1 X249.376 Y-26.887 F400
G1 X250.590 Y-27.053 F400
G1 X251.726 Y-27.271 F400
G1 X252.539 Y-27.501 F400
G1 X253.097 Y-27.731 F400
G1 X253.552 Y-27.967 F400
G1 X253.994 Y-28.220 F400
G1 X254.448 Y-28.496 F400
G1 X254.916 Y-28.798 F400
G1 X255.391 Y-29.124 F400
G1 X255.859 Y-29.472 F400
G1 X256.303 Y-29.836 F400
G1 X256.703 Y-30.208 F400
G1 X257.286 Y-30.800 F400
G1 X257.776 Y-31.371 F400
G1 X258.060 Y-31.800 F400
G1 X258.192 Y-32.117 F400
G1 X258.258 Y-32.392 F400
G1 X258.303 Y-32.668 F400
G1 X258.338 Y-32.960 F400
G1 X258.362 Y-33.270 F400
G1 X258.371 Y-33.595 F400
G1 X258.363 Y-33.930 F400
G1 X258.330 Y-34.266 F400
G1 X258.270 Y-34.592 F400
G1 X258.150 Y-35.093 F400
G1 X258.003 Y-35.553 F400
G1 X257.858 Y-35.869 F400
G1 X257.724 Y-36.075 F400
G1 X257.595 Y-36.235 F400
G1 X257.466 Y-36.387 F400
G1 X257.333 Y-36.540 F400
G1 X257.199 Y-36.696 F400
G1 X257.065 Y-36.851 F400
G1 X256.935 Y-37.000 F400
G1 X256.816 Y-37.136 F400
G1 X256.714 Y-37.252 F400
G1 X256.569 Y-37.416 F400
G1 X256.454 Y-37.544 F400
G1 X256.395 Y-37.609 F400
G1 X256.376 Y-37.630 F400
G1 X256.372 Y-37.633 F400
G1 X256.374 Y-37.632 F400
G1 X256.376 Y-37.631 F400
G1 X256.379 Y-37.631 F400
G1 X256.383 Y-37.630 F400
G1 X256.389 Y-37.631 F400
G1 X256.396 Y-37.632 F400
G1 X256.404 Y-37.634 F400
G1 X256.419 Y-37.639 F400
G1 X256.435 Y-37.645 F400
G1 X256.449 Y-37.651 F400
G1 X256.461 Y-37.657 F400
G1 X256.473 Y-37.662 F400
G1 X256.485 Y-37.668 F400
G1 X256.498 Y-37.675 F400
G1 X256.512 Y-37.682 F400
G1 X256.527 Y-37.690 F400
G1 X256.543 Y-37.698 F400
G1 X256.560 Y-37.706 F400
; Pass 5/5 at Z-17.000
G0 Z5.000
G0 X293.313 Y-39.876
G1 Z-17.000 F400.0
G1 X292.152 Y-40.577 F400
G1 X290.317 Y-41.679 F400
G1 X288.560 Y-42.722 F400
G1 X287.246 Y-43.481 F400
G1 X286.276 Y-44.013 F400
G1 X285.420 Y-44.453 F400
G1 X284.541 Y-44.882 F400
G1 X283.590 Y-45.322 F400
G1 X282.555 Y-45.775 F400
G1 X281.439 Y-46.233 F400
G1 X280.250 Y-46.685 F400
G1 X279.011 Y-47.111 F400
G1 X277.750 Y-47.493 F400
G1 X275.744 Y-48.048 F400
G1 X273.803 Y-48.510 F400
G1 X272.331 Y-48.774 F400
G1 X271.224 Y-48.891 F400
G1 X270.237 Y-48.944 F400
G1 X269.220 Y-48.975 F400
G1 X268.119 Y-48.996 F400
G1 X266.923 Y-49.004 F400
G1 X265.632 Y-48.997 F400
G1 X264.259 Y-48.971 F400
G1 X262.828 Y-48.920 F400
G1 X261.374 Y-48.841 F400
G1 X259.071 Y-48.684 F400
G1 X256.865 Y-48.488 F400
G1 X255.230 Y-48.282 F400
G1 X254.053 Y-48.071 F400
G1 X253.055 Y-47.840 F400
G1 X252.070 Y-47.579 F400
G1 X251.046 Y-47.276 F400
G1 X249.980 Y-46.927 F400
G1 X248.885 Y-46.526 F400
G1 X247.785 Y-46.071 F400
G1 X246.719 Y-45.561 F400
G1 X245.729 Y-45.002 F400
G1 X244.249 Y-44.075 F400
G1 X242.952 Y-43.129 F400
G1 X242.125 Y-42.359 F400
G1 X241.649 Y-41.738 F400
G1 X241.316 Y-41.166 F400
G1 X241.013 Y-40.576 F400
G1 X240.708 Y-39.946 F400
G1 X240.399 Y-39.270 F400
G1 X240.093 Y-38.552 F400
G1 X239.799 Y-37.800 F400
G1 X239.531 Y-37.034 F400
G1 X239.305 Y-36.274 F400
G1 X238.994 Y-35.087 F400
G1 X238.768 Y-33.974 F400
G1 X238.688 Y-33.176 F400
G1 X238.719 Y-32.624 F400
G1 X238.812 Y-32.168 F400
G1 X238.945 Y-31.723 F400
G1 X239.119 Y-31.262 F400
G1 X239.338 Y-30.782 F400
G1 X239.610 Y-30.290 F400
G1 X239.943 Y-29.796 F400
G1 X240.342 Y-29.319 F400
G1 X240.808 Y-28.878 F400
G1 X241.607 Y-28.221 F400
G1 X242.456 Y-27.654 F400
G1 X243.183 Y-27.305 F400
G1 X243.797 Y-27.122 F400
G1 X244.377 Y-27.014 F400
G1 X244.979 Y-26.931 F400
G1 X245.622 Y-26.862 F400
G1 X246.313 Y-26.810 F400
G1 X247.047 Y-26.778 F400
G1 X247.815 Y-26.775 F400
G1 X248.599 Y-26.809 F400
G1 X249.376 Y-26.887 F400
G1 X250.590 Y-27.053 F400
G1 X251.726 Y-27.271 F400
G1 X252.539 Y-27.501 F400
G1 X253.097 Y-27.731 F400
G1 X253.552 Y-27.967 F400
G1 X253.994 Y-28.220 F400
G1 X254.448 Y-28.496 F400
G1 X254.916 Y-28.798 F400
G1 X255.391 Y-29.124 F400
G1 X255.859 Y-29.472 F400
G1 X256.303 Y-29.836 F400
G1 X256.703 Y-30.208 F400
G1 X257.286 Y-30.800 F400
G1 X257.776 Y-31.371 F400
G1 X258.060 Y-31.800 F400
G1 X258.192 Y-32.117 F400
G1 X258.258 Y-32.392 F400
G1 X258.303 Y-32.668 F400
G1 X258.338 Y-32.960 F400
G1 X258.362 Y-33.270 F400
G1 X258.371 Y-33.595 F400
G1 X258.363 Y-33.930 F400
G1 X258.330 Y-34.266 F400
G1 X258.270 Y-34.592 F400
G1 X258.150 Y-35.093 F400
G1 X258.003 Y-35.553 F400
G1 X257.858 Y-35.869 F400
G1 X257.724 Y-36.075 F400
G1 X257.595 Y-36.235 F400
G1 X257.466 Y-36.387 F400
G1 X257.333 Y-36.540 F400
G1 X257.199 Y-36.696 F400
G1 X257.065 Y-36.851 F400
G1 X256.935 Y-37.000 F400
G1 X256.816 Y-37.136 F400
G1 X256.714 Y-37.252 F400
G1 X256.569 Y-37.416 F400
G1 X256.454 Y-37.544 F400
G1 X256.395 Y-37.609 F400
G1 X256.376 Y-37.630 F400
G1 X256.372 Y-37.633 F400
G1 X256.374 Y-37.632 F400
G1 X256.376 Y-37.631 F400
G1 X256.379 Y-37.631 F400
G1 X256.383 Y-37.630 F400
G1 X256.389 Y-37.631 F400
G1 X256.396 Y-37.632 F400
G1 X256.404 Y-37.634 F400
G1 X256.419 Y-37.639 F400
G1 X256.435 Y-37.645 F400
G1 X256.449 Y-37.651 F400
G1 X256.461 Y-37.657 F400
G1 X256.473 Y-37.662 F400
G1 X256.485 Y-37.668 F400
G1 X256.498 Y-37.675 F400
G1 X256.512 Y-37.682 F400
G1 X256.527 Y-37.690 F400
G1 X256.543 Y-37.698 F400
G1 X256.560 Y-37.706 F400
; --- Shape: PATH ---
; Target Depth: 17mm, Steps: 5
; Pass 1/5 at Z-4.000
G0 Z5.000
G0 X604.781 Y-45.317
G1 Z-4.000 F400.0
G1 X605.997 Y-44.577 F400
G1 X607.918 Y-43.411 F400
G1 X609.758 Y-42.304 F400
G1 X611.132 Y-41.493 F400
G1 X612.146 Y-40.916 F400
G1 X613.040 Y-40.429 F400
G1 X613.957 Y-39.947 F400
G1 X614.949 Y-39.445 F400
G1 X616.026 Y-38.918 F400
G1 X617.189 Y-38.373 F400
G1 X618.425 Y-37.821 F400
G1 X619.712 Y-37.280 F400
G1 X621.020 Y-36.770 F400
G1 X623.097 Y-36.000 F400
G1 X625.098 Y-35.318 F400
G1 X626.605 Y-34.876 F400
G1 X627.724 Y-34.616 F400
G1 X628.708 Y-34.435 F400
G1 X629.712 Y-34.275 F400
G1 X630.787 Y-34.121 F400
G1 X631.945 Y-33.974 F400
G1 X633.181 Y-33.838 F400
G1 X634.481 Y-33.723 F400
G1 X635.816 Y-33.636 F400
G1 X637.151 Y-33.589 F400
G1 X639.247 Y-33.555 F400
G1 X641.233 Y-33.584 F400
G1 X642.685 Y-33.681 F400
G1 X643.718 Y-33.825 F400
G1 X644.594 Y-34.003 F400
G1 X645.469 Y-34.211 F400
G1 X646.390 Y-34.455 F400
G1 X647.366 Y-34.739 F400
G1 X648.389 Y-35.067 F400
G1 X649.440 Y-35.443 F400
G1 X650.491 Y-35.867 F400
G1 X651.507 Y-36.336 F400
G1 X653.064 Y-37.118 F400
G1 X654.484 Y-37.924 F400
G1 X655.453 Y-38.592 F400
G1 X656.072 Y-39.143 F400
G1 X656.545 Y-39.661 F400
G1 X656.986 Y-40.203 F400
G1 X657.428 Y-40.792 F400
G1 X657.869 Y-41.433 F400
G1 X658.300 Y-42.125 F400
G1 X658.705 Y-42.862 F400
G1 X659.062 Y-43.632 F400
G1 X659.347 Y-44.416 F400
G1 X659.721 Y-45.659 F400
G1 X659.969 Y-46.854 F400
G1 X660.021 Y-47.744 F400
G1 X659.931 Y-48.390 F400
G1 X659.766 Y-48.944 F400
G1 X659.554 Y-49.494 F400
G1 X659.297 Y-50.069 F400
G1 X658.989 Y-50.672 F400
G1 X658.624 Y-51.298 F400
G1 X658.196 Y-51.932 F400
G1 X657.702 Y-52.555 F400
G1 X657.143 Y-53.144 F400
G1 X656.201 Y-54.034 F400
G1 X655.219 Y-54.827 F400
G1 X654.396 Y-55.343 F400
G1 X653.712 Y-55.650 F400
G1 X653.069 Y-55.867 F400
G1 X652.400 Y-56.059 F400
G1 X651.681 Y-56.246 F400
G1 X650.905 Y-56.425 F400
G1 X650.074 Y-56.591 F400
G1 X649.199 Y-56.735 F400
G1 X648.298 Y-56.846 F400
G1 X647.395 Y-56.912 F400
G1 X645.976 Y-56.971 F400
G1 X644.639 Y-56.964 F400
G1 X643.673 Y-56.883 F400
G1 X643.004 Y-56.754 F400
G1 X642.458 Y-56.598 F400
G1 X641.933 Y-56.421 F400
G1 X641.400 Y-56.221 F400
G1 X640.858 Y-55.996 F400
G1 X640.318 Y-55.743 F400
G1 X639.797 Y-55.464 F400
G1 X639.319 Y-55.160 F400
G1 X638.909 Y-54.836 F400
G1 X638.332 Y-54.307 F400
G1 X637.879 Y-53.782 F400
G1 X637.656 Y-53.370 F400
G1 X637.598 Y-53.055 F400
G1 X637.611 Y-52.777 F400
G1 X637.650 Y-52.499 F400
G1 X637.704 Y-52.208 F400
G1 X637.773 Y-51.905 F400
G1 X637.859 Y-51.593 F400
G1 X637.966 Y-51.278 F400
G1 X638.095 Y-50.971 F400
G1 X638.246 Y-50.684 F400
G1 X638.505 Y-50.253 F400
G1 X638.776 Y-49.873 F400
G1 X639.004 Y-49.627 F400
G1 X639.189 Y-49.482 F400
G1 X639.355 Y-49.378 F400
G1 X639.520 Y-49.282 F400
G1 X639.689 Y-49.185 F400
G1 X639.861 Y-49.087 F400
G1 X640.032 Y-48.989 F400
G1 X640.198 Y-48.894 F400
G1 X640.351 Y-48.807 F400
G1 X640.483 Y-48.732 F400
G1 X640.671 Y-48.627 F400
G1 X640.821 Y-48.542 F400
G1 X640.900 Y-48.499 F400
G1 X640.930 Y-48.484 F400
G1 X640.939 Y-48.480 F400
G1 X640.944 Y-48.479 F400
G1 X640.949 Y-48.478 F400
G1 X640.953 Y-48.477 F400
G1 X640.959 Y-48.477 F400
G1 X640.964 Y-48.476 F400
G1 X640.970 Y-48.475 F400
; Pass 2/5 at Z-8.000
G0 Z5.000
G0 X604.781 Y-45.317
G1 Z-8.000 F400.0
G1 X605.997 Y-44.577 F400
G1 X607.918 Y-43.411 F400
G1 X609.758 Y-42.304 F400
G1 X611.132 Y-41.493 F400
G1 X612.146 Y-40.916 F400
G1 X613.040 Y-40.429 F400
G1 X613.957 Y-39.947 F400
G1 X614.949 Y-39.445 F400
G1 X616.026 Y-38.918 F400
G1 X617.189 Y-38.373 F400
G1 X618.425 Y-37.821 F400
G1 X619.712 Y-37.280 F400
G1 X621.020 Y-36.770 F400
G1 X623.097 Y-36.000 F400
G1 X625.098 Y-35.318 F400
G1 X626.605 Y-34.876 F400
G1 X627.724 Y-34.616 F400
G1 X628.708 Y-34.435 F400
G1 X629.712 Y-34.275 F400
G1 X630.787 Y-34.121 F400
G1 X631.945 Y-33.974 F400
G1 X633.181 Y-33.838 F400
G1 X634.481 Y-33.723 F400
G1 X635.816 Y-33.636 F400
G1 X637.151 Y-33.589 F400
G1 X639.247 Y-33.555 F400
G1 X641.233 Y-33.584 F400
G1 X642.685 Y-33.681 F400
G1 X643.718 Y-33.825 F400
G1 X644.594 Y-34.003 F400
G1 X645.469 Y-34.211 F400
G1 X646.390 Y-34.455 F400
G1 X647.366 Y-34.739 F400
G1 X648.389 Y-35.067 F400
G1 X649.440 Y-35.443 F400
G1 X650.491 Y-35.867 F400
G1 X651.507 Y-36.336 F400
G1 X653.064 Y-37.118 F400
G1 X654.484 Y-37.924 F400
G1 X655.453 Y-38.592 F400
G1 X656.072 Y-39.143 F400
G1 X656.545 Y-39.661 F400
G1 X656.986 Y-40.203 F400
G1 X657.428 Y-40.792 F400
G1 X657.869 Y-41.433 F400
G1 X658.300 Y-42.125 F400
G1 X658.705 Y-42.862 F400
G1 X659.062 Y-43.632 F400
G1 X659.347 Y-44.416 F400
G1 X659.721 Y-45.659 F400
G1 X659.969 Y-46.854 F400
G1 X660.021 Y-47.744 F400
G1 X659.931 Y-48.390 F400
G1 X659.766 Y-48.944 F400
G1 X659.554 Y-49.494 F400
G1 X659.297 Y-50.069 F400
G1 X658.989 Y-50.672 F400
G1 X658.624 Y-51.298 F400
G1 X658.196 Y-51.932 F400
G1 X657.702 Y-52.555 F400
G1 X657.143 Y-53.144 F400
G1 X656.201 Y-54.034 F400
G1 X655.219 Y-54.827 F400
G1 X654.396 Y-55.343 F400
G1 X653.712 Y-55.650 F400
G1 X653.069 Y-55.867 F400
G1 X652.400 Y-56.059 F400
G1 X651.681 Y-56.246 F400
G1 X650.905 Y-56.425 F400
G1 X650.074 Y-56.591 F400
G1 X649.199 Y-56.735 F400
G1 X648.298 Y-56.846 F400
G1 X647.395 Y-56.912 F400
G1 X645.976 Y-56.971 F400
G1 X644.639 Y-56.964 F400
G1 X643.673 Y-56.883 F400
G1 X643.004 Y-56.754 F400
G1 X642.458 Y-56.598 F400
G1 X641.933 Y-56.421 F400
G1 X641.400 Y-56.221 F400
G1 X640.858 Y-55.996 F400
G1 X640.318 Y-55.743 F400
G1 X639.797 Y-55.464 F400
G1 X639.319 Y-55.160 F400
G1 X638.909 Y-54.836 F400
G1 X638.332 Y-54.307 F400
G1 X637.879 Y-53.782 F400
G1 X637.656 Y-53.370 F400
G1 X637.598 Y-53.055 F400
G1 X637.611 Y-52.777 F400
G1 X637.650 Y-52.499 F400
G1 X637.704 Y-52.208 F400
G1 X637.773 Y-51.905 F400
G1 X637.859 Y-51.593 F400
G1 X637.966 Y-51.278 F400
G1 X638.095 Y-50.971 F400
G1 X638.246 Y-50.684 F400
G1 X638.505 Y-50.253 F400
G1 X638.776 Y-49.873 F400
G1 X639.004 Y-49.627 F400
G1 X639.189 Y-49.482 F400
G1 X639.355 Y-49.378 F400
G1 X639.520 Y-49.282 F400
G1 X639.689 Y-49.185 F400
G1 X639.861 Y-49.087 F400
G1 X640.032 Y-48.989 F400
G1 X640.198 Y-48.894 F400
G1 X640.351 Y-48.807 F400
G1 X640.483 Y-48.732 F400
G1 X640.671 Y-48.627 F400
G1 X640.821 Y-48.542 F400
G1 X640.900 Y-48.499 F400
G1 X640.930 Y-48.484 F400
G1 X640.939 Y-48.480 F400
G1 X640.944 Y-48.479 F400
G1 X640.949 Y-48.478 F400
G1 X640.953 Y-48.477 F400
G1 X640.959 Y-48.477 F400
G1 X640.964 Y-48.476 F400
G1 X640.970 Y-48.475 F400
; Pass 3/5 at Z-12.000
G0 Z5.000
G0 X604.781 Y-45.317
G1 Z-12.000 F400.0
G1 X605.997 Y-44.577 F400
G1 X607.918 Y-43.411 F400
G1 X609.758 Y-42.304 F400
G1 X611.132 Y-41.493 F400
G1 X612.146 Y-40.916 F400
G1 X613.040 Y-40.429 F400
G1 X613.957 Y-39.947 F400
G1 X614.949 Y-39.445 F400
G1 X616.026 Y-38.918 F400
G1 X617.189 Y-38.373 F400
G1 X618.425 Y-37.821 F400
G1 X619.712 Y-37.280 F400
G1 X621.020 Y-36.770 F400
G1 X623.097 Y-36.000 F400
G1 X625.098 Y-35.318 F400
G1 X626.605 Y-34.876 F400
G1 X627.724 Y-34.616 F400
G1 X628.708 Y-34.435 F400
G1 X629.712 Y-34.275 F400
G1 X630.787 Y-34.121 F400
G1 X631.945 Y-33.974 F400
G1 X633.181 Y-33.838 F400
G1 X634.481 Y-33.723 F400
G1 X635.816 Y-33.636 F400
G1 X637.151 Y-33.589 F400
G1 X639.247 Y-33.555 F400
G1 X641.233 Y-33.584 F400
G1 X642.685 Y-33.681 F400
G1 X643.718 Y-33.825 F400
G1 X644.594 Y-34.003 F400
G1 X645.469 Y-34.211 F400
G1 X646.390 Y-34.455 F400
G1 X647.366 Y-34.739 F400
G1 X648.389 Y-35.067 F400
G1 X649.440 Y-35.443 F400
G1 X650.491 Y-35.867 F400
G1 X651.507 Y-36.336 F400
G1 X653.064 Y-37.118 F400
G1 X654.484 Y-37.924 F400
G1 X655.453 Y-38.592 F400
G1 X656.072 Y-39.143 F400
G1 X656.545 Y-39.661 F400
G1 X656.986 Y-40.203 F400
G1 X657.428 Y-40.792 F400
G1 X657.869 Y-41.433 F400
G1 X658.300 Y-42.125 F400
G1 X658.705 Y-42.862 F400
G1 X659.062 Y-43.632 F400
G1 X659.347 Y-44.416 F400
G1 X659.721 Y-45.659 F400
G1 X659.969 Y-46.854 F400
G1 X660.021 Y-47.744 F400
G1 X659.931 Y-48.390 F400
G1 X659.766 Y-48.944 F400
G1 X659.554 Y-49.494 F400
G1 X659.297 Y-50.069 F400
G1 X658.989 Y-50.672 F400
G1 X658.624 Y-51.298 F400
G1 X658.196 Y-51.932 F400
G1 X657.702 Y-52.555 F400
G1 X657.143 Y-53.144 F400
G1 X656.201 Y-54.034 F400
G1 X655.219 Y-54.827 F400
G1 X654.396 Y-55.343 F400
G1 X653.712 Y-55.650 F400
G1 X653.069 Y-55.867 F400
G1 X652.400 Y-56.059 F400
G1 X651.681 Y-56.246 F400
G1 X650.905 Y-56.425 F400
G1 X650.074 Y-56.591 F400
G1 X649.199 Y-56.735 F400
G1 X648.298 Y-56.846 F400
G1 X647.395 Y-56.912 F400
G1 X645.976 Y-56.971 F400
G1 X644.639 Y-56.964 F400
G1 X643.673 Y-56.883 F400
G1 X643.004 Y-56.754 F400
G1 X642.458 Y-56.598 F400
G1 X641.933 Y-56.421 F400
G1 X641.400 Y-56.221 F400
G1 X640.858 Y-55.996 F400
G1 X640.318 Y-55.743 F400
G1 X639.797 Y-55.464 F400
G1 X639.319 Y-55.160 F400
G1 X638.909 Y-54.836 F400
G1 X638.332 Y-54.307 F400
G1 X637.879 Y-53.782 F400
G1 X637.656 Y-53.370 F400
G1 X637.598 Y-53.055 F400
G1 X637.611 Y-52.777 F400
G1 X637.650 Y-52.499 F400
G1 X637.704 Y-52.208 F400
G1 X637.773 Y-51.905 F400
G1 X637.859 Y-51.593 F400
G1 X637.966 Y-51.278 F400
G1 X638.095 Y-50.971 F400
G1 X638.246 Y-50.684 F400
G1 X638.505 Y-50.253 F400
G1 X638.776 Y-49.873 F400
G1 X639.004 Y-49.627 F400
G1 X639.189 Y-49.482 F400
G1 X639.355 Y-49.378 F400
G1 X639.520 Y-49.282 F400
G1 X639.689 Y-49.185 F400
G1 X639.861 Y-49.087 F400
G1 X640.032 Y-48.989 F400
G1 X640.198 Y-48.894 F400
G1 X640.351 Y-48.807 F400
G1 X640.483 Y-48.732 F400
G1 X640.671 Y-48.627 F400
G1 X640.821 Y-48.542 F400
G1 X640.900 Y-48.499 F400
G1 X640.930 Y-48.484 F400
G1 X640.939 Y-48.480 F400
G1 X640.944 Y-48.479 F400
G1 X640.949 Y-48.478 F400
G1 X640.953 Y-48.477 F400
G1 X640.959 Y-48.477 F400
G1 X640.964 Y-48.476 F400
G1 X640.970 Y-48.475 F400
; Pass 4/5 at Z-16.000
G0 Z5.000
G0 X604.781 Y-45.317
G1 Z-16.000 F400.0
G1 X605.997 Y-44.577 F400
G1 X607.918 Y-43.411 F400
G1 X609.758 Y-42.304 F400
G1 X611.132 Y-41.493 F400
G1 X612.146 Y-40.916 F400
G1 X613.040 Y-40.429 F400
G1 X613.957 Y-39.947 F400
G1 X614.949 Y-39.445 F400
G1 X616.026 Y-38.918 F400
G1 X617.189 Y-38.373 F400
G1 X618.425 Y-37.821 F400
G1 X619.712 Y-37.280 F400
G1 X621.020 Y-36.770 F400
G1 X623.097 Y-36.000 F400
G1 X625.098 Y-35.318 F400
G1 X626.605 Y-34.876 F400
G1 X627.724 Y-34.616 F400
G1 X628.708 Y-34.435 F400
G1 X629.712 Y-34.275 F400
G1 X630.787 Y-34.121 F400
G1 X631.945 Y-33.974 F400
G1 X633.181 Y-33.838 F400
G1 X634.481 Y-33.723 F400
G1 X635.816 Y-33.636 F400
G1 X637.151 Y-33.589 F400
G1 X639.247 Y-33.555 F400
G1 X641.233 Y-33.584 F400
G1 X642.685 Y-33.681 F400
G1 X643.718 Y-33.825 F400
G1 X644.594 Y-34.003 F400
G1 X645.469 Y-34.211 F400
G1 X646.390 Y-34.455 F400
G1 X647.366 Y-34.739 F400
G1 X648.389 Y-35.067 F400
G1 X649.440 Y-35.443 F400
G1 X650.491 Y-35.867 F400
G1 X651.507 Y-36.336 F400
G1 X653.064 Y-37.118 F400
G1 X654.484 Y-37.924 F400
G1 X655.453 Y-38.592 F400
G1 X656.072 Y-39.143 F400
G1 X656.545 Y-39.661 F400
G1 X656.986 Y-40.203 F400
G1 X657.428 Y-40.792 F400
G1 X657.869 Y-41.433 F400
G1 X658.300 Y-42.125 F400
G1 X658.705 Y-42.862 F400
G1 X659.062 Y-43.632 F400
G1 X659.347 Y-44.416 F400
G1 X659.721 Y-45.659 F400
G1 X659.969 Y-46.854 F400
G1 X660.021 Y-47.744 F400
G1 X659.931 Y-48.390 F400
G1 X659.766 Y-48.944 F400
G1 X659.554 Y-49.494 F400
G1 X659.297 Y-50.069 F400
G1 X658.989 Y-50.672 F400
G1 X658.624 Y-51.298 F400
G1 X658.196 Y-51.932 F400
G1 X657.702 Y-52.555 F400
G1 X657.143 Y-53.144 F400
G1 X656.201 Y-54.034 F400
G1 X655.219 Y-54.827 F400
G1 X654.396 Y-55.343 F400
G1 X653.712 Y-55.650 F400
G1 X653.069 Y-55.867 F400
G1 X652.400 Y-56.059 F400
G1 X651.681 Y-56.246 F400
G1 X650.905 Y-56.425 F400
G1 X650.074 Y-56.591 F400
G1 X649.199 Y-56.735 F400
G1 X648.298 Y-56.846 F400
G1 X647.395 Y-56.912 F400
G1 X645.976 Y-56.971 F400
G1 X644.639 Y-56.964 F400
G1 X643.673 Y-56.883 F400
G1 X643.004 Y-56.754 F400
G1 X642.458 Y-56.598 F400
G1 X641.933 Y-56.421 F400
G1 X641.400 Y-56.221 F400
G1 X640.858 Y-55.996 F400
G1 X640.318 Y-55.743 F400
G1 X639.797 Y-55.464 F400
G1 X639.319 Y-55.160 F400
G1 X638.909 Y-54.836 F400
G1 X638.332 Y-54.307 F400
G1 X637.879 Y-53.782 F400
G1 X637.656 Y-53.370 F400
G1 X637.598 Y-53.055 F400
G1 X637.611 Y-52.777 F400
G1 X637.650 Y-52.499 F400
G1 X637.704 Y-52.208 F400
G1 X637.773 Y-51.905 F400
G1 X637.859 Y-51.593 F400
G1 X637.966 Y-51.278 F400
G1 X638.095 Y-50.971 F400
G1 X638.246 Y-50.684 F400
G1 X638.505 Y-50.253 F400
G1 X638.776 Y-49.873 F400
G1 X639.004 Y-49.627 F400
G1 X639.189 Y-49.482 F400
G1 X639.355 Y-49.378 F400
G1 X639.520 Y-49.282 F400
G1 X639.689 Y-49.185 F400
G1 X639.861 Y-49.087 F400
G1 X640.032 Y-48.989 F400
G1 X640.198 Y-48.894 F400
G1 X640.351 Y-48.807 F400
G1 X640.483 Y-48.732 F400
G1 X640.671 Y-48.627 F400
G1 X640.821 Y-48.542 F400
G1 X640.900 Y-48.499 F400
G1 X640.930 Y-48.484 F400
G1 X640.939 Y-48.480 F400
G1 X640.944 Y-48.479 F400
G1 X640.949 Y-48.478 F400
G1 X640.953 Y-48.477 F400
G1 X640.959 Y-48.477 F400
G1 X640.964 Y-48.476 F400
G1 X640.970 Y-48.475 F400
; Pass 5/5 at Z-17.000
G0 Z5.000
G0 X604.781 Y-45.317
G1 Z-17.000 F400.0
G1 X605.997 Y-44.577 F400
G1 X607.918 Y-43.411 F400
G1 X609.758 Y-42.304 F400
G1 X611.132 Y-41.493 F400
G1 X612.146 Y-40.916 F400
G1 X613.040 Y-40.429 F400
G1 X613.957 Y-39.947 F400
G1 X614.949 Y-39.445 F400
G1 X616.026 Y-38.918 F400
G1 X617.189 Y-38.373 F400
G1 X618.425 Y-37.821 F400
G1 X619.712 Y-37.280 F400
G1 X621.020 Y-36.770 F400
G1 X623.097 Y-36.000 F400
G1 X625.098 Y-35.318 F400
G1 X626.605 Y-34.876 F400
G1 X627.724 Y-34.616 F400
G1 X628.708 Y-34.435 F400
G1 X629.712 Y-34.275 F400
G1 X630.787 Y-34.121 F400
G1 X631.945 Y-33.974 F400
G1 X633.181 Y-33.838 F400
G1 X634.481 Y-33.723 F400
G1 X635.816 Y-33.636 F400
G1 X637.151 Y-33.589 F400
G1 X639.247 Y-33.555 F400
G1 X641.233 Y-33.584 F400
G1 X642.685 Y-33.681 F400
G1 X643.718 Y-33.825 F400
G1 X644.594 Y-34.003 F400
G1 X645.469 Y-34.211 F400
G1 X646.390 Y-34.455 F400
G1 X647.366 Y-34.739 F400
G1 X648.389 Y-35.067 F400
G1 X649.440 Y-35.443 F400
G1 X650.491 Y-35.867 F400
G1 X651.507 Y-36.336 F400
G1 X653.064 Y-37.118 F400
G1 X654.484 Y-37.924 F400
G1 X655.453 Y-38.592 F400
G1 X656.072 Y-39.143 F400
G1 X656.545 Y-39.661 F400
G1 X656.986 Y-40.203 F400
G1 X657.428 Y-40.792 F400
G1 X657.869 Y-41.433 F400
G1 X658.300 Y-42.125 F400
G1 X658.705 Y-42.862 F400
G1 X659.062 Y-43.632 F400
G1 X659.347 Y-44.416 F400
G1 X659.721 Y-45.659 F400
G1 X659.969 Y-46.854 F400
G1 X660.021 Y-47.744 F400
G1 X659.931 Y-48.390 F400
G1 X659.766 Y-48.944 F400
G1 X659.554 Y-49.494 F400
G1 X659.297 Y-50.069 F400
G1 X658.989 Y-50.672 F400
G1 X658.624 Y-51.298 F400
G1 X658.196 Y-51.932 F400
G1 X657.702 Y-52.555 F400
G1 X657.143 Y-53.144 F400
G1 X656.201 Y-54.034 F400
G1 X655.219 Y-54.827 F400
G1 X654.396 Y-55.343 F400
G1 X653.712 Y-55.650 F400
G1 X653.069 Y-55.867 F400
G1 X652.400 Y-56.059 F400
G1 X651.681 Y-56.246 F400
G1 X650.905 Y-56.425 F400
G1 X650.074 Y-56.591 F400
G1 X649.199 Y-56.735 F400
G1 X648.298 Y-56.846 F400
G1 X647.395 Y-56.912 F400
G1 X645.976 Y-56.971 F400
G1 X644.639 Y-56.964 F400
G1 X643.673 Y-56.883 F400
G1 X643.004 Y-56.754 F400
G1 X642.458 Y-56.598 F400
G1 X641.933 Y-56.421 F400
G1 X641.400 Y-56.221 F400
G1 X640.858 Y-55.996 F400
G1 X640.318 Y-55.743 F400
G1 X639.797 Y-55.464 F400
G1 X639.319 Y-55.160 F400
G1 X638.909 Y-54.836 F400
G1 X638.332 Y-54.307 F400
G1 X637.879 Y-53.782 F400
G1 X637.656 Y-53.370 F400
G1 X637.598 Y-53.055 F400
G1 X637.611 Y-52.777 F400
G1 X637.650 Y-52.499 F400
G1 X637.704 Y-52.208 F400
G1 X637.773 Y-51.905 F400
G1 X637.859 Y-51.593 F400
G1 X637.966 Y-51.278 F400
G1 X638.095 Y-50.971 F400
G1 X638.246 Y-50.684 F400
G1 X638.505 Y-50.253 F400
G1 X638.776 Y-49.873 F400
G1 X639.004 Y-49.627 F400
G1 X639.189 Y-49.482 F400
G1 X639.355 Y-49.378 F400
G1 X639.520 Y-49.282 F400
G1 X639.689 Y-49.185 F400
G1 X639.861 Y-49.087 F400
G1 X640.032 Y-48.989 F400
G1 X640.198 Y-48.894 F400
G1 X640.351 Y-48.807 F400
G1 X640.483 Y-48.732 F400
G1 X640.671 Y-48.627 F400
G1 X640.821 Y-48.542 F400
G1 X640.900 Y-48.499 F400
G1 X640.930 Y-48.484 F400
G1 X640.939 Y-48.480 F400
G1 X640.944 Y-48.479 F400
G1 X640.949 Y-48.478 F400
G1 X640.953 Y-48.477 F400
G1 X640.959 Y-48.477 F400
G1 X640.964 Y-48.476 F400
G1 X640.970 Y-48.475 F400
; --- Shape: PATH ---
; Target Depth: 17mm, Steps: 5
; Pass 1/5 at Z-4.000
G0 Z5.000
G0 X213.142 Y-45.317
G1 Z-4.000 F400.0
G1 X211.926 Y-44.577 F400
G1 X210.005 Y-43.411 F400
G1 X208.166 Y-42.304 F400
G1 X206.792 Y-41.493 F400
G1 X205.778 Y-40.916 F400
G1 X204.884 Y-40.429 F400
G1 X203.966 Y-39.947 F400
G1 X202.974 Y-39.445 F400
G1 X201.897 Y-38.918 F400
G1 X200.734 Y-38.373 F400
G1 X199.498 Y-37.821 F400
G1 X198.211 Y-37.280 F400
G1 X196.903 Y-36.770 F400
G1 X194.826 Y-36.000 F400
G1 X192.825 Y-35.318 F400
G1 X191.318 Y-34.876 F400
G1 X190.199 Y-34.616 F400
G1 X189.215 Y-34.435 F400
G1 X188.211 Y-34.275 F400
G1 X187.136 Y-34.121 F400
G1 X185.978 Y-33.974 F400
G1 X184.742 Y-33.838 F400
G1 X183.442 Y-33.723 F400
G1 X182.107 Y-33.636 F400
G1 X180.772 Y-33.589 F400
G1 X178.676 Y-33.555 F400
G1 X176.690 Y-33.584 F400
G1 X175.238 Y-33.681 F400
G1 X174.205 Y-33.825 F400
G1 X173.329 Y-34.003 F400
G1 X172.454 Y-34.211 F400
G1 X171.533 Y-34.455 F400
G1 X170.557 Y-34.739 F400
G1 X169.534 Y-35.067 F400
G1 X168.483 Y-35.443 F400
G1 X167.432 Y-35.867 F400
G1 X166.416 Y-36.336 F400
G1 X164.859 Y-37.118 F400
G1 X163.439 Y-37.924 F400
G1 X162.470 Y-38.592 F400
G1 X161.851 Y-39.143 F400
G1 X161.378 Y-39.661 F400
G1 X160.937 Y-40.203 F400
G1 X160.495 Y-40.792 F400
G1 X160.054 Y-41.433 F400
G1 X159.623 Y-42.125 F400
G1 X159.218 Y-42.862 F400
G1 X158.861 Y-43.632 F400
G1 X158.576 Y-44.416 F400
G1 X158.202 Y-45.659 F400
G1 X157.954 Y-46.854 F400
G1 X157.902 Y-47.744 F400
G1 X157.992 Y-48.390 F400
G1 X158.157 Y-48.944 F400
G1 X158.369 Y-49.494 F400
G1 X158.626 Y-50.069 F400
G1 X158.934 Y-50.672 F400
G1 X159.299 Y-51.298 F400
G1 X159.727 Y-51.932 F400
G1 X160.221 Y-52.555 F400
G1 X160.780 Y-53.144 F400
G1 X161.722 Y-54.034 F400
G1 X162.704 Y-54.827 F400
G1 X163.527 Y-55.343 F400
G1 X164.211 Y-55.650 F400
G1 X164.854 Y-55.867 F400
G1 X165.523 Y-56.059 F400
G1 X166.242 Y-56.246 F400
G1 X167.018 Y-56.425 F400
G1 X167.849 Y-56.591 F400
G1 X168.724 Y-56.735 F400
G1 X169.625 Y-56.846 F400
G1 X170.528 Y-56.912 F400
G1 X171.947 Y-56.971 F400
G1 X173.284 Y-56.964 F400
G1 X174.250 Y-56.883 F400
G1 X174.919 Y-56.754 F400
G1 X175.465 Y-56.598 F400
G1 X175.990 Y-56.421 F400
G1 X176.523 Y-56.221 F400
G1 X177.065 Y-55.996 F400
G1 X177.605 Y-55.743 F400
G1 X178.126 Y-55.464 F400
G1 X178.604 Y-55.160 F400
G1 X179.014 Y-54.836 F400
G1 X179.591 Y-54.307 F400
G1 X180.044 Y-53.782 F400
G1 X180.267 Y-53.370 F400
G1 X180.325 Y-53.055 F400
G1 X180.312 Y-52.777 F400
G1 X180.273 Y-52.499 F400
G1 X180.219 Y-52.208 F400
G1 X180.150 Y-51.905 F400
G1 X180.064 Y-51.593 F400
G1 X179.957 Y-51.278 F400
G1 X179.828 Y-50.971 F400
G1 X179.677 Y-50.684 F400
G1 X179.418 Y-50.253 F400
G1 X179.147 Y-49.873 F400
G1 X178.919 Y-49.627 F400
G1 X178.734 Y-49.482 F400
G1 X178.568 Y-49.378 F400
G1 X178.403 Y-49.282 F400
G1 X178.234 Y-49.185 F400
G1 X178.062 Y-49.087 F400
G1 X177.891 Y-48.989 F400
G1 X177.725 Y-48.894 F400
G1 X177.572 Y-48.807 F400
G1 X177.440 Y-48.732 F400
G1 X177.252 Y-48.627 F400
G1 X177.102 Y-48.542 F400
G1 X177.023 Y-48.499 F400
G1 X176.993 Y-48.484 F400
G1 X176.984 Y-48.480 F400
G1 X176.979 Y-48.479 F400
G1 X176.974 Y-48.478 F400
G1 X176.970 Y-48.477 F400
G1 X176.964 Y-48.477 F400
G1 X176.959 Y-48.476 F400
G1 X176.953 Y-48.475 F400
; Pass 2/5 at Z-8.000
G0 Z5.000
G0 X213.142 Y-45.317
G1 Z-8.000 F400.0
G1 X211.926 Y-44.577 F400
G1 X210.005 Y-43.411 F400
G1 X208.166 Y-42.304 F400
G1 X206.792 Y-41.493 F400
G1 X205.778 Y-40.916 F400
G1 X204.884 Y-40.429 F400
G1 X203.966 Y-39.947 F400
G1 X202.974 Y-39.445 F400
G1 X201.897 Y-38.918 F400
G1 X200.734 Y-38.373 F400
G1 X199.498 Y-37.821 F400
G1 X198.211 Y-37.280 F400
G1 X196.903 Y-36.770 F400
G1 X194.826 Y-36.000 F400
G1 X192.825 Y-35.318 F400
G1 X191.318 Y-34.876 F400
G1 X190.199 Y-34.616 F400
G1 X189.215 Y-34.435 F400
G1 X188.211 Y-34.275 F400
G1 X187.136 Y-34.121 F400
G1 X185.978 Y-33.974 F400
G1 X184.742 Y-33.838 F400
G1 X183.442 Y-33.723 F400
G1 X182.107 Y-33.636 F400
G1 X180.772 Y-33.589 F400
G1 X178.676 Y-33.555 F400
G1 X176.690 Y-33.584 F400
G1 X175.238 Y-33.681 F400
G1 X174.205 Y-33.825 F400
G1 X173.329 Y-34.003 F400
G1 X172.454 Y-34.211 F400
G1 X171.533 Y-34.455 F400
G1 X170.557 Y-34.739 F400
G1 X169.534 Y-35.067 F400
G1 X168.483 Y-35.443 F400
G1 X167.432 Y-35.867 F400
G1 X166.416 Y-36.336 F400
G1 X164.859 Y-37.118 F400
G1 X163.439 Y-37.924 F400
G1 X162.470 Y-38.592 F400
G1 X161.851 Y-39.143 F400
G1 X161.378 Y-39.661 F400
G1 X160.937 Y-40.203 F400
G1 X160.495 Y-40.792 F400
G1 X160.054 Y-41.433 F400
G1 X159.623 Y-42.125 F400
G1 X159.218 Y-42.862 F400
G1 X158.861 Y-43.632 F400
G1 X158.576 Y-44.416 F400
G1 X158.202 Y-45.659 F400
G1 X157.954 Y-46.854 F400
G1 X157.902 Y-47.744 F400
G1 X157.992 Y-48.390 F400
G1 X158.157 Y-48.944 F400
G1 X158.369 Y-49.494 F400
G1 X158.626 Y-50.069 F400
G1 X158.934 Y-50.672 F400
G1 X159.299 Y-51.298 F400
G1 X159.727 Y-51.932 F400
G1 X160.221 Y-52.555 F400
G1 X160.780 Y-53.144 F400
G1 X161.722 Y-54.034 F400
G1 X162.704 Y-54.827 F400
G1 X163.527 Y-55.343 F400
G1 X164.211 Y-55.650 F400
G1 X164.854 Y-55.867 F400
G1 X165.523 Y-56.059 F400
G1 X166.242 Y-56.246 F400
G1 X167.018 Y-56.425 F400
G1 X167.849 Y-56.591 F400
G1 X168.724 Y-56.735 F400
G1 X169.625 Y-56.846 F400
G1 X170.528 Y-56.912 F400
G1 X171.947 Y-56.971 F400
G1 X173.284 Y-56.964 F400
G1 X174.250 Y-56.883 F400
G1 X174.919 Y-56.754 F400
G1 X175.465 Y-56.598 F400
G1 X175.990 Y-56.421 F400
G1 X176.523 Y-56.221 F400
G1 X177.065 Y-55.996 F400
G1 X177.605 Y-55.743 F400
G1 X178.126 Y-55.464 F400
G1 X178.604 Y-55.160 F400
G1 X179.014 Y-54.836 F400
G1 X179.591 Y-54.307 F400
G1 X180.044 Y-53.782 F400
G1 X180.267 Y-53.370 F400
G1 X180.325 Y-53.055 F400
G1 X180.312 Y-52.777 F400
G1 X180.273 Y-52.499 F400
G1 X180.219 Y-52.208 F400
G1 X180.150 Y-51.905 F400
G1 X180.064 Y-51.593 F400
G1 X179.957 Y-51.278 F400
G1 X179.828 Y-50.971 F400
G1 X179.677 Y-50.684 F400
G1 X179.418 Y-50.253 F400
G1 X179.147 Y-49.873 F400
G1 X178.919 Y-49.627 F400
G1 X178.734 Y-49.482 F400
G1 X178.568 Y-49.378 F400
G1 X178.403 Y-49.282 F400
G1 X178.234 Y-49.185 F400
G1 X178.062 Y-49.087 F400
G1 X177.891 Y-48.989 F400
G1 X177.725 Y-48.894 F400
G1 X177.572 Y-48.807 F400
G1 X177.440 Y-48.732 F400
G1 X177.252 Y-48.627 F400
G1 X177.102 Y-48.542 F400
G1 X177.023 Y-48.499 F400
G1 X176.993 Y-48.484 F400
G1 X176.984 Y-48.480 F400
G1 X176.979 Y-48.479 F400
G1 X176.974 Y-48.478 F400
G1 X176.970 Y-48.477 F400
G1 X176.964 Y-48.477 F400
G1 X176.959 Y-48.476 F400
G1 X176.953 Y-48.475 F400
; Pass 3/5 at Z-12.000
G0 Z5.000
G0 X213.142 Y-45.317
G1 Z-12.000 F400.0
G1 X211.926 Y-44.577 F400
G1 X210.005 Y-43.411 F400
G1 X208.166 Y-42.304 F400
G1 X206.792 Y-41.493 F400
G1 X205.778 Y-40.916 F400
G1 X204.884 Y-40.429 F400
G1 X203.966 Y-39.947 F400
G1 X202.974 Y-39.445 F400
G1 X201.897 Y-38.918 F400
G1 X200.734 Y-38.373 F400
G1 X199.498 Y-37.821 F400
G1 X198.211 Y-37.280 F400
G1 X196.903 Y-36.770 F400
G1 X194.826 Y-36.000 F400
G1 X192.825 Y-35.318 F400
G1 X191.318 Y-34.876 F400
G1 X190.199 Y-34.616 F400
G1 X189.215 Y-34.435 F400
G1 X188.211 Y-34.275 F400
G1 X187.136 Y-34.121 F400
G1 X185.978 Y-33.974 F400
G1 X184.742 Y-33.838 F400
G1 X183.442 Y-33.723 F400
G1 X182.107 Y-33.636 F400
G1 X180.772 Y-33.589 F400
G1 X178.676 Y-33.555 F400
G1 X176.690 Y-33.584 F400
G1 X175.238 Y-33.681 F400
G1 X174.205 Y-33.825 F400
G1 X173.329 Y-34.003 F400
G1 X172.454 Y-34.211 F400
G1 X171.533 Y-34.455 F400
G1 X170.557 Y-34.739 F400
G1 X169.534 Y-35.067 F400
G1 X168.483 Y-35.443 F400
G1 X167.432 Y-35.867 F400
G1 X166.416 Y-36.336 F400
G1 X164.859 Y-37.118 F400
G1 X163.439 Y-37.924 F400
G1 X162.470 Y-38.592 F400
G1 X161.851 Y-39.143 F400
G1 X161.378 Y-39.661 F400
G1 X160.937 Y-40.203 F400
G1 X160.495 Y-40.792 F400
G1 X160.054 Y-41.433 F400
G1 X159.623 Y-42.125 F400
G1 X159.218 Y-42.862 F400
G1 X158.861 Y-43.632 F400
G1 X158.576 Y-44.416 F400
G1 X158.202 Y-45.659 F400
G1 X157.954 Y-46.854 F400
G1 X157.902 Y-47.744 F400
G1 X157.992 Y-48.390 F400
G1 X158.157 Y-48.944 F400
G1 X158.369 Y-49.494 F400
G1 X158.626 Y-50.069 F400
G1 X158.934 Y-50.672 F400
G1 X159.299 Y-51.298 F400
G1 X159.727 Y-51.932 F400
G1 X160.221 Y-52.555 F400
G1 X160.780 Y-53.144 F400
G1 X161.722 Y-54.034 F400
G1 X162.704 Y-54.827 F400
G1 X163.527 Y-55.343 F400
G1 X164.211 Y-55.650 F400
G1 X164.854 Y-55.867 F400
G1 X165.523 Y-56.059 F400
G1 X166.242 Y-56.246 F400
G1 X167.018 Y-56.425 F400
G1 X167.849 Y-56.591 F400
G1 X168.724 Y-56.735 F400
G1 X169.625 Y-56.846 F400
G1 X170.528 Y-56.912 F400
G1 X171.947 Y-56.971 F400
G1 X173.284 Y-56.964 F400
G1 X174.250 Y-56.883 F400
G1 X174.919 Y-56.754 F400
G1 X175.465 Y-56.598 F400
G1 X175.990 Y-56.421 F400
G1 X176.523 Y-56.221 F400
G1 X177.065 Y-55.996 F400
G1 X177.605 Y-55.743 F400
G1 X178.126 Y-55.464 F400
G1 X178.604 Y-55.160 F400
G1 X179.014 Y-54.836 F400
G1 X179.591 Y-54.307 F400
G1 X180.044 Y-53.782 F400
G1 X180.267 Y-53.370 F400
G1 X180.325 Y-53.055 F400
G1 X180.312 Y-52.777 F400
G1 X180.273 Y-52.499 F400
G1 X180.219 Y-52.208 F400
G1 X180.150 Y-51.905 F400
G1 X180.064 Y-51.593 F400
G1 X179.957 Y-51.278 F400
G1 X179.828 Y-50.971 F400
G1 X179.677 Y-50.684 F400
G1 X179.418 Y-50.253 F400
G1 X179.147 Y-49.873 F400
G1 X178.919 Y-49.627 F400
G1 X178.734 Y-49.482 F400
G1 X178.568 Y-49.378 F400
G1 X178.403 Y-49.282 F400
G1 X178.234 Y-49.185 F400
G1 X178.062 Y-49.087 F400
G1 X177.891 Y-48.989 F400
G1 X177.725 Y-48.894 F400
G1 X177.572 Y-48.807 F400
G1 X177.440 Y-48.732 F400
G1 X177.252 Y-48.627 F400
G1 X177.102 Y-48.542 F400
G1 X177.023 Y-48.499 F400
G1 X176.993 Y-48.484 F400
G1 X176.984 Y-48.480 F400
G1 X176.979 Y-48.479 F400
G1 X176.974 Y-48.478 F400
G1 X176.970 Y-48.477 F400
G1 X176.964 Y-48.477 F400
G1 X176.959 Y-48.476 F400
G1 X176.953 Y-48.475 F400
; Pass 4/5 at Z-16.000
G0 Z5.000
G0 X213.142 Y-45.317
G1 Z-16.000 F400.0
G1 X211.926 Y-44.577 F400
G1 X210.005 Y-43.411 F400
G1 X208.166 Y-42.304 F400
G1 X206.792 Y-41.493 F400
G1 X205.778 Y-40.916 F400
G1 X204.884 Y-40.429 F400
G1 X203.966 Y-39.947 F400
G1 X202.974 Y-39.445 F400
G1 X201.897 Y-38.918 F400
G1 X200.734 Y-38.373 F400
G1 X199.498 Y-37.821 F400
G1 X198.211 Y-37.280 F400
G1 X196.903 Y-36.770 F400
G1 X194.826 Y-36.000 F400
G1 X192.825 Y-35.318 F400
G1 X191.318 Y-34.876 F400
G1 X190.199 Y-34.616 F400
G1 X189.215 Y-34.435 F400
G1 X188.211 Y-34.275 F400
G1 X187.136 Y-34.121 F400
G1 X185.978 Y-33.974 F400
G1 X184.742 Y-33.838 F400
G1 X183.442 Y-33.723 F400
G1 X182.107 Y-33.636 F400
G1 X180.772 Y-33.589 F400
G1 X178.676 Y-33.555 F400
G1 X176.690 Y-33.584 F400
G1 X175.238 Y-33.681 F400
G1 X174.205 Y-33.825 F400
G1 X173.329 Y-34.003 F400
G1 X172.454 Y-34.211 F400
G1 X171.533 Y-34.455 F400
G1 X170.557 Y-34.739 F400
G1 X169.534 Y-35.067 F400
G1 X168.483 Y-35.443 F400
G1 X167.432 Y-35.867 F400
G1 X166.416 Y-36.336 F400
G1 X164.859 Y-37.118 F400
G1 X163.439 Y-37.924 F400
G1 X162.470 Y-38.592 F400
G1 X161.851 Y-39.143 F400
G1 X161.378 Y-39.661 F400
G1 X160.937 Y-40.203 F400
G1 X160.495 Y-40.792 F400
G1 X160.054 Y-41.433 F400
G1 X159.623 Y-42.125 F400
G1 X159.218 Y-42.862 F400
G1 X158.861 Y-43.632 F400
G1 X158.576 Y-44.416 F400
G1 X158.202 Y-45.659 F400
G1 X157.954 Y-46.854 F400
G1 X157.902 Y-47.744 F400
G1 X157.992 Y-48.390 F400
G1 X158.157 Y-48.944 F400
G1 X158.369 Y-49.494 F400
G1 X158.626 Y-50.069 F400
G1 X158.934 Y-50.672 F400
G1 X159.299 Y-51.298 F400
G1 X159.727 Y-51.932 F400
G1 X160.221 Y-52.555 F400
G1 X160.780 Y-53.144 F400
G1 X161.722 Y-54.034 F400
G1 X162.704 Y-54.827 F400
G1 X163.527 Y-55.343 F400
G1 X164.211 Y-55.650 F400
G1 X164.854 Y-55.867 F400
G1 X165.523 Y-56.059 F400
G1 X166.242 Y-56.246 F400
G1 X167.018 Y-56.425 F400
G1 X167.849 Y-56.591 F400
G1 X168.724 Y-56.735 F400
G1 X169.625 Y-56.846 F400
G1 X170.528 Y-56.912 F400
G1 X171.947 Y-56.971 F400
G1 X173.284 Y-56.964 F400
G1 X174.250 Y-56.883 F400
G1 X174.919 Y-56.754 F400
G1 X175.465 Y-56.598 F400
G1 X175.990 Y-56.421 F400
G1 X176.523 Y-56.221 F400
G1 X177.065 Y-55.996 F400
G1 X177.605 Y-55.743 F400
G1 X178.126 Y-55.464 F400
G1 X178.604 Y-55.160 F400
G1 X179.014 Y-54.836 F400
G1 X179.591 Y-54.307 F400
G1 X180.044 Y-53.782 F400
G1 X180.267 Y-53.370 F400
G1 X180.325 Y-53.055 F400
G1 X180.312 Y-52.777 F400
G1 X180.273 Y-52.499 F400
G1 X180.219 Y-52.208 F400
G1 X180.150 Y-51.905 F400
G1 X180.064 Y-51.593 F400
G1 X179.957 Y-51.278 F400
G1 X179.828 Y-50.971 F400
G1 X179.677 Y-50.684 F400
G1 X179.418 Y-50.253 F400
G1 X179.147 Y-49.873 F400
G1 X178.919 Y-49.627 F400
G1 X178.734 Y-49.482 F400
G1 X178.568 Y-49.378 F400
G1 X178.403 Y-49.282 F400
G1 X178.234 Y-49.185 F400
G1 X178.062 Y-49.087 F400
G1 X177.891 Y-48.989 F400
G1 X177.725 Y-48.894 F400
G1 X177.572 Y-48.807 F400
G1 X177.440 Y-48.732 F400
G1 X177.252 Y-48.627 F400
G1 X177.102 Y-48.542 F400
G1 X177.023 Y-48.499 F400
G1 X176.993 Y-48.484 F400
G1 X176.984 Y-48.480 F400
G1 X176.979 Y-48.479 F400
G1 X176.974 Y-48.478 F400
G1 X176.970 Y-48.477 F400
G1 X176.964 Y-48.477 F400
G1 X176.959 Y-48.476 F400
G1 X176.953 Y-48.475 F400
; Pass 5/5 at Z-17.000
G0 Z5.000
G0 X213.142 Y-45.317
G1 Z-17.000 F400.0
G1 X211.926 Y-44.577 F400
G1 X210.005 Y-43.411 F400
G1 X208.166 Y-42.304 F400
G1 X206.792 Y-41.493 F400
G1 X205.778 Y-40.916 F400
G1 X204.884 Y-40.429 F400
G1 X203.966 Y-39.947 F400
G1 X202.974 Y-39.445 F400
G1 X201.897 Y-38.918 F400
G1 X200.734 Y-38.373 F400
G1 X199.498 Y-37.821 F400
G1 X198.211 Y-37.280 F400
G1 X196.903 Y-36.770 F400
G1 X194.826 Y-36.000 F400
G1 X192.825 Y-35.318 F400
G1 X191.318 Y-34.876 F400
G1 X190.199 Y-34.616 F400
G1 X189.215 Y-34.435 F400
G1 X188.211 Y-34.275 F400
G1 X187.136 Y-34.121 F400
G1 X185.978 Y-33.974 F400
G1 X184.742 Y-33.838 F400
G1 X183.442 Y-33.723 F400
G1 X182.107 Y-33.636 F400
G1 X180.772 Y-33.589 F400
G1 X178.676 Y-33.555 F400
G1 X176.690 Y-33.584 F400
G1 X175.238 Y-33.681 F400
G1 X174.205 Y-33.825 F400
G1 X173.329 Y-34.003 F400
G1 X172.454 Y-34.211 F400
G1 X171.533 Y-34.455 F400
G1 X170.557 Y-34.739 F400
G1 X169.534 Y-35.067 F400
G1 X168.483 Y-35.443 F400
G1 X167.432 Y-35.867 F400
G1 X166.416 Y-36.336 F400
G1 X164.859 Y-37.118 F400
G1 X163.439 Y-37.924 F400
G1 X162.470 Y-38.592 F400
G1 X161.851 Y-39.143 F400
G1 X161.378 Y-39.661 F400
G1 X160.937 Y-40.203 F400
G1 X160.495 Y-40.792 F400
G1 X160.054 Y-41.433 F400
G1 X159.623 Y-42.125 F400
G1 X159.218 Y-42.862 F400
G1 X158.861 Y-43.632 F400
G1 X158.576 Y-44.416 F400
G1 X158.202 Y-45.659 F400
G1 X157.954 Y-46.854 F400
G1 X157.902 Y-47.744 F400
G1 X157.992 Y-48.390 F400
G1 X158.157 Y-48.944 F400
G1 X158.369 Y-49.494 F400
G1 X158.626 Y-50.069 F400
G1 X158.934 Y-50.672 F400
G1 X159.299 Y-51.298 F400
G1 X159.727 Y-51.932 F400
G1 X160.221 Y-52.555 F400
G1 X160.780 Y-53.144 F400
G1 X161.722 Y-54.034 F400
G1 X162.704 Y-54.827 F400
G1 X163.527 Y-55.343 F400
G1 X164.211 Y-55.650 F400
G1 X164.854 Y-55.867 F400
G1 X165.523 Y-56.059 F400
G1 X166.242 Y-56.246 F400
G1 X167.018 Y-56.425 F400
G1 X167.849 Y-56.591 F400
G1 X168.724 Y-56.735 F400
G1 X169.625 Y-56.846 F400
G1 X170.528 Y-56.912 F400
G1 X171.947 Y-56.971 F400
G1 X173.284 Y-56.964 F400
G1 X174.250 Y-56.883 F400
G1 X174.919 Y-56.754 F400
G1 X175.465 Y-56.598 F400
G1 X175.990 Y-56.421 F400
G1 X176.523 Y-56.221 F400
G1 X177.065 Y-55.996 F400
G1 X177.605 Y-55.743 F400
G1 X178.126 Y-55.464 F400
G1 X178.604 Y-55.160 F400
G1 X179.014 Y-54.836 F400
G1 X179.591 Y-54.307 F400
G1 X180.044 Y-53.782 F400
G1 X180.267 Y-53.370 F400
G1 X180.325 Y-53.055 F400
G1 X180.312 Y-52.777 F400
G1 X180.273 Y-52.499 F400
G1 X180.219 Y-52.208 F400
G1 X180.150 Y-51.905 F400
G1 X180.064 Y-51.593 F400
G1 X179.957 Y-51.278 F400
G1 X179.828 Y-50.971 F400
G1 X179.677 Y-50.684 F400
G1 X179.418 Y-50.253 F400
G1 X179.147 Y-49.873 F400
G1 X178.919 Y-49.627 F400
G1 X178.734 Y-49.482 F400
G1 X178.568 Y-49.378 F400
G1 X178.403 Y-49.282 F400
G1 X178.234 Y-49.185 F400
G1 X178.062 Y-49.087 F400
G1 X177.891 Y-48.989 F400
G1 X177.725 Y-48.894 F400
G1 X177.572 Y-48.807 F400
G1 X177.440 Y-48.732 F400
G1 X177.252 Y-48.627 F400
G1 X177.102 Y-48.542 F400
G1 X177.023 Y-48.499 F400
G1 X176.993 Y-48.484 F400
G1 X176.984 Y-48.480 F400
G1 X176.979 Y-48.479 F400
G1 X176.974 Y-48.478 F400
G1 X176.970 Y-48.477 F400
G1 X176.964 Y-48.477 F400
G1 X176.959 Y-48.476 F400
G1 X176.953 Y-48.475 F400
; --- Shape: PATH ---
; Target Depth: 17mm, Steps: 5
; Pass 1/5 at Z-4.000
G0 Z5.000
G0 X8.434 Y-72.385
G1 Z-4.000 F400.0
G1 X9.546 Y-71.578 F400
G1 X11.310 Y-70.311 F400
G1 X13.012 Y-69.116 F400
G1 X14.310 Y-68.255 F400
G1 X15.303 Y-67.664 F400
G1 X16.213 Y-67.186 F400
G1 X17.176 Y-66.733 F400
G1 X18.246 Y-66.280 F400
G1 X19.441 Y-65.826 F400
G1 X20.766 Y-65.384 F400
G1 X22.221 Y-64.970 F400
G1 X23.789 Y-64.607 F400
G1 X25.446 Y-64.319 F400
G1 X28.136 Y-63.944 F400
G1 X30.806 Y-63.702 F400
G1 X32.902 Y-63.666 F400
G1 X34.527 Y-63.778 F400
G1 X35.991 Y-63.973 F400
G1 X37.487 Y-64.222 F400
G1 X39.082 Y-64.525 F400
G1 X40.791 Y-64.890 F400
G1 X42.603 Y-65.324 F400
G1 X44.493 Y-65.834 F400
G1 X46.417 Y-66.425 F400
G1 X48.322 Y-67.096 F400
G1 X51.312 Y-68.231 F400
G1 X54.159 Y-69.424 F400
G1 X56.287 Y-70.438 F400
G1 X57.881 Y-71.298 F400
G1 X59.328 Y-72.123 F400
G1 X60.864 Y-72.996 F400
G1 X62.576 Y-73.949 F400
G1 X64.498 Y-74.995 F400
G1 X66.641 Y-76.134 F400
G1 X69.005 Y-77.358 F400
G1 X71.570 Y-78.648 F400
G1 X74.299 Y-79.976 F400
G1 X78.762 Y-82.096 F400
G1 X83.252 Y-84.145 F400
G1 X86.865 Y-85.683 F400
G1 X89.775 Y-86.805 F400
G1 X92.496 Y-87.762 F400
G1 X95.361 Y-88.703 F400
G1 X98.499 Y-89.676 F400
G1 X101.950 Y-90.682 F400
G1 X105.722 Y-91.708 F400
G1 X109.792 Y-92.726 F400
G1 X114.099 Y-93.700 F400
G1 X118.558 Y-94.587 F400
G1 X125.716 Y-95.892 F400
G1 X132.718 Y-97.005 F400
G1 X138.102 Y-97.673 F400
G1 X142.190 Y-98.009 F400
G1 X145.832 Y-98.204 F400
G1 X149.552 Y-98.355 F400
G1 X153.529 Y-98.489 F400
G1 X157.801 Y-98.605 F400
G1 X162.348 Y-98.694 F400
G1 X167.111 Y-98.747 F400
G1 X171.982 Y-98.751 F400
G1 X176.827 Y-98.694 F400
G1 X184.411 Y-98.538 F400
G1 X191.554 Y-98.292 F400
G1 X196.728 Y-97.987 F400
G1 X200.362 Y-97.640 F400
G1 X203.411 Y-97.249 F400
G1 X206.432 Y-96.799 F400
G1 X209.602 Y-96.277 F400
G1 X212.942 Y-95.672 F400
G1 X216.423 Y-94.977 F400
G1 X219.978 Y-94.184 F400
G1 X223.501 Y-93.296 F400
G1 X226.873 Y-92.319 F400
G1 X232.030 Y-90.694 F400
G1 X236.733 Y-89.030 F400
G1 X239.974 Y-87.666 F400
G1 X242.122 Y-86.555 F400
G1 X243.873 Y-85.521 F400
G1 X245.622 Y-84.448 F400
G1 X247.495 Y-83.293 F400
G1 X249.517 Y-82.045 F400
G1 X251.684 Y-80.708 F400
G1 X253.972 Y-79.296 F400
G1 X256.332 Y-77.840 F400
; Pass 2/5 at Z-8.000
G0 Z5.000
G0 X8.434 Y-72.385
G1 Z-8.000 F400.0
G1 X9.546 Y-71.578 F400
G1 X11.310 Y-70.311 F400
G1 X13.012 Y-69.116 F400
G1 X14.310 Y-68.255 F400
G1 X15.303 Y-67.664 F400
G1 X16.213 Y-67.186 F400
G1 X17.176 Y-66.733 F400
G1 X18.246 Y-66.280 F400
G1 X19.441 Y-65.826 F400
G1 X20.766 Y-65.384 F400
G1 X22.221 Y-64.970 F400
G1 X23.789 Y-64.607 F400
G1 X25.446 Y-64.319 F400
G1 X28.136 Y-63.944 F400
G1 X30.806 Y-63.702 F400
G1 X32.902 Y-63.666 F400
G1 X34.527 Y-63.778 F400
G1 X35.991 Y-63.973 F400
G1 X37.487 Y-64.222 F400
G1 X39.082 Y-64.525 F400
G1 X40.791 Y-64.890 F400
G1 X42.603 Y-65.324 F400
G1 X44.493 Y-65.834 F400
G1 X46.417 Y-66.425 F400
G1 X48.322 Y-67.096 F400
G1 X51.312 Y-68.231 F400
G1 X54.159 Y-69.424 F400
G1 X56.287 Y-70.438 F400
G1 X57.881 Y-71.298 F400
G1 X59.328 Y-72.123 F400
G1 X60.864 Y-72.996 F400
G1 X62.576 Y-73.949 F400
G1 X64.498 Y-74.995 F400
G1 X66.641 Y-76.134 F400
G1 X69.005 Y-77.358 F400
G1 X71.570 Y-78.648 F400
G1 X74.299 Y-79.976 F400
G1 X78.762 Y-82.096 F400
G1 X83.252 Y-84.145 F400
G1 X86.865 Y-85.683 F400
G1 X89.775 Y-86.805 F400
G1 X92.496 Y-87.762 F400
G1 X95.361 Y-88.703 F400
G1 X98.499 Y-89.676 F400
G1 X101.950 Y-90.682 F400
G1 X105.722 Y-91.708 F400
G1 X109.792 Y-92.726 F400
G1 X114.099 Y-93.700 F400
G1 X118.558 Y-94.587 F400
G1 X125.716 Y-95.892 F400
G1 X132.718 Y-97.005 F400
G1 X138.102 Y-97.673 F400
G1 X142.190 Y-98.009 F400
G1 X145.832 Y-98.204 F400
G1 X149.552 Y-98.355 F400
G1 X153.529 Y-98.489 F400
G1 X157.801 Y-98.605 F400
G1 X162.348 Y-98.694 F400
G1 X167.111 Y-98.747 F400
G1 X171.982 Y-98.751 F400
G1 X176.827 Y-98.694 F400
G1 X184.411 Y-98.538 F400
G1 X191.554 Y-98.292 F400
G1 X196.728 Y-97.987 F400
G1 X200.362 Y-97.640 F400
G1 X203.411 Y-97.249 F400
G1 X206.432 Y-96.799 F400
G1 X209.602 Y-96.277 F400
G1 X212.942 Y-95.672 F400
G1 X216.423 Y-94.977 F400
G1 X219.978 Y-94.184 F400
G1 X223.501 Y-93.296 F400
G1 X226.873 Y-92.319 F400
G1 X232.030 Y-90.694 F400
G1 X236.733 Y-89.030 F400
G1 X239.974 Y-87.666 F400
G1 X242.122 Y-86.555 F400
G1 X243.873 Y-85.521 F400
G1 X245.622 Y-84.448 F400
G1 X247.495 Y-83.293 F400
G1 X249.517 Y-82.045 F400
G1 X251.684 Y-80.708 F400
G1 X253.972 Y-79.296 F400
G1 X256.332 Y-77.840 F400
; Pass 3/5 at Z-12.000
G0 Z5.000
G0 X8.434 Y-72.385
G1 Z-12.000 F400.0
G1 X9.546 Y-71.578 F400
G1 X11.310 Y-70.311 F400
G1 X13.012 Y-69.116 F400
G1 X14.310 Y-68.255 F400
G1 X15.303 Y-67.664 F400
G1 X16.213 Y-67.186 F400
G1 X17.176 Y-66.733 F400
G1 X18.246 Y-66.280 F400
G1 X19.441 Y-65.826 F400
G1 X20.766 Y-65.384 F400
G1 X22.221 Y-64.970 F400
G1 X23.789 Y-64.607 F400
G1 X25.446 Y-64.319 F400
G1 X28.136 Y-63.944 F400
G1 X30.806 Y-63.702 F400
G1 X32.902 Y-63.666 F400
G1 X34.527 Y-63.778 F400
G1 X35.991 Y-63.973 F400
G1 X37.487 Y-64.222 F400
G1 X39.082 Y-64.525 F400
G1 X40.791 Y-64.890 F400
G1 X42.603 Y-65.324 F400
G1 X44.493 Y-65.834 F400
G1 X46.417 Y-66.425 F400
G1 X48.322 Y-67.096 F400
G1 X51.312 Y-68.231 F400
G1 X54.159 Y-69.424 F400
G1 X56.287 Y-70.438 F400
G1 X57.881 Y-71.298 F400
G1 X59.328 Y-72.123 F400
G1 X60.864 Y-72.996 F400
G1 X62.576 Y-73.949 F400
G1 X64.498 Y-74.995 F400
G1 X66.641 Y-76.134 F400
G1 X69.005 Y-77.358 F400
G1 X71.570 Y-78.648 F400
G1 X74.299 Y-79.976 F400
G1 X78.762 Y-82.096 F400
G1 X83.252 Y-84.145 F400
G1 X86.865 Y-85.683 F400
G1 X89.775 Y-86.805 F400
G1 X92.496 Y-87.762 F400
G1 X95.361 Y-88.703 F400
G1 X98.499 Y-89.676 F400
G1 X101.950 Y-90.682 F400
G1 X105.722 Y-91.708 F400
G1 X109.792 Y-92.726 F400
G1 X114.099 Y-93.700 F400
G1 X118.558 Y-94.587 F400
G1 X125.716 Y-95.892 F400
G1 X132.718 Y-97.005 F400
G1 X138.102 Y-97.673 F400
G1 X142.190 Y-98.009 F400
G1 X145.832 Y-98.204 F400
G1 X149.552 Y-98.355 F400
G1 X153.529 Y-98.489 F400
G1 X157.801 Y-98.605 F400
G1 X162.348 Y-98.694 F400
G1 X167.111 Y-98.747 F400
G1 X171.982 Y-98.751 F400
G1 X176.827 Y-98.694 F400
G1 X184.411 Y-98.538 F400
G1 X191.554 Y-98.292 F400
G1 X196.728 Y-97.987 F400
G1 X200.362 Y-97.640 F400
G1 X203.411 Y-97.249 F400
G1 X206.432 Y-96.799 F400
G1 X209.602 Y-96.277 F400
G1 X212.942 Y-95.672 F400
G1 X216.423 Y-94.977 F400
G1 X219.978 Y-94.184 F400
G1 X223.501 Y-93.296 F400
G1 X226.873 Y-92.319 F400
G1 X232.030 Y-90.694 F400
G1 X236.733 Y-89.030 F400
G1 X239.974 Y-87.666 F400
G1 X242.122 Y-86.555 F400
G1 X243.873 Y-85.521 F400
G1 X245.622 Y-84.448 F400
G1 X247.495 Y-83.293 F400
G1 X249.517 Y-82.045 F400
G1 X251.684 Y-80.708 F400
G1 X253.972 Y-79.296 F400
G1 X256.332 Y-77.840 F400
; Pass 4/5 at Z-16.000
G0 Z5.000
G0 X8.434 Y-72.385
G1 Z-16.000 F400.0
G1 X9.546 Y-71.578 F400
G1 X11.310 Y-70.311 F400
G1 X13.012 Y-69.116 F400
G1 X14.310 Y-68.255 F400
G1 X15.303 Y-67.664 F400
G1 X16.213 Y-67.186 F400
G1 X17.176 Y-66.733 F400
G1 X18.246 Y-66.280 F400
G1 X19.441 Y-65.826 F400
G1 X20.766 Y-65.384 F400
G1 X22.221 Y-64.970 F400
G1 X23.789 Y-64.607 F400
G1 X25.446 Y-64.319 F400
G1 X28.136 Y-63.944 F400
G1 X30.806 Y-63.702 F400
G1 X32.902 Y-63.666 F400
G1 X34.527 Y-63.778 F400
G1 X35.991 Y-63.973 F400
G1 X37.487 Y-64.222 F400
G1 X39.082 Y-64.525 F400
G1 X40.791 Y-64.890 F400
G1 X42.603 Y-65.324 F400
G1 X44.493 Y-65.834 F400
G1 X46.417 Y-66.425 F400
G1 X48.322 Y-67.096 F400
G1 X51.312 Y-68.231 F400
G1 X54.159 Y-69.424 F400
G1 X56.287 Y-70.438 F400
G1 X57.881 Y-71.298 F400
G1 X59.328 Y-72.123 F400
G1 X60.864 Y-72.996 F400
G1 X62.576 Y-73.949 F400
G1 X64.498 Y-74.995 F400
G1 X66.641 Y-76.134 F400
G1 X69.005 Y-77.358 F400
G1 X71.570 Y-78.648 F400
G1 X74.299 Y-79.976 F400
G1 X78.762 Y-82.096 F400
G1 X83.252 Y-84.145 F400
G1 X86.865 Y-85.683 F400
G1 X89.775 Y-86.805 F400
G1 X92.496 Y-87.762 F400
G1 X95.361 Y-88.703 F400
G1 X98.499 Y-89.676 F400
G1 X101.950 Y-90.682 F400
G1 X105.722 Y-91.708 F400
G1 X109.792 Y-92.726 F400
G1 X114.099 Y-93.700 F400
G1 X118.558 Y-94.587 F400
G1 X125.716 Y-95.892 F400
G1 X132.718 Y-97.005 F400
G1 X138.102 Y-97.673 F400
G1 X142.190 Y-98.009 F400
G1 X145.832 Y-98.204 F400
G1 X149.552 Y-98.355 F400
G1 X153.529 Y-98.489 F400
G1 X157.801 Y-98.605 F400
G1 X162.348 Y-98.694 F400
G1 X167.111 Y-98.747 F400
G1 X171.982 Y-98.751 F400
G1 X176.827 Y-98.694 F400
G1 X184.411 Y-98.538 F400
G1 X191.554 Y-98.292 F400
G1 X196.728 Y-97.987 F400
G1 X200.362 Y-97.640 F400
G1 X203.411 Y-97.249 F400
G1 X206.432 Y-96.799 F400
G1 X209.602 Y-96.277 F400
G1 X212.942 Y-95.672 F400
G1 X216.423 Y-94.977 F400
G1 X219.978 Y-94.184 F400
G1 X223.501 Y-93.296 F400
G1 X226.873 Y-92.319 F400
G1 X232.030 Y-90.694 F400
G1 X236.733 Y-89.030 F400
G1 X239.974 Y-87.666 F400
G1 X242.122 Y-86.555 F400
G1 X243.873 Y-85.521 F400
G1 X245.622 Y-84.448 F400
G1 X247.495 Y-83.293 F400
G1 X249.517 Y-82.045 F400
G1 X251.684 Y-80.708 F400
G1 X253.972 Y-79.296 F400
G1 X256.332 Y-77.840 F400
; Pass 5/5 at Z-17.000
G0 Z5.000
G0 X8.434 Y-72.385
G1 Z-17.000 F400.0
G1 X9.546 Y-71.578 F400
G1 X11.310 Y-70.311 F400
G1 X13.012 Y-69.116 F400
G1 X14.310 Y-68.255 F400
G1 X15.303 Y-67.664 F400
G1 X16.213 Y-67.186 F400
G1 X17.176 Y-66.733 F400
G1 X18.246 Y-66.280 F400
G1 X19.441 Y-65.826 F400
G1 X20.766 Y-65.384 F400
G1 X22.221 Y-64.970 F400
G1 X23.789 Y-64.607 F400
G1 X25.446 Y-64.319 F400
G1 X28.136 Y-63.944 F400
G1 X30.806 Y-63.702 F400
G1 X32.902 Y-63.666 F400
G1 X34.527 Y-63.778 F400
G1 X35.991 Y-63.973 F400
G1 X37.487 Y-64.222 F400
G1 X39.082 Y-64.525 F400
G1 X40.791 Y-64.890 F400
G1 X42.603 Y-65.324 F400
G1 X44.493 Y-65.834 F400
G1 X46.417 Y-66.425 F400
G1 X48.322 Y-67.096 F400
G1 X51.312 Y-68.231 F400
G1 X54.159 Y-69.424 F400
G1 X56.287 Y-70.438 F400
G1 X57.881 Y-71.298 F400
G1 X59.328 Y-72.123 F400
G1 X60.864 Y-72.996 F400
G1 X62.576 Y-73.949 F400
G1 X64.498 Y-74.995 F400
G1 X66.641 Y-76.134 F400
G1 X69.005 Y-77.358 F400
G1 X71.570 Y-78.648 F400
G1 X74.299 Y-79.976 F400
G1 X78.762 Y-82.096 F400
G1 X83.252 Y-84.145 F400
G1 X86.865 Y-85.683 F400
G1 X89.775 Y-86.805 F400
G1 X92.496 Y-87.762 F400
G1 X95.361 Y-88.703 F400
G1 X98.499 Y-89.676 F400
G1 X101.950 Y-90.682 F400
G1 X105.722 Y-91.708 F400
G1 X109.792 Y-92.726 F400
G1 X114.099 Y-93.700 F400
G1 X118.558 Y-94.587 F400
G1 X125.716 Y-95.892 F400
G1 X132.718 Y-97.005 F400
G1 X138.102 Y-97.673 F400
G1 X142.190 Y-98.009 F400
G1 X145.832 Y-98.204 F400
G1 X149.552 Y-98.355 F400
G1 X153.529 Y-98.489 F400
G1 X157.801 Y-98.605 F400
G1 X162.348 Y-98.694 F400
G1 X167.111 Y-98.747 F400
G1 X171.982 Y-98.751 F400
G1 X176.827 Y-98.694 F400
G1 X184.411 Y-98.538 F400
G1 X191.554 Y-98.292 F400
G1 X196.728 Y-97.987 F400
G1 X200.362 Y-97.640 F400
G1 X203.411 Y-97.249 F400
G1 X206.432 Y-96.799 F400
G1 X209.602 Y-96.277 F400
G1 X212.942 Y-95.672 F400
G1 X216.423 Y-94.977 F400
G1 X219.978 Y-94.184 F400
G1 X223.501 Y-93.296 F400
G1 X226.873 Y-92.319 F400
G1 X232.030 Y-90.694 F400
G1 X236.733 Y-89.030 F400
G1 X239.974 Y-87.666 F400
G1 X242.122 Y-86.555 F400
G1 X243.873 Y-85.521 F400
G1 X245.622 Y-84.448 F400
G1 X247.495 Y-83.293 F400
G1 X249.517 Y-82.045 F400
G1 X251.684 Y-80.708 F400
G1 X253.972 Y-79.296 F400
G1 X256.332 Y-77.840 F400
; --- Shape: PATH ---
; Target Depth: 17mm, Steps: 5
; Pass 1/5 at Z-4.000
G0 Z5.000
G0 X787.462 Y-72.385
G1 Z-4.000 F400.0
G1 X786.350 Y-71.578 F400
G1 X784.586 Y-70.311 F400
G1 X782.884 Y-69.116 F400
G1 X781.586 Y-68.255 F400
G1 X780.593 Y-67.664 F400
G1 X779.683 Y-67.186 F400
G1 X778.720 Y-66.733 F400
G1 X777.650 Y-66.280 F400
G1 X776.455 Y-65.826 F400
G1 X775.130 Y-65.384 F400
G1 X773.675 Y-64.970 F400
G1 X772.107 Y-64.607 F400
G1 X770.450 Y-64.319 F400
G1 X767.760 Y-63.944 F400
G1 X765.090 Y-63.702 F400
G1 X762.994 Y-63.666 F400
G1 X761.369 Y-63.778 F400
G1 X759.905 Y-63.973 F400
G1 X758.409 Y-64.222 F400
G1 X756.814 Y-64.525 F400
G1 X755.105 Y-64.890 F400
G1 X753.293 Y-65.324 F400
G1 X751.403 Y-65.834 F400
G1 X749.479 Y-66.425 F400
G1 X747.574 Y-67.096 F400
G1 X744.584 Y-68.231 F400
G1 X741.737 Y-69.424 F400
G1 X739.609 Y-70.438 F400
G1 X738.015 Y-71.298 F400
G1 X736.568 Y-72.123 F400
G1 X735.032 Y-72.996 F400
G1 X733.320 Y-73.949 F400
G1 X731.398 Y-74.995 F400
G1 X729.255 Y-76.134 F400
G1 X726.891 Y-77.358 F400
G1 X724.326 Y-78.648 F400
G1 X721.597 Y-79.976 F400
G1 X717.134 Y-82.096 F400
G1 X712.644 Y-84.145 F400
G1 X709.031 Y-85.683 F400
G1 X706.121 Y-86.805 F400
G1 X703.400 Y-87.762 F400
G1 X700.535 Y-88.703 F400
G1 X697.397 Y-89.676 F400
G1 X693.946 Y-90.682 F400
G1 X690.174 Y-91.708 F400
G1 X686.104 Y-92.726 F400
G1 X681.797 Y-93.700 F400
G1 X677.338 Y-94.587 F400
G1 X670.180 Y-95.892 F400
G1 X663.178 Y-97.005 F400
G1 X657.794 Y-97.673 F400
G1 X653.706 Y-98.009 F400
G1 X650.064 Y-98.204 F400
G1 X646.344 Y-98.355 F400
G1 X642.367 Y-98.489 F400
G1 X638.095 Y-98.605 F400
G1 X633.548 Y-98.694 F400
G1 X628.785 Y-98.747 F400
G1 X623.914 Y-98.751 F400
G1 X619.069 Y-98.694 F400
G1 X611.485 Y-98.538 F400
G1 X604.342 Y-98.292 F400
G1 X599.168 Y-97.987 F400
G1 X595.534 Y-97.640 F400
G1 X592.485 Y-97.249 F400
G1 X589.464 Y-96.799 F400
G1 X586.294 Y-96.277 F400
G1 X582.954 Y-95.672 F400
G1 X579.473 Y-94.977 F400
G1 X575.918 Y-94.184 F400
G1 X572.395 Y-93.296 F400
G1 X569.023 Y-92.319 F400
G1 X563.866 Y-90.694 F400
G1 X559.163 Y-89.030 F400
G1 X555.922 Y-87.666 F400
G1 X553.774 Y-86.555 F400
G1 X552.023 Y-85.521 F400
G1 X550.274 Y-84.448 F400
G1 X548.401 Y-83.293 F400
G1 X546.379 Y-82.045 F400
G1 X544.212 Y-80.708 F400
G1 X541.924 Y-79.296 F400
G1 X539.564 Y-77.840 F400
; Pass 2/5 at Z-8.000
G0 Z5.000
G0 X787.462 Y-72.385
G1 Z-8.000 F400.0
G1 X786.350 Y-71.578 F400
G1 X784.586 Y-70.311 F400
G1 X782.884 Y-69.116 F400
G1 X781.586 Y-68.255 F400
G1 X780.593 Y-67.664 F400
G1 X779.683 Y-67.186 F400
G1 X778.720 Y-66.733 F400
G1 X777.650 Y-66.280 F400
G1 X776.455 Y-65.826 F400
G1 X775.130 Y-65.384 F400
G1 X773.675 Y-64.970 F400
G1 X772.107 Y-64.607 F400
G1 X770.450 Y-64.319 F400
G1 X767.760 Y-63.944 F400
G1 X765.090 Y-63.702 F400
G1 X762.994 Y-63.666 F400
G1 X761.369 Y-63.778 F400
G1 X759.905 Y-63.973 F400
G1 X758.409 Y-64.222 F400
G1 X756.814 Y-64.525 F400
G1 X755.105 Y-64.890 F400
G1 X753.293 Y-65.324 F400
G1 X751.403 Y-65.834 F400
G1 X749.479 Y-66.425 F400
G1 X747.574 Y-67.096 F400
G1 X744.584 Y-68.231 F400
G1 X741.737 Y-69.424 F400
G1 X739.609 Y-70.438 F400
G1 X738.015 Y-71.298 F400
G1 X736.568 Y-72.123 F400
G1 X735.032 Y-72.996 F400
G1 X733.320 Y-73.949 F400
G1 X731.398 Y-74.995 F400
G1 X729.255 Y-76.134 F400
G1 X726.891 Y-77.358 F400
G1 X724.326 Y-78.648 F400
G1 X721.597 Y-79.976 F400
G1 X717.134 Y-82.096 F400
G1 X712.644 Y-84.145 F400
G1 X709.031 Y-85.683 F400
G1 X706.121 Y-86.805 F400
G1 X703.400 Y-87.762 F400
G1 X700.535 Y-88.703 F400
G1 X697.397 Y-89.676 F400
G1 X693.946 Y-90.682 F400
G1 X690.174 Y-91.708 F400
G1 X686.104 Y-92.726 F400
G1 X681.797 Y-93.700 F400
G1 X677.338 Y-94.587 F400
G1 X670.180 Y-95.892 F400
G1 X663.178 Y-97.005 F400
G1 X657.794 Y-97.673 F400
G1 X653.706 Y-98.009 F400
G1 X650.064 Y-98.204 F400
G1 X646.344 Y-98.355 F400
G1 X642.367 Y-98.489 F400
G1 X638.095 Y-98.605 F400
G1 X633.548 Y-98.694 F400
G1 X628.785 Y-98.747 F400
G1 X623.914 Y-98.751 F400
G1 X619.069 Y-98.694 F400
G1 X611.485 Y-98.538 F400
G1 X604.342 Y-98.292 F400
G1 X599.168 Y-97.987 F400
G1 X595.534 Y-97.640 F400
G1 X592.485 Y-97.249 F400
G1 X589.464 Y-96.799 F400
G1 X586.294 Y-96.277 F400
G1 X582.954 Y-95.672 F400
G1 X579.473 Y-94.977 F400
G1 X575.918 Y-94.184 F400
G1 X572.395 Y-93.296 F400
G1 X569.023 Y-92.319 F400
G1 X563.866 Y-90.694 F400
G1 X559.163 Y-89.030 F400
G1 X555.922 Y-87.666 F400
G1 X553.774 Y-86.555 F400
G1 X552.023 Y-85.521 F400
G1 X550.274 Y-84.448 F400
G1 X548.401 Y-83.293 F400
G1 X546.379 Y-82.045 F400
G1 X544.212 Y-80.708 F400
G1 X541.924 Y-79.296 F400
G1 X539.564 Y-77.840 F400
; Pass 3/5 at Z-12.000
G0 Z5.000
G0 X787.462 Y-72.385
G1 Z-12.000 F400.0
G1 X786.350 Y-71.578 F400
G1 X784.586 Y-70.311 F400
G1 X782.884 Y-69.116 F400
G1 X781.586 Y-68.255 F400
G1 X780.593 Y-67.664 F400
G1 X779.683 Y-67.186 F400
G1 X778.720 Y-66.733 F400
G1 X777.650 Y-66.280 F400
G1 X776.455 Y-65.826 F400
G1 X775.130 Y-65.384 F400
G1 X773.675 Y-64.970 F400
G1 X772.107 Y-64.607 F400
G1 X770.450 Y-64.319 F400
G1 X767.760 Y-63.944 F400
G1 X765.090 Y-63.702 F400
G1 X762.994 Y-63.666 F400
G1 X761.369 Y-63.778 F400
G1 X759.905 Y-63.973 F400
G1 X758.409 Y-64.222 F400
G1 X756.814 Y-64.525 F400
G1 X755.105 Y-64.890 F400
G1 X753.293 Y-65.324 F400
G1 X751.403 Y-65.834 F400
G1 X749.479 Y-66.425 F400
G1 X747.574 Y-67.096 F400
G1 X744.584 Y-68.231 F400
G1 X741.737 Y-69.424 F400
G1 X739.609 Y-70.438 F400
G1 X738.015 Y-71.298 F400
G1 X736.568 Y-72.123 F400
G1 X735.032 Y-72.996 F400
G1 X733.320 Y-73.949 F400
G1 X731.398 Y-74.995 F400
G1 X729.255 Y-76.134 F400
G1 X726.891 Y-77.358 F400
G1 X724.326 Y-78.648 F400
G1 X721.597 Y-79.976 F400
G1 X717.134 Y-82.096 F400
G1 X712.644 Y-84.145 F400
G1 X709.031 Y-85.683 F400
G1 X706.121 Y-86.805 F400
G1 X703.400 Y-87.762 F400
G1 X700.535 Y-88.703 F400
G1 X697.397 Y-89.676 F400
G1 X693.946 Y-90.682 F400
G1 X690.174 Y-91.708 F400
G1 X686.104 Y-92.726 F400
G1 X681.797 Y-93.700 F400
G1 X677.338 Y-94.587 F400
G1 X670.180 Y-95.892 F400
G1 X663.178 Y-97.005 F400
G1 X657.794 Y-97.673 F400
G1 X653.706 Y-98.009 F400
G1 X650.064 Y-98.204 F400
G1 X646.344 Y-98.355 F400
G1 X642.367 Y-98.489 F400
G1 X638.095 Y-98.605 F400
G1 X633.548 Y-98.694 F400
G1 X628.785 Y-98.747 F400
G1 X623.914 Y-98.751 F400
G1 X619.069 Y-98.694 F400
G1 X611.485 Y-98.538 F400
G1 X604.342 Y-98.292 F400
G1 X599.168 Y-97.987 F400
G1 X595.534 Y-97.640 F400
G1 X592.485 Y-97.249 F400
G1 X589.464 Y-96.799 F400
G1 X586.294 Y-96.277 F400
G1 X582.954 Y-95.672 F400
G1 X579.473 Y-94.977 F400
G1 X575.918 Y-94.184 F400
G1 X572.395 Y-93.296 F400
G1 X569.023 Y-92.319 F400
G1 X563.866 Y-90.694 F400
G1 X559.163 Y-89.030 F400
G1 X555.922 Y-87.666 F400
G1 X553.774 Y-86.555 F400
G1 X552.023 Y-85.521 F400
G1 X550.274 Y-84.448 F400
G1 X548.401 Y-83.293 F400
G1 X546.379 Y-82.045 F400
G1 X544.212 Y-80.708 F400
G1 X541.924 Y-79.296 F400
G1 X539.564 Y-77.840 F400
; Pass 4/5 at Z-16.000
G0 Z5.000
G0 X787.462 Y-72.385
G1 Z-16.000 F400.0
G1 X786.350 Y-71.578 F400
G1 X784.586 Y-70.311 F400
G1 X782.884 Y-69.116 F400
G1 X781.586 Y-68.255 F400
G1 X780.593 Y-67.664 F400
G1 X779.683 Y-67.186 F400
G1 X778.720 Y-66.733 F400
G1 X777.650 Y-66.280 F400
G1 X776.455 Y-65.826 F400
G1 X775.130 Y-65.384 F400
G1 X773.675 Y-64.970 F400
G1 X772.107 Y-64.607 F400
G1 X770.450 Y-64.319 F400
G1 X767.760 Y-63.944 F400
G1 X765.090 Y-63.702 F400
G1 X762.994 Y-63.666 F400
G1 X761.369 Y-63.778 F400
G1 X759.905 Y-63.973 F400
G1 X758.409 Y-64.222 F400
G1 X756.814 Y-64.525 F400
G1 X755.105 Y-64.890 F400
G1 X753.293 Y-65.324 F400
G1 X751.403 Y-65.834 F400
G1 X749.479 Y-66.425 F400
G1 X747.574 Y-67.096 F400
G1 X744.584 Y-68.231 F400
G1 X741.737 Y-69.424 F400
G1 X739.609 Y-70.438 F400
G1 X738.015 Y-71.298 F400
G1 X736.568 Y-72.123 F400
G1 X735.032 Y-72.996 F400
G1 X733.320 Y-73.949 F400
G1 X731.398 Y-74.995 F400
G1 X729.255 Y-76.134 F400
G1 X726.891 Y-77.358 F400
G1 X724.326 Y-78.648 F400
G1 X721.597 Y-79.976 F400
G1 X717.134 Y-82.096 F400
G1 X712.644 Y-84.145 F400
G1 X709.031 Y-85.683 F400
G1 X706.121 Y-86.805 F400
G1 X703.400 Y-87.762 F400
G1 X700.535 Y-88.703 F400
G1 X697.397 Y-89.676 F400
G1 X693.946 Y-90.682 F400
G1 X690.174 Y-91.708 F400
G1 X686.104 Y-92.726 F400
G1 X681.797 Y-93.700 F400
G1 X677.338 Y-94.587 F400
G1 X670.180 Y-95.892 F400
G1 X663.178 Y-97.005 F400
G1 X657.794 Y-97.673 F400
G1 X653.706 Y-98.009 F400
G1 X650.064 Y-98.204 F400
G1 X646.344 Y-98.355 F400
G1 X642.367 Y-98.489 F400
G1 X638.095 Y-98.605 F400
G1 X633.548 Y-98.694 F400
G1 X628.785 Y-98.747 F400
G1 X623.914 Y-98.751 F400
G1 X619.069 Y-98.694 F400
G1 X611.485 Y-98.538 F400
G1 X604.342 Y-98.292 F400
G1 X599.168 Y-97.987 F400
G1 X595.534 Y-97.640 F400
G1 X592.485 Y-97.249 F400
G1 X589.464 Y-96.799 F400
G1 X586.294 Y-96.277 F400
G1 X582.954 Y-95.672 F400
G1 X579.473 Y-94.977 F400
G1 X575.918 Y-94.184 F400
G1 X572.395 Y-93.296 F400
G1 X569.023 Y-92.319 F400
G1 X563.866 Y-90.694 F400
G1 X559.163 Y-89.030 F400
G1 X555.922 Y-87.666 F400
G1 X553.774 Y-86.555 F400
G1 X552.023 Y-85.521 F400
G1 X550.274 Y-84.448 F400
G1 X548.401 Y-83.293 F400
G1 X546.379 Y-82.045 F400
G1 X544.212 Y-80.708 F400
G1 X541.924 Y-79.296 F400
G1 X539.564 Y-77.840 F400
; Pass 5/5 at Z-17.000
G0 Z5.000
G0 X787.462 Y-72.385
G1 Z-17.000 F400.0
G1 X786.350 Y-71.578 F400
G1 X784.586 Y-70.311 F400
G1 X782.884 Y-69.116 F400
G1 X781.586 Y-68.255 F400
G1 X780.593 Y-67.664 F400
G1 X779.683 Y-67.186 F400
G1 X778.720 Y-66.733 F400
G1 X777.650 Y-66.280 F400
G1 X776.455 Y-65.826 F400
G1 X775.130 Y-65.384 F400
G1 X773.675 Y-64.970 F400
G1 X772.107 Y-64.607 F400
G1 X770.450 Y-64.319 F400
G1 X767.760 Y-63.944 F400
G1 X765.090 Y-63.702 F400
G1 X762.994 Y-63.666 F400
G1 X761.369 Y-63.778 F400
G1 X759.905 Y-63.973 F400
G1 X758.409 Y-64.222 F400
G1 X756.814 Y-64.525 F400
G1 X755.105 Y-64.890 F400
G1 X753.293 Y-65.324 F400
G1 X751.403 Y-65.834 F400
G1 X749.479 Y-66.425 F400
G1 X747.574 Y-67.096 F400
G1 X744.584 Y-68.231 F400
G1 X741.737 Y-69.424 F400
G1 X739.609 Y-70.438 F400
G1 X738.015 Y-71.298 F400
G1 X736.568 Y-72.123 F400
G1 X735.032 Y-72.996 F400
G1 X733.320 Y-73.949 F400
G1 X731.398 Y-74.995 F400
G1 X729.255 Y-76.134 F400
G1 X726.891 Y-77.358 F400
G1 X724.326 Y-78.648 F400
G1 X721.597 Y-79.976 F400
G1 X717.134 Y-82.096 F400
G1 X712.644 Y-84.145 F400
G1 X709.031 Y-85.683 F400
G1 X706.121 Y-86.805 F400
G1 X703.400 Y-87.762 F400
G1 X700.535 Y-88.703 F400
G1 X697.397 Y-89.676 F400
G1 X693.946 Y-90.682 F400
G1 X690.174 Y-91.708 F400
G1 X686.104 Y-92.726 F400
G1 X681.797 Y-93.700 F400
G1 X677.338 Y-94.587 F400
G1 X670.180 Y-95.892 F400
G1 X663.178 Y-97.005 F400
G1 X657.794 Y-97.673 F400
G1 X653.706 Y-98.009 F400
G1 X650.064 Y-98.204 F400
G1 X646.344 Y-98.355 F400
G1 X642.367 Y-98.489 F400
G1 X638.095 Y-98.605 F400
G1 X633.548 Y-98.694 F400
G1 X628.785 Y-98.747 F400
G1 X623.914 Y-98.751 F400
G1 X619.069 Y-98.694 F400
G1 X611.485 Y-98.538 F400
G1 X604.342 Y-98.292 F400
G1 X599.168 Y-97.987 F400
G1 X595.534 Y-97.640 F400
G1 X592.485 Y-97.249 F400
G1 X589.464 Y-96.799 F400
G1 X586.294 Y-96.277 F400
G1 X582.954 Y-95.672 F400
G1 X579.473 Y-94.977 F400
G1 X575.918 Y-94.184 F400
G1 X572.395 Y-93.296 F400
G1 X569.023 Y-92.319 F400
G1 X563.866 Y-90.694 F400
G1 X559.163 Y-89.030 F400
G1 X555.922 Y-87.666 F400
G1 X553.774 Y-86.555 F400
G1 X552.023 Y-85.521 F400
G1 X550.274 Y-84.448 F400
G1 X548.401 Y-83.293 F400
G1 X546.379 Y-82.045 F400
G1 X544.212 Y-80.708 F400
G1 X541.924 Y-79.296 F400
G1 X539.564 Y-77.840 F400
; --- Shape: PATH ---
; Target Depth: 17mm, Steps: 5
; Pass 1/5 at Z-4.000
G0 Z5.000
G0 X256.332 Y-77.840
G1 Z-4.000 F400.0
G1 X258.212 Y-79.716 F400
G1 X261.197 Y-82.675 F400
G1 X264.093 Y-85.494 F400
G1 X266.324 Y-87.576 F400
G1 X268.061 Y-89.080 F400
G1 X269.683 Y-90.374 F400
G1 X271.425 Y-91.674 F400
G1 X273.383 Y-93.052 F400
G1 X275.593 Y-94.520 F400
G1 X278.074 Y-96.069 F400
G1 X280.828 Y-97.675 F400
G1 X283.837 Y-99.296 F400
G1 X287.061 Y-100.883 F400
G1 X292.350 Y-103.338 F400
G1 X297.688 Y-105.606 F400
G1 X301.993 Y-107.192 F400
G1 X305.457 Y-108.246 F400
G1 X308.682 Y-109.082 F400
G1 X312.057 Y-109.880 F400
G1 X315.729 Y-110.691 F400
G1 X319.741 Y-111.518 F400
G1 X324.095 Y-112.345 F400
G1 X328.754 Y-113.147 F400
G1 X333.642 Y-113.888 F400
G1 X338.646 Y-114.531 F400
G1 X346.598 Y-115.447 F400
G1 X354.230 Y-116.186 F400
G1 X359.885 Y-116.580 F400
G1 X363.926 Y-116.732 F400
G1 X367.299 Y-116.787 F400
G1 X370.563 Y-116.819 F400
G1 X373.882 Y-116.848 F400
G1 X377.254 Y-116.877 F400
G1 X380.615 Y-116.907 F400
G1 X383.859 Y-116.935 F400
G1 X386.834 Y-116.961 F400
G1 X389.387 Y-116.983 F400
G1 X392.994 Y-117.015 F400
G1 X395.858 Y-117.040 F400
G1 X397.329 Y-117.053 F400
G1 X397.825 Y-117.057 F400
G1 X397.933 Y-117.058 F400
G1 X397.947 Y-117.058 F400
G1 X397.948 Y-117.058 F400
G1 X397.948 Y-117.058 F400
G1 X397.948 Y-117.058 F400
G1 X397.948 Y-117.058 F400
G1 X397.948 Y-117.058 F400
G1 X397.948 Y-117.058 F400
G1 X397.948 Y-117.058 F400
G1 X397.948 Y-117.058 F400
G1 X397.948 Y-117.058 F400
G1 X397.948 Y-117.058 F400
G1 X397.948 Y-117.058 F400
G1 X397.948 Y-117.058 F400
G1 X397.948 Y-117.058 F400
G1 X397.948 Y-117.058 F400
G1 X397.948 Y-117.058 F400
G1 X397.948 Y-117.058 F400
G1 X397.948 Y-117.058 F400
; Pass 2/5 at Z-8.000
G0 Z5.000
G0 X256.332 Y-77.840
G1 Z-8.000 F400.0
G1 X258.212 Y-79.716 F400
G1 X261.197 Y-82.675 F400
G1 X264.093 Y-85.494 F400
G1 X266.324 Y-87.576 F400
G1 X268.061 Y-89.080 F400
G1 X269.683 Y-90.374 F400
G1 X271.425 Y-91.674 F400
G1 X273.383 Y-93.052 F400
G1 X275.593 Y-94.520 F400
G1 X278.074 Y-96.069 F400
G1 X280.828 Y-97.675 F400
G1 X283.837 Y-99.296 F400
G1 X287.061 Y-100.883 F400
G1 X292.350 Y-103.338 F400
G1 X297.688 Y-105.606 F400
G1 X301.993 Y-107.192 F400
G1 X305.457 Y-108.246 F400
G1 X308.682 Y-109.082 F400
G1 X312.057 Y-109.880 F400
G1 X315.729 Y-110.691 F400
G1 X319.741 Y-111.518 F400
G1 X324.095 Y-112.345 F400
G1 X328.754 Y-113.147 F400
G1 X333.642 Y-113.888 F400
G1 X338.646 Y-114.531 F400
G1 X346.598 Y-115.447 F400
G1 X354.230 Y-116.186 F400
G1 X359.885 Y-116.580 F400
G1 X363.926 Y-116.732 F400
G1 X367.299 Y-116.787 F400
G1 X370.563 Y-116.819 F400
G1 X373.882 Y-116.848 F400
G1 X377.254 Y-116.877 F400
G1 X380.615 Y-116.907 F400
G1 X383.859 Y-116.935 F400
G1 X386.834 Y-116.961 F400
G1 X389.387 Y-116.983 F400
G1 X392.994 Y-117.015 F400
G1 X395.858 Y-117.040 F400
G1 X397.329 Y-117.053 F400
G1 X397.825 Y-117.057 F400
G1 X397.933 Y-117.058 F400
G1 X397.947 Y-117.058 F400
G1 X397.948 Y-117.058 F400
G1 X397.948 Y-117.058 F400
G1 X397.948 Y-117.058 F400
G1 X397.948 Y-117.058 F400
G1 X397.948 Y-117.058 F400
G1 X397.948 Y-117.058 F400
G1 X397.948 Y-117.058 F400
G1 X397.948 Y-117.058 F400
G1 X397.948 Y-117.058 F400
G1 X397.948 Y-117.058 F400
G1 X397.948 Y-117.058 F400
G1 X397.948 Y-117.058 F400
G1 X397.948 Y-117.058 F400
G1 X397.948 Y-117.058 F400
G1 X397.948 Y-117.058 F400
G1 X397.948 Y-117.058 F400
G1 X397.948 Y-117.058 F400
; Pass 3/5 at Z-12.000
G0 Z5.000
G0 X256.332 Y-77.840
G1 Z-12.000 F400.0
G1 X258.212 Y-79.716 F400
G1 X261.197 Y-82.675 F400
G1 X264.093 Y-85.494 F400
G1 X266.324 Y-87.576 F400
G1 X268.061 Y-89.080 F400
G1 X269.683 Y-90.374 F400
G1 X271.425 Y-91.674 F400
G1 X273.383 Y-93.052 F400
G1 X275.593 Y-94.520 F400
G1 X278.074 Y-96.069 F400
G1 X280.828 Y-97.675 F400
G1 X283.837 Y-99.296 F400
G1 X287.061 Y-100.883 F400
G1 X292.350 Y-103.338 F400
G1 X297.688 Y-105.606 F400
G1 X301.993 Y-107.192 F400
G1 X305.457 Y-108.246 F400
G1 X308.682 Y-109.082 F400
G1 X312.057 Y-109.880 F400
G1 X315.729 Y-110.691 F400
G1 X319.741 Y-111.518 F400
G1 X324.095 Y-112.345 F400
G1 X328.754 Y-113.147 F400
G1 X333.642 Y-113.888 F400
G1 X338.646 Y-114.531 F400
G1 X346.598 Y-115.447 F400
G1 X354.230 Y-116.186 F400
G1 X359.885 Y-116.580 F400
G1 X363.926 Y-116.732 F400
G1 X367.299 Y-116.787 F400
G1 X370.563 Y-116.819 F400
G1 X373.882 Y-116.848 F400
G1 X377.254 Y-116.877 F400
G1 X380.615 Y-116.907 F400
G1 X383.859 Y-116.935 F400
G1 X386.834 Y-116.961 F400
G1 X389.387 Y-116.983 F400
G1 X392.994 Y-117.015 F400
G1 X395.858 Y-117.040 F400
G1 X397.329 Y-117.053 F400
G1 X397.825 Y-117.057 F400
G1 X397.933 Y-117.058 F400
G1 X397.947 Y-117.058 F400
G1 X397.948 Y-117.058 F400
G1 X397.948 Y-117.058 F400
G1 X397.948 Y-117.058 F400
G1 X397.948 Y-117.058 F400
G1 X397.948 Y-117.058 F400
G1 X397.948 Y-117.058 F400
G1 X397.948 Y-117.058 F400
G1 X397.948 Y-117.058 F400
G1 X397.948 Y-117.058 F400
G1 X397.948 Y-117.058 F400
G1 X397.948 Y-117.058 F400
G1 X397.948 Y-117.058 F400
G1 X397.948 Y-117.058 F400
G1 X397.948 Y-117.058 F400
G1 X397.948 Y-117.058 F400
G1 X397.948 Y-117.058 F400
G1 X397.948 Y-117.058 F400
; Pass 4/5 at Z-16.000
G0 Z5.000
G0 X256.332 Y-77.840
G1 Z-16.000 F400.0
G1 X258.212 Y-79.716 F400
G1 X261.197 Y-82.675 F400
G1 X264.093 Y-85.494 F400
G1 X266.324 Y-87.576 F400
G1 X268.061 Y-89.080 F400
G1 X269.683 Y-90.374 F400
G1 X271.425 Y-91.674 F400
G1 X273.383 Y-93.052 F400
G1 X275.593 Y-94.520 F400
G1 X278.074 Y-96.069 F400
G1 X280.828 Y-97.675 F400
G1 X283.837 Y-99.296 F400
G1 X287.061 Y-100.883 F400
G1 X292.350 Y-103.338 F400
G1 X297.688 Y-105.606 F400
G1 X301.993 Y-107.192 F400
G1 X305.457 Y-108.246 F400
G1 X308.682 Y-109.082 F400
G1 X312.057 Y-109.880 F400
G1 X315.729 Y-110.691 F400
G1 X319.741 Y-111.518 F400
G1 X324.095 Y-112.345 F400
G1 X328.754 Y-113.147 F400
G1 X333.642 Y-113.888 F400
G1 X338.646 Y-114.531 F400
G1 X346.598 Y-115.447 F400
G1 X354.230 Y-116.186 F400
G1 X359.885 Y-116.580 F400
G1 X363.926 Y-116.732 F400
G1 X367.299 Y-116.787 F400
G1 X370.563 Y-116.819 F400
G1 X373.882 Y-116.848 F400
G1 X377.254 Y-116.877 F400
G1 X380.615 Y-116.907 F400
G1 X383.859 Y-116.935 F400
G1 X386.834 Y-116.961 F400
G1 X389.387 Y-116.983 F400
G1 X392.994 Y-117.015 F400
G1 X395.858 Y-117.040 F400
G1 X397.329 Y-117.053 F400
G1 X397.825 Y-117.057 F400
G1 X397.933 Y-117.058 F400
G1 X397.947 Y-117.058 F400
G1 X397.948 Y-117.058 F400
G1 X397.948 Y-117.058 F400
G1 X397.948 Y-117.058 F400
G1 X397.948 Y-117.058 F400
G1 X397.948 Y-117.058 F400
G1 X397.948 Y-117.058 F400
G1 X397.948 Y-117.058 F400
G1 X397.948 Y-117.058 F400
G1 X397.948 Y-117.058 F400
G1 X397.948 Y-117.058 F400
G1 X397.948 Y-117.058 F400
G1 X397.948 Y-117.058 F400
G1 X397.948 Y-117.058 F400
G1 X397.948 Y-117.058 F400
G1 X397.948 Y-117.058 F400
G1 X397.948 Y-117.058 F400
G1 X397.948 Y-117.058 F400
; Pass 5/5 at Z-17.000
G0 Z5.000
G0 X256.332 Y-77.840
G1 Z-17.000 F400.0
G1 X258.212 Y-79.716 F400
G1 X261.197 Y-82.675 F400
G1 X264.093 Y-85.494 F400
G1 X266.324 Y-87.576 F400
G1 X268.061 Y-89.080 F400
G1 X269.683 Y-90.374 F400
G1 X271.425 Y-91.674 F400
G1 X273.383 Y-93.052 F400
G1 X275.593 Y-94.520 F400
G1 X278.074 Y-96.069 F400
G1 X280.828 Y-97.675 F400
G1 X283.837 Y-99.296 F400
G1 X287.061 Y-100.883 F400
G1 X292.350 Y-103.338 F400
G1 X297.688 Y-105.606 F400
G1 X301.993 Y-107.192 F400
G1 X305.457 Y-108.246 F400
G1 X308.682 Y-109.082 F400
G1 X312.057 Y-109.880 F400
G1 X315.729 Y-110.691 F400
G1 X319.741 Y-111.518 F400
G1 X324.095 Y-112.345 F400
G1 X328.754 Y-113.147 F400
G1 X333.642 Y-113.888 F400
G1 X338.646 Y-114.531 F400
G1 X346.598 Y-115.447 F400
G1 X354.230 Y-116.186 F400
G1 X359.885 Y-116.580 F400
G1 X363.926 Y-116.732 F400
G1 X367.299 Y-116.787 F400
G1 X370.563 Y-116.819 F400
G1 X373.882 Y-116.848 F400
G1 X377.254 Y-116.877 F400
G1 X380.615 Y-116.907 F400
G1 X383.859 Y-116.935 F400
G1 X386.834 Y-116.961 F400
G1 X389.387 Y-116.983 F400
G1 X392.994 Y-117.015 F400
G1 X395.858 Y-117.040 F400
G1 X397.329 Y-117.053 F400
G1 X397.825 Y-117.057 F400
G1 X397.933 Y-117.058 F400
G1 X397.947 Y-117.058 F400
G1 X397.948 Y-117.058 F400
G1 X397.948 Y-117.058 F400
G1 X397.948 Y-117.058 F400
G1 X397.948 Y-117.058 F400
G1 X397.948 Y-117.058 F400
G1 X397.948 Y-117.058 F400
G1 X397.948 Y-117.058 F400
G1 X397.948 Y-117.058 F400
G1 X397.948 Y-117.058 F400
G1 X397.948 Y-117.058 F400
G1 X397.948 Y-117.058 F400
G1 X397.948 Y-117.058 F400
G1 X397.948 Y-117.058 F400
G1 X397.948 Y-117.058 F400
G1 X397.948 Y-117.058 F400
G1 X397.948 Y-117.058 F400
G1 X397.948 Y-117.058 F400
; --- Shape: PATH ---
; Target Depth: 17mm, Steps: 5
; Pass 1/5 at Z-4.000
G0 Z5.000
G0 X539.564 Y-77.840
G1 Z-4.000 F400.0
G1 X537.684 Y-79.716 F400
G1 X534.699 Y-82.675 F400
G1 X531.803 Y-85.494 F400
G1 X529.572 Y-87.576 F400
G1 X527.835 Y-89.080 F400
G1 X526.213 Y-90.374 F400
G1 X524.471 Y-91.674 F400
G1 X522.513 Y-93.052 F400
G1 X520.303 Y-94.520 F400
G1 X517.822 Y-96.069 F400
G1 X515.068 Y-97.675 F400
G1 X512.059 Y-99.296 F400
G1 X508.835 Y-100.883 F400
G1 X503.546 Y-103.338 F400
G1 X498.208 Y-105.606 F400
G1 X493.903 Y-107.192 F400
G1 X490.439 Y-108.246 F400
G1 X487.214 Y-109.082 F400
G1 X483.839 Y-109.880 F400
G1 X480.167 Y-110.691 F400
G1 X476.155 Y-111.518 F400
G1 X471.801 Y-112.345 F400
G1 X467.142 Y-113.147 F400
G1 X462.254 Y-113.888 F400
G1 X457.250 Y-114.531 F400
G1 X449.298 Y-115.447 F400
G1 X441.666 Y-116.186 F400
G1 X436.012 Y-116.580 F400
G1 X431.971 Y-116.732 F400
G1 X428.597 Y-116.787 F400
G1 X425.333 Y-116.819 F400
G1 X422.014 Y-116.848 F400
G1 X418.642 Y-116.877 F400
G1 X415.281 Y-116.907 F400
G1 X412.037 Y-116.935 F400
G1 X409.062 Y-116.961 F400
G1 X406.509 Y-116.983 F400
G1 X402.902 Y-117.015 F400
G1 X400.038 Y-117.040 F400
G1 X398.567 Y-117.053 F400
G1 X398.071 Y-117.057 F400
G1 X397.963 Y-117.058 F400
G1 X397.949 Y-117.058 F400
G1 X397.948 Y-117.058 F400
G1 X397.948 Y-117.058 F400
G1 X397.948 Y-117.058 F400
G1 X397.948 Y-117.058 F400
G1 X397.948 Y-117.058 F400
G1 X397.948 Y-117.058 F400
G1 X397.948 Y-117.058 F400
G1 X397.948 Y-117.058 F400
G1 X397.948 Y-117.058 F400
G1 X397.948 Y-117.058 F400
G1 X397.948 Y-117.058 F400
G1 X397.948 Y-117.058 F400
G1 X397.948 Y-117.058 F400
G1 X397.948 Y-117.058 F400
G1 X397.948 Y-117.058 F400
G1 X397.948 Y-117.058 F400
G1 X397.948 Y-117.058 F400
; Pass 2/5 at Z-8.000
G0 Z5.000
G0 X539.564 Y-77.840
G1 Z-8.000 F400.0
G1 X537.684 Y-79.716 F400
G1 X534.699 Y-82.675 F400
G1 X531.803 Y-85.494 F400
G1 X529.572 Y-87.576 F400
G1 X527.835 Y-89.080 F400
G1 X526.213 Y-90.374 F400
G1 X524.471 Y-91.674 F400
G1 X522.513 Y-93.052 F400
G1 X520.303 Y-94.520 F400
G1 X517.822 Y-96.069 F400
G1 X515.068 Y-97.675 F400
G1 X512.059 Y-99.296 F400
G1 X508.835 Y-100.883 F400
G1 X503.546 Y-103.338 F400
G1 X498.208 Y-105.606 F400
G1 X493.903 Y-107.192 F400
G1 X490.439 Y-108.246 F400
G1 X487.214 Y-109.082 F400
G1 X483.839 Y-109.880 F400
G1 X480.167 Y-110.691 F400
G1 X476.155 Y-111.518 F400
G1 X471.801 Y-112.345 F400
G1 X467.142 Y-113.147 F400
G1 X462.254 Y-113.888 F400
G1 X457.250 Y-114.531 F400
G1 X449.298 Y-115.447 F400
G1 X441.666 Y-116.186 F400
G1 X436.012 Y-116.580 F400
G1 X431.971 Y-116.732 F400
G1 X428.597 Y-116.787 F400
G1 X425.333 Y-116.819 F400
G1 X422.014 Y-116.848 F400
G1 X418.642 Y-116.877 F400
G1 X415.281 Y-116.907 F400
G1 X412.037 Y-116.935 F400
G1 X409.062 Y-116.961 F400
G1 X406.509 Y-116.983 F400
G1 X402.902 Y-117.015 F400
G1 X400.038 Y-117.040 F400
G1 X398.567 Y-117.053 F400
G1 X398.071 Y-117.057 F400
G1 X397.963 Y-117.058 F400
G1 X397.949 Y-117.058 F400
G1 X397.948 Y-117.058 F400
G1 X397.948 Y-117.058 F400
G1 X397.948 Y-117.058 F400
G1 X397.948 Y-117.058 F400
G1 X397.948 Y-117.058 F400
G1 X397.948 Y-117.058 F400
G1 X397.948 Y-117.058 F400
G1 X397.948 Y-117.058 F400
G1 X397.948 Y-117.058 F400
G1 X397.948 Y-117.058 F400
G1 X397.948 Y-117.058 F400
G1 X397.948 Y-117.058 F400
G1 X397.948 Y-117.058 F400
G1 X397.948 Y-117.058 F400
G1 X397.948 Y-117.058 F400
G1 X397.948 Y-117.058 F400
G1 X397.948 Y-117.058 F400
; Pass 3/5 at Z-12.000
G0 Z5.000
G0 X539.564 Y-77.840
G1 Z-12.000 F400.0
G1 X537.684 Y-79.716 F400
G1 X534.699 Y-82.675 F400
G1 X531.803 Y-85.494 F400
G1 X529.572 Y-87.576 F400
G1 X527.835 Y-89.080 F400
G1 X526.213 Y-90.374 F400
G1 X524.471 Y-91.674 F400
G1 X522.513 Y-93.052 F400
G1 X520.303 Y-94.520 F400
G1 X517.822 Y-96.069 F400
G1 X515.068 Y-97.675 F400
G1 X512.059 Y-99.296 F400
G1 X508.835 Y-100.883 F400
G1 X503.546 Y-103.338 F400
G1 X498.208 Y-105.606 F400
G1 X493.903 Y-107.192 F400
G1 X490.439 Y-108.246 F400
G1 X487.214 Y-109.082 F400
G1 X483.839 Y-109.880 F400
G1 X480.167 Y-110.691 F400
G1 X476.155 Y-111.518 F400
G1 X471.801 Y-112.345 F400
G1 X467.142 Y-113.147 F400
G1 X462.254 Y-113.888 F400
G1 X457.250 Y-114.531 F400
G1 X449.298 Y-115.447 F400
G1 X441.666 Y-116.186 F400
G1 X436.012 Y-116.580 F400
G1 X431.971 Y-116.732 F400
G1 X428.597 Y-116.787 F400
G1 X425.333 Y-116.819 F400
G1 X422.014 Y-116.848 F400
G1 X418.642 Y-116.877 F400
G1 X415.281 Y-116.907 F400
G1 X412.037 Y-116.935 F400
G1 X409.062 Y-116.961 F400
G1 X406.509 Y-116.983 F400
G1 X402.902 Y-117.015 F400
G1 X400.038 Y-117.040 F400
G1 X398.567 Y-117.053 F400
G1 X398.071 Y-117.057 F400
G1 X397.963 Y-117.058 F400
G1 X397.949 Y-117.058 F400
G1 X397.948 Y-117.058 F400
G1 X397.948 Y-117.058 F400
G1 X397.948 Y-117.058 F400
G1 X397.948 Y-117.058 F400
G1 X397.948 Y-117.058 F400
G1 X397.948 Y-117.058 F400
G1 X397.948 Y-117.058 F400
G1 X397.948 Y-117.058 F400
G1 X397.948 Y-117.058 F400
G1 X397.948 Y-117.058 F400
G1 X397.948 Y-117.058 F400
G1 X397.948 Y-117.058 F400
G1 X397.948 Y-117.058 F400
G1 X397.948 Y-117.058 F400
G1 X397.948 Y-117.058 F400
G1 X397.948 Y-117.058 F400
G1 X397.948 Y-117.058 F400
; Pass 4/5 at Z-16.000
G0 Z5.000
G0 X539.564 Y-77.840
G1 Z-16.000 F400.0
G1 X537.684 Y-79.716 F400
G1 X534.699 Y-82.675 F400
G1 X531.803 Y-85.494 F400
G1 X529.572 Y-87.576 F400
G1 X527.835 Y-89.080 F400
G1 X526.213 Y-90.374 F400
G1 X524.471 Y-91.674 F400
G1 X522.513 Y-93.052 F400
G1 X520.303 Y-94.520 F400
G1 X517.822 Y-96.069 F400
G1 X515.068 Y-97.675 F400
G1 X512.059 Y-99.296 F400
G1 X508.835 Y-100.883 F400
G1 X503.546 Y-103.338 F400
G1 X498.208 Y-105.606 F400
G1 X493.903 Y-107.192 F400
G1 X490.439 Y-108.246 F400
G1 X487.214 Y-109.082 F400
G1 X483.839 Y-109.880 F400
G1 X480.167 Y-110.691 F400
G1 X476.155 Y-111.518 F400
G1 X471.801 Y-112.345 F400
G1 X467.142 Y-113.147 F400
G1 X462.254 Y-113.888 F400
G1 X457.250 Y-114.531 F400
G1 X449.298 Y-115.447 F400
G1 X441.666 Y-116.186 F400
G1 X436.012 Y-116.580 F400
G1 X431.971 Y-116.732 F400
G1 X428.597 Y-116.787 F400
G1 X425.333 Y-116.819 F400
G1 X422.014 Y-116.848 F400
G1 X418.642 Y-116.877 F400
G1 X415.281 Y-116.907 F400
G1 X412.037 Y-116.935 F400
G1 X409.062 Y-116.961 F400
G1 X406.509 Y-116.983 F400
G1 X402.902 Y-117.015 F400
G1 X400.038 Y-117.040 F400
G1 X398.567 Y-117.053 F400
G1 X398.071 Y-117.057 F400
G1 X397.963 Y-117.058 F400
G1 X397.949 Y-117.058 F400
G1 X397.948 Y-117.058 F400
G1 X397.948 Y-117.058 F400
G1 X397.948 Y-117.058 F400
G1 X397.948 Y-117.058 F400
G1 X397.948 Y-117.058 F400
G1 X397.948 Y-117.058 F400
G1 X397.948 Y-117.058 F400
G1 X397.948 Y-117.058 F400
G1 X397.948 Y-117.058 F400
G1 X397.948 Y-117.058 F400
G1 X397.948 Y-117.058 F400
G1 X397.948 Y-117.058 F400
G1 X397.948 Y-117.058 F400
G1 X397.948 Y-117.058 F400
G1 X397.948 Y-117.058 F400
G1 X397.948 Y-117.058 F400
G1 X397.948 Y-117.058 F400
; Pass 5/5 at Z-17.000
G0 Z5.000
G0 X539.564 Y-77.840
G1 Z-17.000 F400.0
G1 X537.684 Y-79.716 F400
G1 X534.699 Y-82.675 F400
G1 X531.803 Y-85.494 F400
G1 X529.572 Y-87.576 F400
G1 X527.835 Y-89.080 F400
G1 X526.213 Y-90.374 F400
G1 X524.471 Y-91.674 F400
G1 X522.513 Y-93.052 F400
G1 X520.303 Y-94.520 F400
G1 X517.822 Y-96.069 F400
G1 X515.068 Y-97.675 F400
G1 X512.059 Y-99.296 F400
G1 X508.835 Y-100.883 F400
G1 X503.546 Y-103.338 F400
G1 X498.208 Y-105.606 F400
G1 X493.903 Y-107.192 F400
G1 X490.439 Y-108.246 F400
G1 X487.214 Y-109.082 F400
G1 X483.839 Y-109.880 F400
G1 X480.167 Y-110.691 F400
G1 X476.155 Y-111.518 F400
G1 X471.801 Y-112.345 F400
G1 X467.142 Y-113.147 F400
G1 X462.254 Y-113.888 F400
G1 X457.250 Y-114.531 F400
G1 X449.298 Y-115.447 F400
G1 X441.666 Y-116.186 F400
G1 X436.012 Y-116.580 F400
G1 X431.971 Y-116.732 F400
G1 X428.597 Y-116.787 F400
G1 X425.333 Y-116.819 F400
G1 X422.014 Y-116.848 F400
G1 X418.642 Y-116.877 F400
G1 X415.281 Y-116.907 F400
G1 X412.037 Y-116.935 F400
G1 X409.062 Y-116.961 F400
G1 X406.509 Y-116.983 F400
G1 X402.902 Y-117.015 F400
G1 X400.038 Y-117.040 F400
G1 X398.567 Y-117.053 F400
G1 X398.071 Y-117.057 F400
G1 X397.963 Y-117.058 F400
G1 X397.949 Y-117.058 F400
G1 X397.948 Y-117.058 F400
G1 X397.948 Y-117.058 F400
G1 X397.948 Y-117.058 F400
G1 X397.948 Y-117.058 F400
G1 X397.948 Y-117.058 F400
G1 X397.948 Y-117.058 F400
G1 X397.948 Y-117.058 F400
G1 X397.948 Y-117.058 F400
G1 X397.948 Y-117.058 F400
G1 X397.948 Y-117.058 F400
G1 X397.948 Y-117.058 F400
G1 X397.948 Y-117.058 F400
G1 X397.948 Y-117.058 F400
G1 X397.948 Y-117.058 F400
G1 X397.948 Y-117.058 F400
G1 X397.948 Y-117.058 F400
G1 X397.948 Y-117.058 F400
G0 Z5.000

M5
G0 X0 Y0
M30
